Tenure,WarehouseToHome,NumberOfDeviceRegistered,PreferedOrderCat,SatisfactionScore,MaritalStatus,NumberOfAddress,Complain,DaySinceLastOrder,CashbackAmount,Churn,TenureGroup,WarehouseDistanceCat,RecencyStatus,Tenure_Days,Churn_Score,Churn_Risk_Level,Tenure_Bucket
15.0,29.0,4,Laptop & Accessory,3,Single,2,0,7.0,143.32,0,6-24 Months (Regular),Far,Active,450.0,0.0,Low Risk (<30%),12+ Months (Loyal)
7.0,25.0,4,Mobile Phone,1,Married,2,0,7.0,129.29,0,6-24 Months (Regular),Far,Active,210.0,0.0,Low Risk (<30%),7-12 Months (Moderate)
27.0,13.0,3,Laptop & Accessory,1,Married,5,0,7.0,168.54,0,24+ Months (Loyal),Moderate,Active,810.0,0.0,Low Risk (<30%),12+ Months (Loyal)
20.0,25.0,4,Fashion,3,Divorced,7,0,3.0,230.27,0,6-24 Months (Regular),Far,Active,600.0,0.0,Low Risk (<30%),12+ Months (Loyal)
30.0,15.0,4,Others,4,Single,8,0,8.0,322.17,0,24+ Months (Loyal),Moderate,Active,900.0,0.0,Low Risk (<30%),12+ Months (Loyal)
7.0,16.0,4,Mobile Phone,2,Divorced,2,0,11.0,152.81,0,6-24 Months (Regular),Moderate,Active,210.0,0.0,Low Risk (<30%),7-12 Months (Moderate)
1.0,15.0,6,Mobile Phone,5,Divorced,3,0,2.0,149.51,0,0-6 Months (New),Moderate,Active,30.0,0.11,Low Risk (<30%),0-3 Months (High Risk)
1.0,11.0,4,Mobile Phone,5,Single,3,0,1.0,154.73,1,0-6 Months (New),Moderate,Active,30.0,0.8,High Risk (>70%),0-3 Months (High Risk)
11.0,12.0,4,Mobile Phone,3,Married,2,0,4.0,137.02,0,6-24 Months (Regular),Moderate,Active,330.0,0.0,Low Risk (<30%),7-12 Months (Moderate)
17.0,7.0,3,Laptop & Accessory,1,Married,5,1,2.0,157.43,0,6-24 Months (Regular),Near,Active,510.0,0.0,Low Risk (<30%),12+ Months (Loyal)
6.0,26.0,6,Fashion,3,Married,5,0,3.0,221.1,0,0-6 Months (New),Far,Active,180.0,0.01,Low Risk (<30%),4-6 Months (Mid-High)
16.0,20.0,2,Laptop & Accessory,5,Married,7,0,1.0,180.38,0,6-24 Months (Regular),Moderate,Active,480.0,0.0,Low Risk (<30%),12+ Months (Loyal)
1.0,7.0,4,Mobile Phone,3,Divorced,5,0,3.0,154.09,1,0-6 Months (New),Near,Active,30.0,0.9,High Risk (>70%),0-3 Months (High Risk)
1.0,7.0,5,Fashion,3,Divorced,7,0,3.0,231.089999999999,1,0-6 Months (New),Near,Active,30.0,1.0,High Risk (>70%),0-3 Months (High Risk)
6.0,14.0,3,Laptop & Accessory,5,Married,3,0,2.0,163.92,0,0-6 Months (New),Moderate,Active,180.0,0.0,Low Risk (<30%),4-6 Months (Mid-High)
10.0,8.0,4,Laptop & Accessory,3,Single,8,0,1.0,193.15,0,6-24 Months (Regular),Near,Active,300.0,0.0,Low Risk (<30%),7-12 Months (Moderate)
9.0,21.0,5,Mobile Phone,1,Married,1,1,3.0,121.68,0,6-24 Months (Regular),Far,Active,270.0,0.13,Low Risk (<30%),7-12 Months (Moderate)
8.0,22.0,4,Fashion,2,Divorced,3,0,6.0,204.78,1,6-24 Months (Regular),Far,Active,240.0,0.97,High Risk (>70%),7-12 Months (Moderate)
19.0,27.0,4,Grocery,1,Married,2,1,11.0,259.96,0,6-24 Months (Regular),Far,Active,570.0,0.06,Low Risk (<30%),12+ Months (Loyal)
0.0,18.0,1,Mobile Phone,4,Single,2,0,0.0,127.16,1,0-6 Months (New),Moderate,Active,0.0,0.8,High Risk (>70%),0-3 Months (High Risk)
1.0,33.0,5,Laptop & Accessory,5,Single,7,0,2.0,191.96,1,0-6 Months (New),Far,Active,30.0,0.84,High Risk (>70%),0-3 Months (High Risk)
3.0,22.0,3,Laptop & Accessory,3,Married,9,0,2.0,153.01,0,0-6 Months (New),Far,Active,90.0,0.0,Low Risk (<30%),0-3 Months (High Risk)
30.0,9.0,1,Mobile Phone,5,Married,5,1,0.0,126.699999999999,0,24+ Months (Loyal),Near,Active,900.0,0.06,Low Risk (<30%),12+ Months (Loyal)
5.0,14.0,3,Fashion,1,Single,2,0,7.0,189.98,0,0-6 Months (New),Moderate,Active,150.0,0.14,Low Risk (<30%),4-6 Months (Mid-High)
9.0,12.0,4,Fashion,4,Single,2,0,14.0,205.95,0,6-24 Months (Regular),Moderate,Active,270.0,0.02,Low Risk (<30%),7-12 Months (Moderate)
18.0,26.0,3,Laptop & Accessory,3,Single,9,0,1.0,148.5,0,6-24 Months (Regular),Far,Active,540.0,0.0,Low Risk (<30%),12+ Months (Loyal)
16.0,17.0,3,Fashion,3,Married,2,0,9.0,175.1,0,6-24 Months (Regular),Moderate,Active,480.0,0.0,Low Risk (<30%),12+ Months (Loyal)
0.0,14.0,1,Mobile Phone,3,Single,4,1,3.0,124.32,1,0-6 Months (New),Moderate,Active,0.0,0.68,Medium Risk (30-70%),0-3 Months (High Risk)
7.0,6.0,4,Fashion,5,Married,10,0,6.0,204.82,1,6-24 Months (Regular),Near,Active,210.0,0.97,High Risk (>70%),7-12 Months (Moderate)
1.0,17.0,5,Fashion,5,Married,11,0,3.0,228.06,1,0-6 Months (New),Moderate,Active,30.0,0.99,High Risk (>70%),0-3 Months (High Risk)
12.0,6.0,1,Fashion,1,Married,1,0,7.0,196.13,0,6-24 Months (Regular),Near,Active,360.0,0.01,Low Risk (<30%),7-12 Months (Moderate)
30.0,11.0,4,Fashion,4,Married,3,1,4.0,205.52,0,24+ Months (Loyal),Moderate,Active,900.0,0.0,Low Risk (<30%),12+ Months (Loyal)
11.0,17.0,2,Fashion,1,Married,3,1,9.0,262.44,0,6-24 Months (Regular),Moderate,Active,330.0,0.08,Low Risk (<30%),7-12 Months (Moderate)
0.0,14.0,4,Mobile Phone,4,Divorced,6,0,1.0,125.46,1,0-6 Months (New),Moderate,Active,0.0,0.77,High Risk (>70%),0-3 Months (High Risk)
0.0,14.0,4,Mobile Phone,1,Married,6,0,3.0,123.669999999999,1,0-6 Months (New),Moderate,Active,0.0,0.63,Medium Risk (30-70%),0-3 Months (High Risk)
0.0,14.0,3,Mobile Phone,5,Married,4,0,0.0,123.22,0,0-6 Months (New),Moderate,Active,0.0,0.09,Low Risk (<30%),0-3 Months (High Risk)
24.0,31.0,4,Grocery,3,Married,5,1,6.0,264.73,0,6-24 Months (Regular),Far,Active,720.0,0.0,Low Risk (<30%),12+ Months (Loyal)
9.0,6.0,4,Mobile Phone,5,Married,2,0,2.0,122.18,0,6-24 Months (Regular),Near,Active,270.0,0.0,Low Risk (<30%),7-12 Months (Moderate)
0.0,9.0,3,Laptop & Accessory,5,Divorced,2,1,3.0,141.94,0,0-6 Months (New),Near,Active,0.0,0.0,Low Risk (<30%),0-3 Months (High Risk)
1.0,7.0,4,Mobile Phone,1,Married,11,1,3.0,172.87,1,0-6 Months (New),Near,Active,30.0,0.99,High Risk (>70%),0-3 Months (High Risk)
4.0,18.0,3,Mobile Phone,1,Married,9,1,2.0,139.29,0,0-6 Months (New),Moderate,Active,120.0,0.01,Low Risk (<30%),4-6 Months (Mid-High)
18.0,7.0,4,Fashion,3,Married,4,0,4.0,207.48,0,6-24 Months (Regular),Near,Active,540.0,0.05,Low Risk (<30%),12+ Months (Loyal)
15.0,7.0,2,Fashion,5,Married,3,0,8.0,208.92,0,6-24 Months (Regular),Near,Active,450.0,0.0,Low Risk (<30%),12+ Months (Loyal)
17.0,21.0,4,Grocery,5,Married,8,0,1.0,296.59,0,6-24 Months (Regular),Far,Active,510.0,0.0,Low Risk (<30%),12+ Months (Loyal)
9.0,7.0,4,Mobile Phone,3,Married,2,0,0.0,120.08,0,6-24 Months (Regular),Near,Active,270.0,0.12,Low Risk (<30%),7-12 Months (Moderate)
4.0,15.0,4,Fashion,3,Married,7,0,8.0,197.64,0,0-6 Months (New),Moderate,Active,120.0,0.02,Low Risk (<30%),4-6 Months (Mid-High)
5.0,9.0,4,Mobile Phone,1,Married,2,1,3.0,151.95,0,0-6 Months (New),Near,Active,150.0,0.05,Low Risk (<30%),4-6 Months (Mid-High)
11.0,17.0,2,Mobile Phone,1,Single,5,0,1.0,171.8,0,6-24 Months (Regular),Moderate,Active,330.0,0.0,Low Risk (<30%),7-12 Months (Moderate)
24.0,6.0,4,Fashion,5,Single,4,0,8.0,174.84,0,6-24 Months (Regular),Near,Active,720.0,0.0,Low Risk (<30%),12+ Months (Loyal)
0.0,6.0,3,Laptop & Accessory,3,Divorced,2,0,7.0,152.96,0,0-6 Months (New),Near,Active,0.0,0.03,Low Risk (<30%),0-3 Months (High Risk)
3.0,6.0,3,Laptop & Accessory,1,Single,2,0,7.0,140.11,0,0-6 Months (New),Near,Active,90.0,0.0,Low Risk (<30%),0-3 Months (High Risk)
61.0,28.0,4,Grocery,1,Married,6,1,1.0,303.75,0,24+ Months (Loyal),Far,Active,1830.0,0.0,Low Risk (<30%),12+ Months (Loyal)
16.0,9.0,4,Fashion,1,Married,4,1,3.0,226.24,0,6-24 Months (Regular),Near,Active,480.0,0.14,Low Risk (<30%),12+ Months (Loyal)
25.0,10.0,3,Grocery,2,Divorced,3,0,4.0,265.55,0,24+ Months (Loyal),Near,Active,750.0,0.0,Low Risk (<30%),12+ Months (Loyal)
9.0,22.0,4,Laptop & Accessory,5,Married,5,0,2.0,156.47,0,6-24 Months (Regular),Far,Active,270.0,0.0,Low Risk (<30%),7-12 Months (Moderate)
8.0,8.0,4,Laptop & Accessory,1,Married,11,0,2.0,179.84,0,6-24 Months (Regular),Near,Active,240.0,0.0,Low Risk (<30%),7-12 Months (Moderate)
8.0,33.0,5,Mobile Phone,3,Married,3,0,1.0,145.29,0,6-24 Months (Regular),Far,Active,240.0,0.03,Low Risk (<30%),7-12 Months (Moderate)
0.0,14.0,4,Mobile Phone,4,Married,2,0,3.0,123.68,0,0-6 Months (New),Moderate,Active,0.0,0.27,Low Risk (<30%),0-3 Months (High Risk)
17.0,19.0,5,Grocery,4,Married,3,0,10.0,268.36,0,6-24 Months (Regular),Moderate,Active,510.0,0.02,Low Risk (<30%),12+ Months (Loyal)
8.0,26.0,5,Mobile Phone,1,Married,3,0,8.0,154.29,0,6-24 Months (Regular),Far,Active,240.0,0.0,Low Risk (<30%),7-12 Months (Moderate)
3.0,14.0,3,Mobile Phone,1,Single,1,0,7.0,125.639999999999,0,0-6 Months (New),Moderate,Active,90.0,0.0,Low Risk (<30%),0-3 Months (High Risk)
0.0,8.0,3,Laptop & Accessory,3,Single,2,1,4.0,144.78,0,0-6 Months (New),Near,Active,0.0,0.15,Low Risk (<30%),0-3 Months (High Risk)
4.0,32.0,3,Mobile Phone,3,Married,2,0,3.0,129.11,0,0-6 Months (New),Far,Active,120.0,0.0,Low Risk (<30%),4-6 Months (Mid-High)
1.0,10.0,4,Mobile Phone,5,Married,7,0,3.0,165.31,1,0-6 Months (New),Near,Active,30.0,0.67,Medium Risk (30-70%),0-3 Months (High Risk)
1.0,16.0,4,Mobile Phone,1,Single,3,0,1.0,135.81,1,0-6 Months (New),Moderate,Active,30.0,0.68,Medium Risk (30-70%),0-3 Months (High Risk)
1.0,31.0,6,Mobile Phone,1,Single,3,1,1.0,148.4,1,0-6 Months (New),Far,Active,30.0,1.0,High Risk (>70%),0-3 Months (High Risk)
0.0,16.0,3,Laptop & Accessory,2,Single,1,0,1.0,149.5,0,0-6 Months (New),Moderate,Active,0.0,0.35,Medium Risk (30-70%),0-3 Months (High Risk)
1.0,16.0,3,Laptop & Accessory,3,Single,4,0,7.0,136.6,0,0-6 Months (New),Moderate,Active,30.0,0.1,Low Risk (<30%),0-3 Months (High Risk)
13.0,21.0,4,Fashion,3,Married,2,0,12.0,204.35,0,6-24 Months (Regular),Far,Active,390.0,0.03,Low Risk (<30%),12+ Months (Loyal)
5.0,12.0,4,Laptop & Accessory,3,Married,3,0,3.0,208.46,0,0-6 Months (New),Moderate,Active,150.0,0.06,Low Risk (<30%),4-6 Months (Mid-High)
0.0,14.0,3,Mobile Phone,3,Married,2,0,3.0,125.169999999999,0,0-6 Months (New),Moderate,Active,0.0,0.13,Low Risk (<30%),0-3 Months (High Risk)
15.0,13.0,4,Fashion,3,Single,3,0,3.0,217.41,0,6-24 Months (Regular),Moderate,Active,450.0,0.01,Low Risk (<30%),12+ Months (Loyal)
24.0,14.0,4,Fashion,4,Divorced,6,0,3.0,224.899999999999,0,6-24 Months (Regular),Moderate,Active,720.0,0.0,Low Risk (<30%),12+ Months (Loyal)
8.0,16.0,5,Fashion,4,Single,3,0,3.0,211.21,0,6-24 Months (Regular),Moderate,Active,240.0,0.04,Low Risk (<30%),7-12 Months (Moderate)
14.0,14.0,3,Laptop & Accessory,4,Married,6,0,4.0,143.93,0,6-24 Months (Regular),Moderate,Active,420.0,0.01,Low Risk (<30%),12+ Months (Loyal)
5.0,15.0,5,Laptop & Accessory,1,Married,1,0,7.0,146.68,0,0-6 Months (New),Moderate,Active,150.0,0.0,Low Risk (<30%),4-6 Months (Mid-High)
9.0,11.0,4,Laptop & Accessory,3,Single,3,1,2.0,167.49,0,6-24 Months (Regular),Moderate,Active,270.0,0.01,Low Risk (<30%),7-12 Months (Moderate)
1.0,31.0,4,Mobile Phone,2,Divorced,2,0,2.0,149.0,0,0-6 Months (New),Far,Active,30.0,0.07,Low Risk (<30%),0-3 Months (High Risk)
0.0,6.0,3,Laptop & Accessory,4,Divorced,1,1,4.0,163.49,0,0-6 Months (New),Near,Active,0.0,0.09,Low Risk (<30%),0-3 Months (High Risk)
7.0,8.0,3,Laptop & Accessory,5,Single,1,1,2.0,145.38,0,6-24 Months (Regular),Near,Active,210.0,0.01,Low Risk (<30%),7-12 Months (Moderate)
6.0,12.0,4,Laptop & Accessory,4,Married,3,0,4.0,190.24,0,0-6 Months (New),Moderate,Active,180.0,0.0,Low Risk (<30%),4-6 Months (Mid-High)
1.0,10.0,4,Mobile Phone,1,Single,3,1,1.0,140.69,1,0-6 Months (New),Near,Active,30.0,0.97,High Risk (>70%),0-3 Months (High Risk)
9.0,18.0,4,Fashion,2,Single,1,0,8.0,188.58,0,6-24 Months (Regular),Moderate,Active,270.0,0.0,Low Risk (<30%),7-12 Months (Moderate)
8.0,11.0,4,Fashion,1,Married,4,1,3.0,222.13,0,6-24 Months (Regular),Moderate,Active,240.0,0.01,Low Risk (<30%),7-12 Months (Moderate)
9.0,6.0,3,Mobile Phone,1,Married,4,0,2.0,122.699999999999,0,6-24 Months (Regular),Near,Active,270.0,0.0,Low Risk (<30%),7-12 Months (Moderate)
11.0,22.0,3,Laptop & Accessory,4,Single,3,0,2.0,141.98,0,6-24 Months (Regular),Far,Active,330.0,0.0,Low Risk (<30%),7-12 Months (Moderate)
4.0,10.0,4,Mobile Phone,1,Married,6,0,5.0,145.97,0,0-6 Months (New),Near,Active,120.0,0.0,Low Risk (<30%),4-6 Months (Mid-High)
25.0,10.0,4,Grocery,4,Single,5,0,1.0,262.34,0,24+ Months (Loyal),Near,Active,750.0,0.0,Low Risk (<30%),12+ Months (Loyal)
2.0,19.0,4,Laptop & Accessory,4,Married,5,1,3.0,140.25,0,0-6 Months (New),Moderate,Active,60.0,0.05,Low Risk (<30%),0-3 Months (High Risk)
30.0,6.0,3,Fashion,2,Divorced,4,1,3.0,219.04,0,24+ Months (Loyal),Near,Active,900.0,0.01,Low Risk (<30%),12+ Months (Loyal)
18.0,10.0,5,Fashion,3,Married,5,0,3.0,197.56,0,6-24 Months (Regular),Near,Active,540.0,0.01,Low Risk (<30%),12+ Months (Loyal)
19.0,32.0,4,Laptop & Accessory,4,Single,9,0,2.0,179.91,0,6-24 Months (Regular),Far,Active,570.0,0.0,Low Risk (<30%),12+ Months (Loyal)
9.0,15.0,3,Mobile Phone,1,Married,4,0,3.0,120.75,0,6-24 Months (Regular),Moderate,Active,270.0,0.0,Low Risk (<30%),7-12 Months (Moderate)
8.0,23.0,3,Laptop & Accessory,5,Married,4,1,7.0,189.66,0,6-24 Months (Regular),Far,Active,240.0,0.02,Low Risk (<30%),7-12 Months (Moderate)
0.0,30.0,1,Mobile Phone,5,Single,2,0,0.0,110.91,1,0-6 Months (New),Far,Active,0.0,0.82,High Risk (>70%),0-3 Months (High Risk)
8.0,32.0,3,Fashion,1,Single,2,1,7.0,188.37,0,6-24 Months (Regular),Far,Active,240.0,0.01,Low Risk (<30%),7-12 Months (Moderate)
4.0,15.0,2,Fashion,5,Married,2,1,8.0,239.16,0,0-6 Months (New),Moderate,Active,120.0,0.05,Low Risk (<30%),4-6 Months (Mid-High)
0.0,35.0,4,Laptop & Accessory,3,Single,2,0,8.0,145.08,1,0-6 Months (New),Far,Active,0.0,0.69,Medium Risk (30-70%),0-3 Months (High Risk)
2.0,23.0,4,Fashion,5,Single,2,0,9.0,179.88,0,0-6 Months (New),Far,Active,60.0,0.0,Low Risk (<30%),0-3 Months (High Risk)
4.0,8.0,5,Mobile Phone,1,Married,5,1,0.0,127.78,1,0-6 Months (New),Near,Active,120.0,0.88,High Risk (>70%),4-6 Months (Mid-High)
19.0,21.0,3,Others,4,Married,6,0,3.0,290.81,0,6-24 Months (Regular),Far,Active,570.0,0.0,Low Risk (<30%),12+ Months (Loyal)
19.0,14.0,3,Mobile Phone,3,Married,9,0,8.0,123.389999999999,1,6-24 Months (Regular),Moderate,Active,570.0,0.7,High Risk (>70%),12+ Months (Loyal)
14.0,7.0,6,Laptop & Accessory,1,Married,4,1,3.0,199.57,0,6-24 Months (Regular),Near,Active,420.0,0.02,Low Risk (<30%),12+ Months (Loyal)
15.0,9.0,4,Grocery,5,Divorced,9,0,9.0,290.95,0,6-24 Months (Regular),Near,Active,450.0,0.0,Low Risk (<30%),12+ Months (Loyal)
5.0,11.0,3,Laptop & Accessory,4,Married,2,0,3.0,165.24,0,0-6 Months (New),Moderate,Active,150.0,0.0,Low Risk (<30%),4-6 Months (Mid-High)
1.0,14.0,2,Mobile Phone,5,Single,2,0,8.0,160.78,0,0-6 Months (New),Moderate,Active,30.0,0.0,Low Risk (<30%),0-3 Months (High Risk)
8.0,14.0,3,Mobile Phone,3,Married,2,0,0.0,124.039999999999,0,6-24 Months (Regular),Moderate,Active,240.0,0.03,Low Risk (<30%),7-12 Months (Moderate)
21.0,11.0,4,Laptop & Accessory,3,Single,5,0,1.0,154.76,0,6-24 Months (Regular),Moderate,Active,630.0,0.1,Low Risk (<30%),12+ Months (Loyal)
1.0,7.0,5,Mobile Phone,3,Married,8,1,3.0,153.0,1,0-6 Months (New),Near,Active,30.0,0.83,High Risk (>70%),0-3 Months (High Risk)
24.0,12.0,4,Mobile Phone,3,Single,1,0,7.0,128.38,0,6-24 Months (Regular),Moderate,Active,720.0,0.0,Low Risk (<30%),12+ Months (Loyal)
14.0,16.0,3,Laptop & Accessory,1,Single,8,0,10.0,162.3,0,6-24 Months (Regular),Moderate,Active,420.0,0.0,Low Risk (<30%),12+ Months (Loyal)
13.0,14.0,3,Mobile Phone,1,Married,9,0,0.0,124.06,0,6-24 Months (Regular),Moderate,Active,390.0,0.04,Low Risk (<30%),12+ Months (Loyal)
0.0,10.0,3,Laptop & Accessory,3,Divorced,2,1,3.0,141.62,0,0-6 Months (New),Near,Active,0.0,0.0,Low Risk (<30%),0-3 Months (High Risk)
21.0,10.0,4,Grocery,3,Married,11,1,14.0,262.7,0,6-24 Months (Regular),Near,Active,630.0,0.11,Low Risk (<30%),12+ Months (Loyal)
29.0,9.0,5,Mobile Phone,1,Married,10,0,5.0,151.62,0,24+ Months (Loyal),Near,Active,870.0,0.0,Low Risk (<30%),12+ Months (Loyal)
7.0,14.0,3,Laptop & Accessory,5,Married,4,0,0.0,151.21,0,6-24 Months (Regular),Moderate,Active,210.0,0.0,Low Risk (<30%),7-12 Months (Moderate)
14.0,15.0,4,Laptop & Accessory,5,Married,4,1,1.0,190.16,0,6-24 Months (Regular),Moderate,Active,420.0,0.14,Low Risk (<30%),12+ Months (Loyal)
5.0,9.0,6,Mobile Phone,1,Married,6,1,1.0,152.78,1,0-6 Months (New),Near,Active,150.0,0.89,High Risk (>70%),4-6 Months (Mid-High)
5.0,14.0,5,Mobile Phone,3,Married,5,0,3.0,148.29,0,0-6 Months (New),Moderate,Active,150.0,0.0,Low Risk (<30%),4-6 Months (Mid-High)
2.0,15.0,5,Mobile Phone,2,Married,3,0,5.0,174.36,0,0-6 Months (New),Moderate,Active,60.0,0.02,Low Risk (<30%),0-3 Months (High Risk)
3.0,7.0,6,Mobile Phone,2,Married,3,0,9.0,152.2,0,0-6 Months (New),Near,Active,90.0,0.0,Low Risk (<30%),0-3 Months (High Risk)
0.0,12.0,3,Mobile Phone,1,Married,2,1,2.0,56.0,0,0-6 Months (New),Moderate,Active,0.0,0.36,Medium Risk (30-70%),0-3 Months (High Risk)
11.0,20.0,3,Laptop & Accessory,4,Married,1,0,7.0,199.24,0,6-24 Months (Regular),Moderate,Active,330.0,0.01,Low Risk (<30%),7-12 Months (Moderate)
6.0,6.0,1,Grocery,3,Married,5,0,5.0,261.84,0,0-6 Months (New),Near,Active,180.0,0.02,Low Risk (<30%),4-6 Months (Mid-High)
2.0,15.0,5,Mobile Phone,1,Married,3,0,5.0,174.36,0,0-6 Months (New),Moderate,Active,60.0,0.02,Low Risk (<30%),0-3 Months (High Risk)
1.0,9.0,4,Mobile Phone,4,Married,6,0,3.0,146.87,0,0-6 Months (New),Near,Active,30.0,0.02,Low Risk (<30%),0-3 Months (High Risk)
14.0,15.0,3,Fashion,3,Married,4,1,7.0,181.89,0,6-24 Months (Regular),Moderate,Active,420.0,0.07,Low Risk (<30%),12+ Months (Loyal)
3.0,11.0,4,Mobile Phone,2,Married,10,0,3.0,137.61,0,0-6 Months (New),Moderate,Active,90.0,0.02,Low Risk (<30%),0-3 Months (High Risk)
26.0,9.0,5,Mobile Phone,2,Single,9,0,3.0,157.12,0,24+ Months (Loyal),Near,Active,780.0,0.0,Low Risk (<30%),12+ Months (Loyal)
1.0,20.0,5,Laptop & Accessory,5,Married,7,1,3.0,186.34,1,0-6 Months (New),Moderate,Active,30.0,0.97,High Risk (>70%),0-3 Months (High Risk)
5.0,16.0,3,Laptop & Accessory,1,Single,9,0,0.0,146.48,0,0-6 Months (New),Moderate,Active,150.0,0.02,Low Risk (<30%),4-6 Months (Mid-High)
13.0,14.0,3,Laptop & Accessory,5,Married,3,1,0.0,165.16,0,6-24 Months (Regular),Moderate,Active,390.0,0.08,Low Risk (<30%),12+ Months (Loyal)
4.0,8.0,3,Laptop & Accessory,2,Single,5,1,5.0,165.82,0,0-6 Months (New),Near,Active,120.0,0.05,Low Risk (<30%),4-6 Months (Mid-High)
0.0,14.0,3,Mobile Phone,2,Divorced,1,0,1.0,124.0,0,0-6 Months (New),Moderate,Active,0.0,0.08,Low Risk (<30%),0-3 Months (High Risk)
1.0,32.0,5,Mobile Phone,4,Single,6,1,3.0,148.13,1,0-6 Months (New),Far,Active,30.0,0.99,High Risk (>70%),0-3 Months (High Risk)
30.0,11.0,4,Others,5,Married,6,0,3.0,324.43,0,24+ Months (Loyal),Moderate,Active,900.0,0.0,Low Risk (<30%),12+ Months (Loyal)
0.0,26.0,5,Laptop & Accessory,3,Divorced,4,1,2.0,145.59,1,0-6 Months (New),Far,Active,0.0,0.99,High Risk (>70%),0-3 Months (High Risk)
9.0,8.0,4,Mobile Phone,3,Single,7,1,0.0,120.9,1,6-24 Months (Regular),Near,Active,270.0,0.95,High Risk (>70%),7-12 Months (Moderate)
17.0,11.0,5,Fashion,2,Single,5,0,3.0,227.31,0,6-24 Months (Regular),Moderate,Active,510.0,0.07,Low Risk (<30%),12+ Months (Loyal)
26.0,15.0,4,Mobile Phone,5,Divorced,11,0,5.0,154.5,0,24+ Months (Loyal),Moderate,Active,780.0,0.0,Low Risk (<30%),12+ Months (Loyal)
5.0,25.0,1,Mobile Phone,3,Married,7,1,2.0,127.59,1,0-6 Months (New),Far,Active,150.0,0.81,High Risk (>70%),4-6 Months (Mid-High)
0.0,14.0,4,Mobile Phone,3,Divorced,2,0,2.0,125.389999999999,0,0-6 Months (New),Moderate,Active,0.0,0.22,Low Risk (<30%),0-3 Months (High Risk)
19.0,6.0,3,Fashion,5,Married,2,0,7.0,204.53,0,6-24 Months (Regular),Near,Active,570.0,0.02,Low Risk (<30%),12+ Months (Loyal)
8.0,14.0,4,Mobile Phone,5,Single,2,0,2.0,124.5,0,6-24 Months (Regular),Moderate,Active,240.0,0.0,Low Risk (<30%),7-12 Months (Moderate)
9.0,12.0,3,Laptop & Accessory,3,Married,3,1,5.0,123.06,0,6-24 Months (Regular),Moderate,Active,270.0,0.06,Low Risk (<30%),7-12 Months (Moderate)
9.0,9.0,3,Mobile Phone,1,Married,2,0,0.0,117.06,0,6-24 Months (Regular),Near,Active,270.0,0.11,Low Risk (<30%),7-12 Months (Moderate)
1.0,20.0,5,Mobile Phone,5,Married,6,1,1.0,148.35,1,0-6 Months (New),Moderate,Active,30.0,1.0,High Risk (>70%),0-3 Months (High Risk)
9.0,13.0,3,Mobile Phone,2,Single,3,0,1.0,146.78,0,6-24 Months (Regular),Moderate,Active,270.0,0.0,Low Risk (<30%),7-12 Months (Moderate)
1.0,10.0,4,Mobile Phone,3,Single,3,0,8.0,165.84,1,0-6 Months (New),Near,Active,30.0,0.64,Medium Risk (30-70%),0-3 Months (High Risk)
8.0,11.0,4,Laptop & Accessory,3,Divorced,11,0,3.0,190.38,0,6-24 Months (Regular),Moderate,Active,240.0,0.0,Low Risk (<30%),7-12 Months (Moderate)
26.0,7.0,4,Grocery,3,Married,5,1,3.0,229.649999999999,0,24+ Months (Loyal),Near,Active,780.0,0.0,Low Risk (<30%),12+ Months (Loyal)
2.0,16.0,4,Mobile Phone,3,Married,7,0,3.0,148.77,0,0-6 Months (New),Moderate,Active,60.0,0.01,Low Risk (<30%),0-3 Months (High Risk)
9.0,22.0,3,Mobile Phone,3,Single,2,0,4.0,121.44,0,6-24 Months (Regular),Far,Active,270.0,0.0,Low Risk (<30%),7-12 Months (Moderate)
4.0,14.0,4,Laptop & Accessory,3,Married,3,0,10.0,159.91,0,0-6 Months (New),Moderate,Active,120.0,0.01,Low Risk (<30%),4-6 Months (Mid-High)
16.0,30.0,4,Grocery,2,Single,4,0,1.0,284.92,0,6-24 Months (Regular),Far,Active,480.0,0.0,Low Risk (<30%),12+ Months (Loyal)
1.0,12.0,4,Mobile Phone,4,Single,3,1,3.0,149.78,0,0-6 Months (New),Moderate,Active,30.0,0.14,Low Risk (<30%),0-3 Months (High Risk)
9.0,23.0,4,Fashion,3,Married,6,1,1.0,201.32,0,6-24 Months (Regular),Far,Active,270.0,0.01,Low Risk (<30%),7-12 Months (Moderate)
2.0,26.0,3,Mobile Phone,1,Married,2,0,10.0,138.12,0,0-6 Months (New),Far,Active,60.0,0.02,Low Risk (<30%),0-3 Months (High Risk)
10.0,14.0,3,Laptop & Accessory,4,Married,3,0,7.0,140.71,0,6-24 Months (Regular),Moderate,Active,300.0,0.0,Low Risk (<30%),7-12 Months (Moderate)
1.0,14.0,5,Laptop & Accessory,3,Divorced,4,0,1.0,186.32,0,0-6 Months (New),Moderate,Active,30.0,0.25,Low Risk (<30%),0-3 Months (High Risk)
23.0,14.0,3,Mobile Phone,1,Married,5,0,0.0,123.8,0,6-24 Months (Regular),Moderate,Active,690.0,0.04,Low Risk (<30%),12+ Months (Loyal)
21.0,9.0,2,Grocery,4,Married,8,0,3.0,284.72,0,6-24 Months (Regular),Near,Active,630.0,0.0,Low Risk (<30%),12+ Months (Loyal)
26.0,13.0,4,Fashion,1,Married,8,1,3.0,209.339999999999,0,24+ Months (Loyal),Moderate,Active,780.0,0.03,Low Risk (<30%),12+ Months (Loyal)
11.0,16.0,3,Laptop & Accessory,3,Married,4,0,2.0,160.77,0,6-24 Months (Regular),Moderate,Active,330.0,0.0,Low Risk (<30%),7-12 Months (Moderate)
31.0,10.0,5,Laptop & Accessory,1,Single,7,0,6.0,176.71,0,24+ Months (Loyal),Near,Active,930.0,0.01,Low Risk (<30%),12+ Months (Loyal)
14.0,12.0,5,Fashion,5,Divorced,7,1,3.0,229.75,0,6-24 Months (Regular),Moderate,Active,420.0,0.02,Low Risk (<30%),12+ Months (Loyal)
4.0,11.0,3,Laptop & Accessory,5,Single,1,0,7.0,199.36,0,0-6 Months (New),Moderate,Active,120.0,0.14,Low Risk (<30%),4-6 Months (Mid-High)
17.0,34.0,3,Grocery,5,Divorced,4,0,17.0,263.28,0,6-24 Months (Regular),Far,Active,510.0,0.0,Low Risk (<30%),12+ Months (Loyal)
7.0,10.0,3,Laptop & Accessory,3,Married,10,0,2.0,165.38,0,6-24 Months (Regular),Near,Active,210.0,0.0,Low Risk (<30%),7-12 Months (Moderate)
20.0,8.0,3,Others,4,Single,8,1,8.0,292.46,1,6-24 Months (Regular),Near,Active,600.0,0.65,Medium Risk (30-70%),12+ Months (Loyal)
8.0,29.0,5,Laptop & Accessory,1,Married,3,1,12.0,182.47,0,6-24 Months (Regular),Far,Active,240.0,0.01,Low Risk (<30%),7-12 Months (Moderate)
1.0,16.0,6,Mobile Phone,4,Single,3,0,3.0,152.6,1,0-6 Months (New),Moderate,Active,30.0,0.72,High Risk (>70%),0-3 Months (High Risk)
17.0,31.0,4,Fashion,5,Single,8,1,3.0,229.48,1,6-24 Months (Regular),Far,Active,510.0,0.62,Medium Risk (30-70%),12+ Months (Loyal)
27.0,13.0,4,Laptop & Accessory,3,Divorced,4,1,6.0,148.06,0,24+ Months (Loyal),Moderate,Active,810.0,0.0,Low Risk (<30%),12+ Months (Loyal)
16.0,7.0,5,Laptop & Accessory,2,Divorced,11,1,3.0,185.62,0,6-24 Months (Regular),Near,Active,480.0,0.0,Low Risk (<30%),12+ Months (Loyal)
16.0,9.0,4,Laptop & Accessory,1,Married,3,0,3.0,165.89,0,6-24 Months (Regular),Near,Active,480.0,0.0,Low Risk (<30%),12+ Months (Loyal)
9.0,13.0,3,Mobile Phone,3,Married,2,0,0.0,112.74,0,6-24 Months (Regular),Moderate,Active,270.0,0.08,Low Risk (<30%),7-12 Months (Moderate)
10.0,33.0,4,Laptop & Accessory,3,Married,8,0,3.0,178.47,0,6-24 Months (Regular),Far,Active,300.0,0.0,Low Risk (<30%),7-12 Months (Moderate)
10.0,30.0,2,Laptop & Accessory,1,Married,6,0,4.0,150.71,0,6-24 Months (Regular),Far,Active,300.0,0.0,Low Risk (<30%),7-12 Months (Moderate)
3.0,11.0,3,Mobile Phone,5,Married,6,0,30.0,132.04,0,0-6 Months (New),Moderate,Active,90.0,0.0,Low Risk (<30%),0-3 Months (High Risk)
0.0,24.0,1,Laptop & Accessory,3,Divorced,3,0,2.0,162.32,0,0-6 Months (New),Far,Active,0.0,0.03,Low Risk (<30%),0-3 Months (High Risk)
12.0,16.0,3,Laptop & Accessory,5,Married,3,0,7.0,153.77,0,6-24 Months (Regular),Moderate,Active,360.0,0.01,Low Risk (<30%),7-12 Months (Moderate)
6.0,17.0,4,Laptop & Accessory,1,Single,10,0,1.0,171.48,0,0-6 Months (New),Moderate,Active,180.0,0.0,Low Risk (<30%),4-6 Months (Mid-High)
11.0,18.0,4,Laptop & Accessory,5,Married,3,0,2.0,162.88,0,6-24 Months (Regular),Moderate,Active,330.0,0.0,Low Risk (<30%),7-12 Months (Moderate)
6.0,7.0,5,Mobile Phone,4,Married,2,0,3.0,147.69,0,0-6 Months (New),Near,Active,180.0,0.0,Low Risk (<30%),4-6 Months (Mid-High)
4.0,6.0,3,Laptop & Accessory,5,Married,2,0,3.0,141.48,0,0-6 Months (New),Near,Active,120.0,0.01,Low Risk (<30%),4-6 Months (Mid-High)
17.0,9.0,4,Mobile Phone,1,Single,2,0,9.0,160.39,0,6-24 Months (Regular),Near,Active,510.0,0.0,Low Risk (<30%),12+ Months (Loyal)
7.0,21.0,3,Fashion,2,Divorced,2,0,5.0,179.78,1,6-24 Months (Regular),Far,Active,210.0,0.9,High Risk (>70%),7-12 Months (Moderate)
8.0,15.0,4,Laptop & Accessory,5,Married,7,0,3.0,190.0,0,6-24 Months (Regular),Moderate,Active,240.0,0.0,Low Risk (<30%),7-12 Months (Moderate)
15.0,9.0,5,Laptop & Accessory,3,Single,4,1,8.0,193.11,0,6-24 Months (Regular),Near,Active,450.0,0.02,Low Risk (<30%),12+ Months (Loyal)
31.0,9.0,5,Grocery,2,Single,5,1,4.0,262.26,0,24+ Months (Loyal),Near,Active,930.0,0.0,Low Risk (<30%),12+ Months (Loyal)
16.0,14.0,3,Laptop & Accessory,4,Married,5,0,0.0,147.65,0,6-24 Months (Regular),Moderate,Active,480.0,0.0,Low Risk (<30%),12+ Months (Loyal)
3.0,12.0,4,Laptop & Accessory,1,Married,5,0,1.0,145.86,1,0-6 Months (New),Moderate,Active,90.0,0.92,High Risk (>70%),0-3 Months (High Risk)
11.0,7.0,5,Mobile Phone,5,Divorced,4,0,3.0,164.2,0,6-24 Months (Regular),Near,Active,330.0,0.0,Low Risk (<30%),7-12 Months (Moderate)
0.0,5.0,4,Mobile Phone,3,Single,2,0,2.0,130.33,0,0-6 Months (New),Near,Active,0.0,0.23,Low Risk (<30%),0-3 Months (High Risk)
20.0,9.0,4,Fashion,1,Married,5,0,3.0,210.78,0,6-24 Months (Regular),Near,Active,600.0,0.01,Low Risk (<30%),12+ Months (Loyal)
11.0,11.0,4,Mobile Phone,3,Divorced,9,1,4.0,154.96,0,6-24 Months (Regular),Moderate,Active,330.0,0.0,Low Risk (<30%),7-12 Months (Moderate)
0.0,22.0,3,Fashion,5,Single,3,1,0.0,185.64,1,0-6 Months (New),Far,Active,0.0,0.98,High Risk (>70%),0-3 Months (High Risk)
10.0,13.0,2,Mobile Phone,1,Married,5,0,1.0,155.38,0,6-24 Months (Regular),Moderate,Active,300.0,0.0,Low Risk (<30%),7-12 Months (Moderate)
1.0,22.0,4,Mobile Phone,3,Married,3,0,3.0,151.1,1,0-6 Months (New),Far,Active,30.0,0.5080357142857143,Medium Risk (30-70%),0-3 Months (High Risk)
9.0,24.0,4,Laptop & Accessory,5,Married,5,1,3.0,214.66,0,6-24 Months (Regular),Far,Active,270.0,0.0,Low Risk (<30%),7-12 Months (Moderate)
1.0,6.0,4,Laptop & Accessory,1,Married,2,1,7.0,168.34,0,0-6 Months (New),Near,Active,30.0,0.29,Low Risk (<30%),0-3 Months (High Risk)
9.0,9.0,4,Laptop & Accessory,1,Married,4,0,8.0,182.62,0,6-24 Months (Regular),Near,Active,270.0,0.0,Low Risk (<30%),7-12 Months (Moderate)
2.0,10.0,4,Mobile Phone,4,Married,3,0,1.0,153.56,0,0-6 Months (New),Near,Active,60.0,0.01,Low Risk (<30%),0-3 Months (High Risk)
30.0,15.0,4,Mobile Phone,5,Married,6,1,3.0,167.57,0,24+ Months (Loyal),Moderate,Active,900.0,0.0,Low Risk (<30%),12+ Months (Loyal)
12.0,23.0,4,Laptop & Accessory,4,Single,4,0,3.0,166.98,0,6-24 Months (Regular),Far,Active,360.0,0.01,Low Risk (<30%),7-12 Months (Moderate)
8.0,22.0,3,Fashion,3,Married,5,1,0.0,176.32,0,6-24 Months (Regular),Far,Active,240.0,0.0,Low Risk (<30%),7-12 Months (Moderate)
22.0,26.0,3,Laptop & Accessory,5,Married,2,0,11.0,165.67,0,6-24 Months (Regular),Far,Active,660.0,0.0,Low Risk (<30%),12+ Months (Loyal)
8.0,33.0,3,Laptop & Accessory,3,Married,3,0,7.0,168.83,0,6-24 Months (Regular),Far,Active,240.0,0.01,Low Risk (<30%),7-12 Months (Moderate)
20.0,32.0,3,Others,3,Married,4,0,0.0,296.58,0,6-24 Months (Regular),Far,Active,600.0,0.01,Low Risk (<30%),12+ Months (Loyal)
9.0,9.0,4,Mobile Phone,3,Divorced,2,0,0.0,112.81,0,6-24 Months (Regular),Near,Active,270.0,0.06,Low Risk (<30%),7-12 Months (Moderate)
20.0,20.0,3,Laptop & Accessory,4,Married,9,0,7.0,154.67,0,6-24 Months (Regular),Moderate,Active,600.0,0.02,Low Risk (<30%),12+ Months (Loyal)
0.0,10.0,3,Mobile Phone,2,Single,2,1,2.0,128.75,0,0-6 Months (New),Near,Active,0.0,0.05,Low Risk (<30%),0-3 Months (High Risk)
28.0,24.0,4,Fashion,3,Married,10,0,9.0,232.39,0,24+ Months (Loyal),Far,Active,840.0,0.0,Low Risk (<30%),12+ Months (Loyal)
22.0,7.0,2,Grocery,1,Single,4,0,2.0,293.85,0,6-24 Months (Regular),Near,Active,660.0,0.0,Low Risk (<30%),12+ Months (Loyal)
16.0,21.0,4,Grocery,3,Married,2,0,11.0,276.03,0,6-24 Months (Regular),Far,Active,480.0,0.0,Low Risk (<30%),12+ Months (Loyal)
7.0,9.0,5,Laptop & Accessory,1,Single,6,0,2.0,160.29,0,6-24 Months (Regular),Near,Active,210.0,0.0,Low Risk (<30%),7-12 Months (Moderate)
1.0,28.0,4,Mobile Phone,3,Married,3,0,1.0,148.77,1,0-6 Months (New),Far,Active,30.0,0.66,Medium Risk (30-70%),0-3 Months (High Risk)
9.0,16.0,3,Mobile Phone,3,Divorced,2,1,0.0,122.199999999999,0,6-24 Months (Regular),Moderate,Active,270.0,0.36,Medium Risk (30-70%),7-12 Months (Moderate)
9.0,14.0,4,Laptop & Accessory,4,Married,2,1,7.0,121.33,0,6-24 Months (Regular),Moderate,Active,270.0,0.29,Low Risk (<30%),7-12 Months (Moderate)
4.0,8.0,4,Laptop & Accessory,5,Divorced,4,0,0.0,164.1,0,0-6 Months (New),Near,Active,120.0,0.0,Low Risk (<30%),4-6 Months (Mid-High)
25.0,13.0,5,Mobile Phone,3,Single,2,0,8.0,153.38,0,24+ Months (Loyal),Moderate,Active,750.0,0.01,Low Risk (<30%),12+ Months (Loyal)
14.0,33.0,4,Laptop & Accessory,5,Married,3,0,6.0,208.96,0,6-24 Months (Regular),Far,Active,420.0,0.01,Low Risk (<30%),12+ Months (Loyal)
4.0,9.0,4,Mobile Phone,4,Divorced,3,0,1.0,149.76,0,0-6 Months (New),Near,Active,120.0,0.02,Low Risk (<30%),4-6 Months (Mid-High)
18.0,15.0,4,Laptop & Accessory,3,Divorced,2,0,12.0,155.93,0,6-24 Months (Regular),Moderate,Active,540.0,0.0,Low Risk (<30%),12+ Months (Loyal)
10.0,10.0,5,Fashion,1,Married,6,0,3.0,221.99,0,6-24 Months (Regular),Near,Active,300.0,0.0,Low Risk (<30%),7-12 Months (Moderate)
18.0,27.0,4,Mobile Phone,4,Single,3,0,4.0,159.2,0,6-24 Months (Regular),Far,Active,540.0,0.0,Low Risk (<30%),12+ Months (Loyal)
11.0,17.0,4,Laptop & Accessory,4,Single,4,1,2.0,166.97,0,6-24 Months (Regular),Moderate,Active,330.0,0.01,Low Risk (<30%),7-12 Months (Moderate)
8.0,18.0,5,Laptop & Accessory,4,Married,6,0,9.0,169.9,0,6-24 Months (Regular),Moderate,Active,240.0,0.0,Low Risk (<30%),7-12 Months (Moderate)
22.0,14.0,3,Mobile Phone,5,Married,5,1,2.0,125.87,0,6-24 Months (Regular),Moderate,Active,660.0,0.04,Low Risk (<30%),12+ Months (Loyal)
4.0,27.0,4,Laptop & Accessory,5,Married,2,0,3.0,224.57,0,0-6 Months (New),Far,Active,120.0,0.0,Low Risk (<30%),4-6 Months (Mid-High)
0.0,11.0,4,Fashion,2,Married,2,1,3.0,228.079999999999,0,0-6 Months (New),Moderate,Active,0.0,0.1,Low Risk (<30%),0-3 Months (High Risk)
18.0,35.0,4,Grocery,5,Married,5,0,18.0,288.28,0,6-24 Months (Regular),Far,Active,540.0,0.0,Low Risk (<30%),12+ Months (Loyal)
13.0,11.0,4,Laptop & Accessory,3,Single,2,0,9.0,175.42,0,6-24 Months (Regular),Moderate,Active,390.0,0.01,Low Risk (<30%),12+ Months (Loyal)
31.0,22.0,4,Grocery,3,Married,4,1,3.0,282.87,0,24+ Months (Loyal),Far,Active,930.0,0.0,Low Risk (<30%),12+ Months (Loyal)
0.0,17.0,1,Laptop & Accessory,3,Married,9,0,2.0,147.07,1,0-6 Months (New),Moderate,Active,0.0,0.67,Medium Risk (30-70%),0-3 Months (High Risk)
1.0,25.0,2,Mobile Phone,5,Married,2,0,1.0,154.56,1,0-6 Months (New),Far,Active,30.0,0.83,High Risk (>70%),0-3 Months (High Risk)
1.0,14.0,4,Mobile Phone,4,Single,3,1,1.0,149.72,1,0-6 Months (New),Moderate,Active,30.0,0.98,High Risk (>70%),0-3 Months (High Risk)
20.0,22.0,4,Others,4,Divorced,7,0,4.0,315.81,0,6-24 Months (Regular),Far,Active,600.0,0.0,Low Risk (<30%),12+ Months (Loyal)
4.0,11.0,3,Mobile Phone,1,Married,1,1,3.0,148.21,0,0-6 Months (New),Moderate,Active,120.0,0.0,Low Risk (<30%),4-6 Months (Mid-High)
1.0,7.0,3,Mobile Phone,5,Married,2,0,2.0,135.91,0,0-6 Months (New),Near,Active,30.0,0.0,Low Risk (<30%),0-3 Months (High Risk)
8.0,22.0,4,Laptop & Accessory,4,Married,1,1,2.0,147.88,0,6-24 Months (Regular),Far,Active,240.0,0.03,Low Risk (<30%),7-12 Months (Moderate)
13.0,15.0,3,Laptop & Accessory,3,Married,4,0,7.0,139.75,0,6-24 Months (Regular),Moderate,Active,390.0,0.0,Low Risk (<30%),12+ Months (Loyal)
1.0,16.0,4,Mobile Phone,4,Single,3,0,4.0,147.79,0,0-6 Months (New),Moderate,Active,30.0,0.02,Low Risk (<30%),0-3 Months (High Risk)
25.0,17.0,3,Laptop & Accessory,3,Divorced,9,0,4.0,131.49,0,24+ Months (Loyal),Moderate,Active,750.0,0.0,Low Risk (<30%),12+ Months (Loyal)
19.0,11.0,6,Fashion,3,Married,6,0,3.0,222.56,0,6-24 Months (Regular),Moderate,Active,570.0,0.04,Low Risk (<30%),12+ Months (Loyal)
24.0,17.0,5,Fashion,1,Single,8,0,3.0,229.96,0,6-24 Months (Regular),Moderate,Active,720.0,0.0,Low Risk (<30%),12+ Months (Loyal)
0.0,22.0,5,Mobile Phone,5,Single,2,1,7.0,139.19,1,0-6 Months (New),Far,Active,0.0,0.97,High Risk (>70%),0-3 Months (High Risk)
15.0,35.0,5,Grocery,4,Married,2,0,11.0,260.7,0,6-24 Months (Regular),Far,Active,450.0,0.02,Low Risk (<30%),12+ Months (Loyal)
7.0,16.0,3,Laptop & Accessory,3,Married,2,1,7.0,140.01,0,6-24 Months (Regular),Moderate,Active,210.0,0.0,Low Risk (<30%),7-12 Months (Moderate)
11.0,6.0,4,Mobile Phone,5,Single,5,0,0.0,128.58,0,6-24 Months (Regular),Near,Active,330.0,0.0,Low Risk (<30%),7-12 Months (Moderate)
24.0,7.0,4,Laptop & Accessory,3,Married,2,0,14.0,188.47,0,6-24 Months (Regular),Near,Active,720.0,0.0,Low Risk (<30%),12+ Months (Loyal)
29.0,21.0,2,Others,4,Single,10,0,16.0,312.22,0,24+ Months (Loyal),Far,Active,870.0,0.0,Low Risk (<30%),12+ Months (Loyal)
15.0,12.0,3,Fashion,5,Married,10,0,7.0,233.48,0,6-24 Months (Regular),Moderate,Active,450.0,0.0,Low Risk (<30%),12+ Months (Loyal)
15.0,11.0,4,Fashion,3,Married,2,1,3.0,229.47,0,6-24 Months (Regular),Moderate,Active,450.0,0.09,Low Risk (<30%),12+ Months (Loyal)
4.0,14.0,3,Laptop & Accessory,1,Single,2,0,8.0,144.24,0,0-6 Months (New),Moderate,Active,120.0,0.01,Low Risk (<30%),4-6 Months (Mid-High)
9.0,12.0,4,Mobile Phone,3,Married,1,0,3.0,121.87,0,6-24 Months (Regular),Moderate,Active,270.0,0.0,Low Risk (<30%),7-12 Months (Moderate)
0.0,8.0,4,Mobile Phone,1,Single,8,0,0.0,127.85,1,0-6 Months (New),Near,Active,0.0,0.9,High Risk (>70%),0-3 Months (High Risk)
7.0,6.0,1,Mobile Phone,1,Single,3,0,3.0,132.8,0,6-24 Months (Regular),Near,Active,210.0,0.0,Low Risk (<30%),7-12 Months (Moderate)
2.0,11.0,4,Laptop & Accessory,3,Married,3,0,5.0,167.21,0,0-6 Months (New),Moderate,Active,60.0,0.14,Low Risk (<30%),0-3 Months (High Risk)
9.0,34.0,5,Mobile Phone,5,Single,3,0,2.0,150.59,0,6-24 Months (Regular),Far,Active,270.0,0.0,Low Risk (<30%),7-12 Months (Moderate)
4.0,8.0,3,Mobile Phone,3,Married,1,0,2.0,130.67,0,0-6 Months (New),Near,Active,120.0,0.0,Low Risk (<30%),4-6 Months (Mid-High)
10.0,18.0,5,Laptop & Accessory,1,Married,6,0,1.0,191.52,0,6-24 Months (Regular),Moderate,Active,300.0,0.0,Low Risk (<30%),7-12 Months (Moderate)
9.0,26.0,3,Mobile Phone,3,Divorced,5,0,0.0,122.59,0,6-24 Months (Regular),Far,Active,270.0,0.07,Low Risk (<30%),7-12 Months (Moderate)
7.0,32.0,4,Laptop & Accessory,3,Divorced,3,0,2.0,170.39,0,6-24 Months (Regular),Far,Active,210.0,0.0,Low Risk (<30%),7-12 Months (Moderate)
1.0,7.0,6,Mobile Phone,4,Single,9,1,8.0,147.16,1,0-6 Months (New),Near,Active,30.0,0.98,High Risk (>70%),0-3 Months (High Risk)
0.0,9.0,4,Fashion,1,Married,2,1,7.0,203.25,1,0-6 Months (New),Near,Active,0.0,1.0,High Risk (>70%),0-3 Months (High Risk)
19.0,11.0,4,Laptop & Accessory,4,Divorced,3,0,9.0,169.47,0,6-24 Months (Regular),Moderate,Active,570.0,0.0,Low Risk (<30%),12+ Months (Loyal)
16.0,32.0,3,Grocery,1,Married,2,1,12.0,269.59,0,6-24 Months (Regular),Far,Active,480.0,0.0,Low Risk (<30%),12+ Months (Loyal)
4.0,9.0,5,Mobile Phone,5,Single,2,0,8.0,174.68,0,0-6 Months (New),Near,Active,120.0,0.0,Low Risk (<30%),4-6 Months (Mid-High)
16.0,36.0,4,Laptop & Accessory,3,Married,4,0,3.0,170.56,0,6-24 Months (Regular),Far,Active,480.0,0.0,Low Risk (<30%),12+ Months (Loyal)
0.0,12.0,3,Mobile Phone,5,Single,3,0,3.0,129.6,1,0-6 Months (New),Moderate,Active,0.0,0.77,High Risk (>70%),0-3 Months (High Risk)
31.0,35.0,5,Fashion,5,Married,6,0,3.0,227.66,0,24+ Months (Loyal),Far,Active,930.0,0.01,Low Risk (<30%),12+ Months (Loyal)
30.0,13.0,1,Laptop & Accessory,1,Married,1,1,9.0,152.2,0,24+ Months (Loyal),Moderate,Active,900.0,0.01,Low Risk (<30%),12+ Months (Loyal)
15.0,7.0,4,Laptop & Accessory,5,Married,2,0,8.0,166.03,0,6-24 Months (Regular),Near,Active,450.0,0.0,Low Risk (<30%),12+ Months (Loyal)
6.0,9.0,4,Laptop & Accessory,3,Single,6,1,8.0,174.98,0,0-6 Months (New),Near,Active,180.0,0.0,Low Risk (<30%),4-6 Months (Mid-High)
6.0,15.0,4,Fashion,2,Single,3,0,3.0,214.98,0,0-6 Months (New),Moderate,Active,180.0,0.0,Low Risk (<30%),4-6 Months (Mid-High)
30.0,13.0,3,Others,5,Divorced,6,0,10.0,295.66,0,24+ Months (Loyal),Moderate,Active,900.0,0.0,Low Risk (<30%),12+ Months (Loyal)
6.0,13.0,3,Fashion,3,Divorced,1,0,3.0,216.91,0,0-6 Months (New),Moderate,Active,180.0,0.0,Low Risk (<30%),4-6 Months (Mid-High)
5.0,14.0,5,Mobile Phone,3,Divorced,5,0,3.0,148.29,0,0-6 Months (New),Moderate,Active,150.0,0.0,Low Risk (<30%),4-6 Months (Mid-High)
1.0,27.0,3,Mobile Phone,2,Divorced,2,0,2.0,127.13,0,0-6 Months (New),Far,Active,30.0,0.03,Low Risk (<30%),0-3 Months (High Risk)
7.0,9.0,4,Laptop & Accessory,1,Married,3,0,5.0,180.05,0,6-24 Months (Regular),Near,Active,210.0,0.09,Low Risk (<30%),7-12 Months (Moderate)
9.0,28.0,3,Mobile Phone,3,Married,5,1,1.0,121.32,1,6-24 Months (Regular),Far,Active,270.0,0.9,High Risk (>70%),7-12 Months (Moderate)
1.0,13.0,4,Mobile Phone,1,Married,3,1,3.0,81.0,0,0-6 Months (New),Moderate,Active,30.0,0.23,Low Risk (<30%),0-3 Months (High Risk)
2.0,23.0,3,Laptop & Accessory,5,Single,2,0,8.0,181.61,0,0-6 Months (New),Far,Active,60.0,0.0,Low Risk (<30%),0-3 Months (High Risk)
16.0,19.0,4,Mobile Phone,4,Married,10,0,5.0,152.66,0,6-24 Months (Regular),Moderate,Active,480.0,0.0,Low Risk (<30%),12+ Months (Loyal)
19.0,9.0,1,Grocery,5,Married,3,0,8.0,232.25,0,6-24 Months (Regular),Near,Active,570.0,0.0,Low Risk (<30%),12+ Months (Loyal)
16.0,14.0,2,Laptop & Accessory,4,Married,8,1,1.0,148.72,0,6-24 Months (Regular),Moderate,Active,480.0,0.06,Low Risk (<30%),12+ Months (Loyal)
11.0,9.0,3,Laptop & Accessory,2,Single,9,1,0.0,168.61,0,6-24 Months (Regular),Near,Active,330.0,0.0,Low Risk (<30%),7-12 Months (Moderate)
10.0,21.0,4,Laptop & Accessory,1,Married,2,1,12.0,190.86,0,6-24 Months (Regular),Far,Active,300.0,0.0,Low Risk (<30%),7-12 Months (Moderate)
15.0,14.0,6,Others,3,Married,3,0,11.0,324.73,0,6-24 Months (Regular),Moderate,Active,450.0,0.2,Low Risk (<30%),12+ Months (Loyal)
14.0,14.0,4,Others,4,Single,3,0,9.0,323.33,0,6-24 Months (Regular),Moderate,Active,420.0,0.14,Low Risk (<30%),12+ Months (Loyal)
1.0,31.0,2,Mobile Phone,5,Single,3,0,1.0,135.91,1,0-6 Months (New),Far,Active,30.0,0.82,High Risk (>70%),0-3 Months (High Risk)
23.0,8.0,3,Grocery,3,Married,6,0,3.0,276.39,0,6-24 Months (Regular),Near,Active,690.0,0.0,Low Risk (<30%),12+ Months (Loyal)
13.0,32.0,3,Laptop & Accessory,4,Married,2,0,13.0,156.05,0,6-24 Months (Regular),Far,Active,390.0,0.0,Low Risk (<30%),12+ Months (Loyal)
0.0,6.0,3,Mobile Phone,4,Single,2,1,4.0,132.02,1,0-6 Months (New),Near,Active,0.0,0.9,High Risk (>70%),0-3 Months (High Risk)
19.0,13.0,3,Laptop & Accessory,3,Married,3,0,0.0,152.58,0,6-24 Months (Regular),Moderate,Active,570.0,0.03,Low Risk (<30%),12+ Months (Loyal)
8.0,14.0,4,Mobile Phone,1,Married,2,0,2.0,123.759999999999,0,6-24 Months (Regular),Moderate,Active,240.0,0.01,Low Risk (<30%),7-12 Months (Moderate)
25.0,14.0,3,Mobile Phone,5,Married,10,0,4.0,129.5,0,24+ Months (Loyal),Moderate,Active,750.0,0.0,Low Risk (<30%),12+ Months (Loyal)
10.0,17.0,4,Fashion,2,Single,3,0,3.0,224.8,0,6-24 Months (Regular),Moderate,Active,300.0,0.013999999999999999,Low Risk (<30%),7-12 Months (Moderate)
1.0,7.0,6,Laptop & Accessory,4,Single,8,0,1.0,192.35,1,0-6 Months (New),Near,Active,30.0,0.95,High Risk (>70%),0-3 Months (High Risk)
19.0,14.0,3,Laptop & Accessory,3,Divorced,6,0,3.0,189.34,0,6-24 Months (Regular),Moderate,Active,570.0,0.01,Low Risk (<30%),12+ Months (Loyal)
6.0,31.0,3,Laptop & Accessory,3,Married,2,0,1.0,145.39,0,0-6 Months (New),Far,Active,180.0,0.0,Low Risk (<30%),4-6 Months (Mid-High)
1.0,32.0,4,Laptop & Accessory,5,Married,2,0,4.0,147.24,0,0-6 Months (New),Far,Active,30.0,0.01,Low Risk (<30%),0-3 Months (High Risk)
16.0,12.0,4,Mobile Phone,3,Married,6,0,1.0,145.93,0,6-24 Months (Regular),Moderate,Active,480.0,0.03,Low Risk (<30%),12+ Months (Loyal)
9.0,13.0,4,Mobile Phone,3,Divorced,2,1,3.0,160.06,0,6-24 Months (Regular),Moderate,Active,270.0,0.02,Low Risk (<30%),7-12 Months (Moderate)
1.0,26.0,3,Laptop & Accessory,2,Single,10,1,5.0,178.04,1,0-6 Months (New),Far,Active,30.0,0.84,High Risk (>70%),0-3 Months (High Risk)
7.0,9.0,4,Mobile Phone,2,Single,2,0,3.0,150.0,0,6-24 Months (Regular),Near,Active,210.0,0.0,Low Risk (<30%),7-12 Months (Moderate)
1.0,25.0,2,Laptop & Accessory,3,Divorced,4,0,3.0,187.32,0,0-6 Months (New),Far,Active,30.0,0.01,Low Risk (<30%),0-3 Months (High Risk)
8.0,17.0,4,Mobile Phone,3,Divorced,3,1,1.0,147.2,0,6-24 Months (Regular),Moderate,Active,240.0,0.02,Low Risk (<30%),7-12 Months (Moderate)
9.0,21.0,3,Mobile Phone,1,Single,2,0,0.0,112.32,0,6-24 Months (Regular),Far,Active,270.0,0.05,Low Risk (<30%),7-12 Months (Moderate)
17.0,9.0,5,Fashion,1,Married,2,0,3.0,226.69,1,6-24 Months (Regular),Near,Active,510.0,0.64,Medium Risk (30-70%),12+ Months (Loyal)
9.0,15.0,4,Mobile Phone,3,Single,2,0,8.0,122.06,0,6-24 Months (Regular),Moderate,Active,270.0,0.02,Low Risk (<30%),7-12 Months (Moderate)
7.0,12.0,5,Mobile Phone,1,Married,3,0,3.0,154.11,0,6-24 Months (Regular),Moderate,Active,210.0,0.01,Low Risk (<30%),7-12 Months (Moderate)
16.0,16.0,4,Mobile Phone,1,Single,3,0,9.0,161.73,0,6-24 Months (Regular),Moderate,Active,480.0,0.0,Low Risk (<30%),12+ Months (Loyal)
3.0,16.0,4,Laptop & Accessory,3,Married,2,0,4.0,165.78,0,0-6 Months (New),Moderate,Active,90.0,0.1,Low Risk (<30%),0-3 Months (High Risk)
11.0,8.0,3,Mobile Phone,1,Single,6,1,2.0,139.44,0,6-24 Months (Regular),Near,Active,330.0,0.0,Low Risk (<30%),7-12 Months (Moderate)
11.0,14.0,3,Mobile Phone,5,Single,4,0,0.0,126.19,0,6-24 Months (Regular),Moderate,Active,330.0,0.07,Low Risk (<30%),7-12 Months (Moderate)
13.0,11.0,4,Fashion,5,Divorced,6,1,12.0,204.75,0,6-24 Months (Regular),Moderate,Active,390.0,0.0,Low Risk (<30%),12+ Months (Loyal)
17.0,22.0,5,Grocery,3,Married,3,0,12.0,301.03,0,6-24 Months (Regular),Far,Active,510.0,0.01,Low Risk (<30%),12+ Months (Loyal)
11.0,12.0,5,Laptop & Accessory,1,Married,8,1,9.0,153.29,0,6-24 Months (Regular),Moderate,Active,330.0,0.01,Low Risk (<30%),7-12 Months (Moderate)
7.0,15.0,4,Laptop & Accessory,3,Single,4,1,1.0,188.88,0,6-24 Months (Regular),Moderate,Active,210.0,0.03,Low Risk (<30%),7-12 Months (Moderate)
6.0,12.0,5,Laptop & Accessory,4,Married,5,0,6.0,183.78,0,0-6 Months (New),Moderate,Active,180.0,0.0,Low Risk (<30%),4-6 Months (Mid-High)
11.0,10.0,3,Mobile Phone,3,Married,8,0,0.0,133.06,0,6-24 Months (Regular),Near,Active,330.0,0.0,Low Risk (<30%),7-12 Months (Moderate)
15.0,32.0,3,Fashion,5,Married,4,1,0.0,231.91,0,6-24 Months (Regular),Far,Active,450.0,0.0,Low Risk (<30%),12+ Months (Loyal)
13.0,35.0,5,Laptop & Accessory,5,Single,5,0,4.0,167.84,1,6-24 Months (Regular),Far,Active,390.0,0.55,Medium Risk (30-70%),12+ Months (Loyal)
6.0,12.0,4,Mobile Phone,4,Single,4,0,8.0,152.18,0,0-6 Months (New),Moderate,Active,180.0,0.0,Low Risk (<30%),4-6 Months (Mid-High)
7.0,8.0,3,Laptop & Accessory,1,Single,2,0,4.0,162.74,0,6-24 Months (Regular),Near,Active,210.0,0.0,Low Risk (<30%),7-12 Months (Moderate)
0.0,13.0,5,Laptop & Accessory,3,Single,2,1,6.0,160.74,1,0-6 Months (New),Moderate,Active,0.0,0.99,High Risk (>70%),0-3 Months (High Risk)
16.0,9.0,5,Laptop & Accessory,2,Single,5,0,1.0,192.81,0,6-24 Months (Regular),Near,Active,480.0,0.0,Low Risk (<30%),12+ Months (Loyal)
5.0,17.0,4,Laptop & Accessory,1,Married,4,1,5.0,190.83,0,0-6 Months (New),Moderate,Active,150.0,0.06,Low Risk (<30%),4-6 Months (Mid-High)
19.0,8.0,3,Fashion,1,Married,5,1,3.0,203.68,0,6-24 Months (Regular),Near,Active,570.0,0.16,Low Risk (<30%),12+ Months (Loyal)
0.0,13.0,4,Laptop & Accessory,5,Single,9,0,7.0,168.11,0,0-6 Months (New),Moderate,Active,0.0,0.16,Low Risk (<30%),0-3 Months (High Risk)
20.0,31.0,4,Mobile Phone,1,Single,3,0,1.0,150.87,1,6-24 Months (Regular),Far,Active,600.0,0.62,Medium Risk (30-70%),12+ Months (Loyal)
8.0,7.0,4,Laptop & Accessory,4,Married,3,0,4.0,168.25,0,6-24 Months (Regular),Near,Active,240.0,0.0,Low Risk (<30%),7-12 Months (Moderate)
12.0,8.0,4,Laptop & Accessory,1,Married,9,0,4.0,152.04,0,6-24 Months (Regular),Near,Active,360.0,0.01,Low Risk (<30%),7-12 Months (Moderate)
1.0,8.0,4,Mobile Phone,3,Married,3,0,2.0,137.23,0,0-6 Months (New),Near,Active,30.0,0.07,Low Risk (<30%),0-3 Months (High Risk)
4.0,13.0,3,Fashion,5,Married,3,0,2.0,196.37,0,0-6 Months (New),Moderate,Active,120.0,0.0,Low Risk (<30%),4-6 Months (Mid-High)
9.0,7.0,5,Mobile Phone,5,Single,3,0,3.0,149.5,0,6-24 Months (Regular),Near,Active,270.0,0.0,Low Risk (<30%),7-12 Months (Moderate)
12.0,16.0,5,Mobile Phone,4,Divorced,2,0,3.0,153.99,0,6-24 Months (Regular),Moderate,Active,360.0,0.0,Low Risk (<30%),7-12 Months (Moderate)
25.0,7.0,4,Mobile Phone,2,Divorced,3,0,1.0,152.23,0,24+ Months (Loyal),Near,Active,750.0,0.03,Low Risk (<30%),12+ Months (Loyal)
6.0,14.0,4,Laptop & Accessory,1,Married,6,0,3.0,217.04,0,0-6 Months (New),Moderate,Active,180.0,0.01,Low Risk (<30%),4-6 Months (Mid-High)
21.0,9.0,4,Grocery,1,Married,3,1,1.0,292.52,0,6-24 Months (Regular),Near,Active,630.0,0.06,Low Risk (<30%),12+ Months (Loyal)
7.0,8.0,1,Mobile Phone,1,Married,1,1,2.0,129.32,0,6-24 Months (Regular),Near,Active,210.0,0.12,Low Risk (<30%),7-12 Months (Moderate)
9.0,31.0,5,Mobile Phone,3,Single,2,0,1.0,122.93,1,6-24 Months (Regular),Far,Active,270.0,0.68,Medium Risk (30-70%),7-12 Months (Moderate)
7.0,12.0,3,Laptop & Accessory,3,Single,2,0,10.0,148.09,0,6-24 Months (Regular),Moderate,Active,210.0,0.0,Low Risk (<30%),7-12 Months (Moderate)
3.0,16.0,3,Fashion,3,Single,10,0,2.0,196.67,0,0-6 Months (New),Moderate,Active,90.0,0.0,Low Risk (<30%),0-3 Months (High Risk)
0.0,9.0,3,Mobile Phone,5,Single,1,0,4.0,131.02,1,0-6 Months (New),Near,Active,0.0,0.7,High Risk (>70%),0-3 Months (High Risk)
1.0,13.0,2,Mobile Phone,5,Married,3,1,1.0,141.01,1,0-6 Months (New),Moderate,Active,30.0,0.89,High Risk (>70%),0-3 Months (High Risk)
13.0,8.0,3,Laptop & Accessory,4,Married,4,0,10.0,156.77,0,6-24 Months (Regular),Near,Active,390.0,0.0,Low Risk (<30%),12+ Months (Loyal)
0.0,8.0,3,Mobile Phone,4,Married,10,0,2.0,134.68,0,0-6 Months (New),Near,Active,0.0,0.0,Low Risk (<30%),0-3 Months (High Risk)
9.0,30.0,3,Mobile Phone,4,Single,2,0,4.0,121.77,0,6-24 Months (Regular),Far,Active,270.0,0.0,Low Risk (<30%),7-12 Months (Moderate)
17.0,11.0,4,Mobile Phone,3,Single,4,0,3.0,131.62,0,6-24 Months (Regular),Moderate,Active,510.0,0.02,Low Risk (<30%),12+ Months (Loyal)
0.0,14.0,5,Mobile Phone,3,Married,1,0,0.0,123.509999999999,1,0-6 Months (New),Moderate,Active,0.0,0.9,High Risk (>70%),0-3 Months (High Risk)
14.0,15.0,4,Laptop & Accessory,1,Married,5,1,3.0,165.69,0,6-24 Months (Regular),Moderate,Active,420.0,0.05,Low Risk (<30%),12+ Months (Loyal)
1.0,7.0,5,Fashion,3,Married,7,0,3.0,231.089999999999,1,0-6 Months (New),Near,Active,30.0,1.0,High Risk (>70%),0-3 Months (High Risk)
9.0,9.0,6,Others,4,Single,4,1,12.0,313.24,1,6-24 Months (Regular),Near,Active,270.0,0.72,High Risk (>70%),7-12 Months (Moderate)
0.0,15.0,4,Mobile Phone,5,Single,8,0,3.0,134.07,1,0-6 Months (New),Moderate,Active,0.0,0.92,High Risk (>70%),0-3 Months (High Risk)
20.0,33.0,5,Laptop & Accessory,4,Single,10,0,3.0,204.91,0,6-24 Months (Regular),Far,Active,600.0,0.1,Low Risk (<30%),12+ Months (Loyal)
17.0,16.0,3,Laptop & Accessory,1,Married,3,1,3.0,164.65,0,6-24 Months (Regular),Moderate,Active,510.0,0.05,Low Risk (<30%),12+ Months (Loyal)
17.0,35.0,2,Mobile Phone,3,Single,6,0,3.0,172.39,0,6-24 Months (Regular),Far,Active,510.0,0.0,Low Risk (<30%),12+ Months (Loyal)
1.0,17.0,4,Fashion,3,Married,8,0,3.0,225.48,1,0-6 Months (New),Moderate,Active,30.0,0.73,High Risk (>70%),0-3 Months (High Risk)
16.0,12.0,4,Fashion,4,Single,11,1,3.0,209.46,1,6-24 Months (Regular),Moderate,Active,480.0,0.69,Medium Risk (30-70%),12+ Months (Loyal)
0.0,10.0,5,Fashion,2,Divorced,2,0,8.0,204.0,1,0-6 Months (New),Near,Active,0.0,0.94,High Risk (>70%),0-3 Months (High Risk)
1.0,17.0,5,Mobile Phone,3,Single,3,0,3.0,151.25,1,0-6 Months (New),Moderate,Active,30.0,0.8666666666666666,High Risk (>70%),0-3 Months (High Risk)
0.0,6.0,3,Mobile Phone,4,Married,2,0,4.0,138.16,0,0-6 Months (New),Near,Active,0.0,0.14,Low Risk (<30%),0-3 Months (High Risk)
20.0,7.0,4,Others,2,Married,11,0,3.0,321.27,0,6-24 Months (Regular),Near,Active,600.0,0.0,Low Risk (<30%),12+ Months (Loyal)
21.0,21.0,4,Laptop & Accessory,5,Single,4,0,8.0,174.6,0,6-24 Months (Regular),Far,Active,630.0,0.0,Low Risk (<30%),12+ Months (Loyal)
29.0,15.0,4,Grocery,3,Married,4,1,3.0,272.56,0,24+ Months (Loyal),Moderate,Active,870.0,0.0,Low Risk (<30%),12+ Months (Loyal)
23.0,7.0,4,Mobile Phone,5,Married,4,0,3.0,160.8,0,6-24 Months (Regular),Near,Active,690.0,0.0,Low Risk (<30%),12+ Months (Loyal)
13.0,15.0,3,Fashion,3,Single,10,0,13.0,234.99,0,6-24 Months (Regular),Moderate,Active,390.0,0.0,Low Risk (<30%),12+ Months (Loyal)
6.0,13.0,4,Mobile Phone,3,Single,5,0,5.0,155.38,0,0-6 Months (New),Moderate,Active,180.0,0.0,Low Risk (<30%),4-6 Months (Mid-High)
4.0,14.0,4,Mobile Phone,5,Single,5,1,4.0,146.66,1,0-6 Months (New),Moderate,Active,120.0,0.64,Medium Risk (30-70%),4-6 Months (Mid-High)
9.0,6.0,3,Mobile Phone,4,Single,2,0,1.0,120.96,0,6-24 Months (Regular),Near,Active,270.0,0.01,Low Risk (<30%),7-12 Months (Moderate)
5.0,9.0,5,Laptop & Accessory,5,Divorced,5,0,1.0,189.1,0,0-6 Months (New),Near,Active,150.0,0.02,Low Risk (<30%),4-6 Months (Mid-High)
6.0,15.0,5,Laptop & Accessory,3,Single,9,0,3.0,153.46,1,0-6 Months (New),Moderate,Active,180.0,0.6,Medium Risk (30-70%),4-6 Months (Mid-High)
3.0,10.0,4,Laptop & Accessory,4,Married,2,1,7.0,152.09,0,0-6 Months (New),Near,Active,90.0,0.07,Low Risk (<30%),0-3 Months (High Risk)
5.0,14.0,1,Laptop & Accessory,3,Divorced,6,0,3.0,151.75,0,0-6 Months (New),Moderate,Active,150.0,0.0,Low Risk (<30%),4-6 Months (Mid-High)
1.0,6.0,5,Mobile Phone,3,Single,3,0,3.0,155.33,0,0-6 Months (New),Near,Active,30.0,0.08,Low Risk (<30%),0-3 Months (High Risk)
11.0,17.0,4,Mobile Phone,5,Married,2,1,4.0,152.82,0,6-24 Months (Regular),Moderate,Active,330.0,0.04,Low Risk (<30%),7-12 Months (Moderate)
10.0,25.0,3,Fashion,4,Single,2,1,9.0,176.42,0,6-24 Months (Regular),Far,Active,300.0,0.02,Low Risk (<30%),7-12 Months (Moderate)
27.0,9.0,5,Grocery,1,Married,4,0,8.0,279.27,0,24+ Months (Loyal),Near,Active,810.0,0.0,Low Risk (<30%),12+ Months (Loyal)
11.0,14.0,4,Mobile Phone,4,Single,2,0,3.0,124.4,0,6-24 Months (Regular),Moderate,Active,330.0,0.0,Low Risk (<30%),7-12 Months (Moderate)
1.0,10.0,4,Mobile Phone,5,Single,2,0,5.0,156.02,1,0-6 Months (New),Near,Active,30.0,0.73,High Risk (>70%),0-3 Months (High Risk)
27.0,13.0,4,Laptop & Accessory,1,Single,4,0,3.0,149.5,0,24+ Months (Loyal),Moderate,Active,810.0,0.01,Low Risk (<30%),12+ Months (Loyal)
5.0,16.0,3,Laptop & Accessory,1,Single,2,0,8.0,153.96,0,0-6 Months (New),Moderate,Active,150.0,0.0,Low Risk (<30%),4-6 Months (Mid-High)
17.0,6.0,4,Laptop & Accessory,3,Single,5,0,2.0,159.85,0,6-24 Months (Regular),Near,Active,510.0,0.0,Low Risk (<30%),12+ Months (Loyal)
28.0,14.0,4,Grocery,4,Married,2,1,0.0,235.769999999999,0,24+ Months (Loyal),Moderate,Active,840.0,0.0,Low Risk (<30%),12+ Months (Loyal)
6.0,17.0,4,Laptop & Accessory,1,Single,3,0,9.0,178.96,0,0-6 Months (New),Moderate,Active,180.0,0.0,Low Risk (<30%),4-6 Months (Mid-High)
1.0,7.0,5,Mobile Phone,4,Single,3,0,1.0,153.36,0,0-6 Months (New),Near,Active,30.0,0.35,Medium Risk (30-70%),0-3 Months (High Risk)
3.0,28.0,3,Fashion,5,Married,1,0,8.0,184.12,0,0-6 Months (New),Far,Active,90.0,0.0,Low Risk (<30%),0-3 Months (High Risk)
9.0,23.0,5,Mobile Phone,3,Married,2,0,2.0,123.05,0,6-24 Months (Regular),Far,Active,270.0,0.1,Low Risk (<30%),7-12 Months (Moderate)
16.0,12.0,4,Grocery,2,Married,5,1,0.0,266.27,0,6-24 Months (Regular),Moderate,Active,480.0,0.01,Low Risk (<30%),12+ Months (Loyal)
14.0,9.0,5,Mobile Phone,3,Single,4,0,3.0,153.09,0,6-24 Months (Regular),Near,Active,420.0,0.01,Low Risk (<30%),12+ Months (Loyal)
13.0,8.0,3,Mobile Phone,5,Married,5,0,2.0,133.77,0,6-24 Months (Regular),Near,Active,390.0,0.0,Low Risk (<30%),12+ Months (Loyal)
9.0,12.0,5,Mobile Phone,3,Married,2,0,7.0,127.41,0,6-24 Months (Regular),Moderate,Active,270.0,0.01,Low Risk (<30%),7-12 Months (Moderate)
17.0,8.0,3,Fashion,3,Single,6,1,2.0,202.09,0,6-24 Months (Regular),Near,Active,510.0,0.1,Low Risk (<30%),12+ Months (Loyal)
16.0,12.0,4,Grocery,1,Married,5,1,0.0,266.27,0,6-24 Months (Regular),Moderate,Active,480.0,0.01,Low Risk (<30%),12+ Months (Loyal)
19.0,9.0,3,Grocery,3,Divorced,4,0,9.0,274.65,0,6-24 Months (Regular),Near,Active,570.0,0.0,Low Risk (<30%),12+ Months (Loyal)
16.0,14.0,3,Mobile Phone,2,Single,1,0,7.0,124.55,0,6-24 Months (Regular),Moderate,Active,480.0,0.01,Low Risk (<30%),12+ Months (Loyal)
6.0,31.0,3,Laptop & Accessory,3,Divorced,2,0,1.0,145.39,0,0-6 Months (New),Far,Active,180.0,0.0,Low Risk (<30%),4-6 Months (Mid-High)
14.0,12.0,4,Laptop & Accessory,4,Single,7,1,2.0,160.32,0,6-24 Months (Regular),Moderate,Active,420.0,0.01,Low Risk (<30%),12+ Months (Loyal)
8.0,13.0,4,Mobile Phone,1,Married,2,0,1.0,126.9,0,6-24 Months (Regular),Moderate,Active,240.0,0.0,Low Risk (<30%),7-12 Months (Moderate)
9.0,16.0,3,Fashion,1,Single,2,0,7.0,199.8,0,6-24 Months (Regular),Moderate,Active,270.0,0.11,Low Risk (<30%),7-12 Months (Moderate)
18.0,13.0,3,Fashion,5,Married,3,0,0.0,197.24,0,6-24 Months (Regular),Moderate,Active,540.0,0.01,Low Risk (<30%),12+ Months (Loyal)
0.0,8.0,3,Laptop & Accessory,1,Married,1,0,2.0,142.27,0,0-6 Months (New),Near,Active,0.0,0.08,Low Risk (<30%),0-3 Months (High Risk)
9.0,7.0,3,Mobile Phone,3,Married,2,0,1.0,112.229999999999,0,6-24 Months (Regular),Near,Active,270.0,0.0,Low Risk (<30%),7-12 Months (Moderate)
9.0,10.0,3,Mobile Phone,1,Married,2,0,0.0,119.509999999999,0,6-24 Months (Regular),Near,Active,270.0,0.31,Medium Risk (30-70%),7-12 Months (Moderate)
3.0,13.0,5,Mobile Phone,4,Married,3,0,1.0,153.04,0,0-6 Months (New),Moderate,Active,90.0,0.0,Low Risk (<30%),0-3 Months (High Risk)
4.0,25.0,4,Mobile Phone,3,Single,3,0,5.0,151.32,0,0-6 Months (New),Far,Active,120.0,0.0,Low Risk (<30%),4-6 Months (Mid-High)
11.0,7.0,5,Laptop & Accessory,3,Married,3,0,8.0,184.93,0,6-24 Months (Regular),Near,Active,330.0,0.0,Low Risk (<30%),7-12 Months (Moderate)
1.0,29.0,4,Mobile Phone,3,Divorced,6,1,2.0,146.32,1,0-6 Months (New),Far,Active,30.0,0.99,High Risk (>70%),0-3 Months (High Risk)
16.0,30.0,3,Fashion,5,Single,7,1,2.0,204.48,1,6-24 Months (Regular),Far,Active,480.0,0.62,Medium Risk (30-70%),12+ Months (Loyal)
7.0,16.0,1,Laptop & Accessory,1,Married,2,0,2.0,147.24,0,6-24 Months (Regular),Moderate,Active,210.0,0.0,Low Risk (<30%),7-12 Months (Moderate)
5.0,19.0,4,Mobile Phone,1,Married,10,1,3.0,164.29,0,0-6 Months (New),Moderate,Active,150.0,0.02,Low Risk (<30%),4-6 Months (Mid-High)
1.0,25.0,4,Laptop & Accessory,3,Divorced,2,1,3.0,171.14,1,0-6 Months (New),Far,Active,30.0,0.95,High Risk (>70%),0-3 Months (High Risk)
4.0,10.0,4,Mobile Phone,3,Married,3,0,1.0,145.83,0,0-6 Months (New),Near,Active,120.0,0.2,Low Risk (<30%),4-6 Months (Mid-High)
9.0,16.0,3,Mobile Phone,4,Married,2,0,0.0,120.08,0,6-24 Months (Regular),Moderate,Active,270.0,0.24,Low Risk (<30%),7-12 Months (Moderate)
8.0,10.0,3,Laptop & Accessory,3,Single,2,1,1.0,142.49,0,6-24 Months (Regular),Near,Active,240.0,0.01,Low Risk (<30%),7-12 Months (Moderate)
0.0,14.0,3,Mobile Phone,5,Married,2,1,0.0,123.979999999999,1,0-6 Months (New),Moderate,Active,0.0,0.98,High Risk (>70%),0-3 Months (High Risk)
5.0,12.0,3,Laptop & Accessory,3,Single,2,0,7.0,150.1,0,0-6 Months (New),Moderate,Active,150.0,0.0,Low Risk (<30%),4-6 Months (Mid-High)
0.0,26.0,3,Fashion,3,Married,4,0,0.0,198.24,1,0-6 Months (New),Far,Active,0.0,0.96,High Risk (>70%),0-3 Months (High Risk)
1.0,19.0,5,Mobile Phone,5,Married,3,0,1.0,145.33,1,0-6 Months (New),Moderate,Active,30.0,0.74,High Risk (>70%),0-3 Months (High Risk)
11.0,31.0,4,Fashion,4,Divorced,4,0,3.0,220.61,0,6-24 Months (Regular),Far,Active,330.0,0.0,Low Risk (<30%),7-12 Months (Moderate)
2.0,9.0,3,Laptop & Accessory,3,Divorced,2,0,2.0,155.61,0,0-6 Months (New),Near,Active,60.0,0.0,Low Risk (<30%),0-3 Months (High Risk)
11.0,9.0,3,Laptop & Accessory,3,Single,4,1,2.0,143.17,0,6-24 Months (Regular),Near,Active,330.0,0.0,Low Risk (<30%),7-12 Months (Moderate)
11.0,7.0,4,Fashion,1,Married,4,1,3.0,261.03,0,6-24 Months (Regular),Near,Active,330.0,0.0,Low Risk (<30%),7-12 Months (Moderate)
15.0,8.0,3,Mobile Phone,3,Married,1,1,0.0,126.96,0,6-24 Months (Regular),Near,Active,450.0,0.14,Low Risk (<30%),12+ Months (Loyal)
4.0,34.0,4,Laptop & Accessory,2,Married,9,0,8.0,178.04,0,0-6 Months (New),Far,Active,120.0,0.0,Low Risk (<30%),4-6 Months (Mid-High)
19.0,9.0,4,Laptop & Accessory,4,Married,2,0,8.0,173.05,0,6-24 Months (Regular),Near,Active,570.0,0.01,Low Risk (<30%),12+ Months (Loyal)
0.0,14.0,3,Mobile Phone,3,Divorced,2,0,2.0,126.1,1,0-6 Months (New),Moderate,Active,0.0,0.5312857142857143,Medium Risk (30-70%),0-3 Months (High Risk)
10.0,13.0,3,Fashion,3,Single,5,0,2.0,236.64,0,6-24 Months (Regular),Moderate,Active,300.0,0.02,Low Risk (<30%),7-12 Months (Moderate)
3.0,16.0,4,Mobile Phone,3,Married,11,0,3.0,154.74,0,0-6 Months (New),Moderate,Active,90.0,0.01,Low Risk (<30%),0-3 Months (High Risk)
7.0,30.0,4,Fashion,1,Single,3,1,13.0,259.58,0,6-24 Months (Regular),Far,Active,210.0,0.23,Low Risk (<30%),7-12 Months (Moderate)
21.0,12.0,4,Others,3,Married,6,0,2.0,308.0,0,6-24 Months (Regular),Moderate,Active,630.0,0.0,Low Risk (<30%),12+ Months (Loyal)
19.0,8.0,3,Grocery,3,Married,7,0,1.0,278.61,0,6-24 Months (Regular),Near,Active,570.0,0.0,Low Risk (<30%),12+ Months (Loyal)
4.0,9.0,5,Laptop & Accessory,1,Married,3,0,9.0,166.52,0,0-6 Months (New),Near,Active,120.0,0.0,Low Risk (<30%),4-6 Months (Mid-High)
21.0,9.0,4,Laptop & Accessory,4,Married,9,0,1.0,174.78,0,6-24 Months (Regular),Near,Active,630.0,0.01,Low Risk (<30%),12+ Months (Loyal)
1.0,36.0,6,Laptop & Accessory,5,Single,10,0,3.0,174.69,1,0-6 Months (New),Far,Active,30.0,0.6,Medium Risk (30-70%),0-3 Months (High Risk)
19.0,24.0,3,Laptop & Accessory,3,Married,3,0,8.0,148.1,0,6-24 Months (Regular),Far,Active,570.0,0.04,Low Risk (<30%),12+ Months (Loyal)
51.0,7.0,2,Laptop & Accessory,3,Divorced,2,0,9.0,174.0,0,24+ Months (Loyal),Near,Active,1530.0,0.0,Low Risk (<30%),12+ Months (Loyal)
13.0,8.0,1,Laptop & Accessory,4,Divorced,2,0,7.0,142.44,0,6-24 Months (Regular),Near,Active,390.0,0.0,Low Risk (<30%),12+ Months (Loyal)
8.0,31.0,4,Laptop & Accessory,2,Single,5,0,2.0,136.81,0,6-24 Months (Regular),Far,Active,240.0,0.0,Low Risk (<30%),7-12 Months (Moderate)
12.0,7.0,5,Laptop & Accessory,1,Single,6,0,3.0,211.86,0,6-24 Months (Regular),Near,Active,360.0,0.0,Low Risk (<30%),7-12 Months (Moderate)
15.0,32.0,3,Grocery,4,Married,6,0,8.0,235.25,0,6-24 Months (Regular),Far,Active,450.0,0.0,Low Risk (<30%),12+ Months (Loyal)
1.0,7.0,4,Mobile Phone,3,Single,2,0,6.0,145.58,1,0-6 Months (New),Near,Active,30.0,0.72,High Risk (>70%),0-3 Months (High Risk)
0.0,11.0,3,Mobile Phone,1,Single,2,0,0.0,110.509999999999,0,0-6 Months (New),Moderate,Active,0.0,0.1,Low Risk (<30%),0-3 Months (High Risk)
8.0,22.0,4,Fashion,4,Single,2,0,3.0,186.06,0,6-24 Months (Regular),Far,Active,240.0,0.0,Low Risk (<30%),7-12 Months (Moderate)
22.0,13.0,3,Fashion,4,Married,4,0,7.0,204.66,0,6-24 Months (Regular),Moderate,Active,660.0,0.02,Low Risk (<30%),12+ Months (Loyal)
9.0,15.0,4,Laptop & Accessory,3,Married,3,0,10.0,166.48,0,6-24 Months (Regular),Moderate,Active,270.0,0.0,Low Risk (<30%),7-12 Months (Moderate)
3.0,9.0,4,Laptop & Accessory,1,Married,3,0,3.0,213.53,0,0-6 Months (New),Near,Active,90.0,0.06,Low Risk (<30%),0-3 Months (High Risk)
12.0,17.0,3,Fashion,2,Divorced,2,0,7.0,176.54,1,6-24 Months (Regular),Moderate,Active,360.0,0.87,High Risk (>70%),7-12 Months (Moderate)
19.0,14.0,4,Mobile Phone,3,Divorced,6,1,3.0,169.77,0,6-24 Months (Regular),Moderate,Active,570.0,0.07,Low Risk (<30%),12+ Months (Loyal)
19.0,27.0,4,Laptop & Accessory,3,Single,10,0,2.0,173.5,0,6-24 Months (Regular),Far,Active,570.0,0.01,Low Risk (<30%),12+ Months (Loyal)
26.0,13.0,1,Grocery,3,Married,4,0,3.0,248.14,0,24+ Months (Loyal),Moderate,Active,780.0,0.0,Low Risk (<30%),12+ Months (Loyal)
20.0,10.0,4,Fashion,4,Married,9,1,10.0,203.33,0,6-24 Months (Regular),Near,Active,600.0,0.03,Low Risk (<30%),12+ Months (Loyal)
9.0,14.0,4,Mobile Phone,3,Married,3,0,1.0,149.04,0,6-24 Months (Regular),Moderate,Active,270.0,0.0,Low Risk (<30%),7-12 Months (Moderate)
17.0,30.0,5,Mobile Phone,3,Single,3,0,4.0,137.08,0,6-24 Months (Regular),Far,Active,510.0,0.02,Low Risk (<30%),12+ Months (Loyal)
8.0,17.0,4,Mobile Phone,3,Single,3,1,3.0,154.36,1,6-24 Months (Regular),Moderate,Active,240.0,0.68,Medium Risk (30-70%),7-12 Months (Moderate)
7.0,14.0,3,Mobile Phone,4,Married,2,1,3.0,123.419999999999,1,6-24 Months (Regular),Moderate,Active,210.0,0.65,Medium Risk (30-70%),7-12 Months (Moderate)
1.0,22.0,4,Mobile Phone,1,Single,3,0,1.0,137.32,0,0-6 Months (New),Far,Active,30.0,0.28,Low Risk (<30%),0-3 Months (High Risk)
12.0,24.0,3,Laptop & Accessory,3,Single,1,0,7.0,145.34,0,6-24 Months (Regular),Far,Active,360.0,0.03,Low Risk (<30%),7-12 Months (Moderate)
9.0,7.0,4,Fashion,4,Divorced,3,0,7.0,197.95,0,6-24 Months (Regular),Near,Active,270.0,0.24,Low Risk (<30%),7-12 Months (Moderate)
2.0,14.0,3,Mobile Phone,3,Single,2,0,0.0,126.419999999999,0,0-6 Months (New),Moderate,Active,60.0,0.01,Low Risk (<30%),0-3 Months (High Risk)
4.0,9.0,4,Mobile Phone,4,Married,3,0,1.0,149.76,0,0-6 Months (New),Near,Active,120.0,0.02,Low Risk (<30%),4-6 Months (Mid-High)
29.0,8.0,2,Grocery,1,Married,4,0,1.0,272.32,0,24+ Months (Loyal),Near,Active,870.0,0.0,Low Risk (<30%),12+ Months (Loyal)
1.0,14.0,4,Mobile Phone,3,Divorced,3,1,3.0,153.86,1,0-6 Months (New),Moderate,Active,30.0,0.67,Medium Risk (30-70%),0-3 Months (High Risk)
20.0,20.0,4,Laptop & Accessory,4,Single,8,0,10.0,180.62,0,6-24 Months (Regular),Moderate,Active,600.0,0.0,Low Risk (<30%),12+ Months (Loyal)
10.0,7.0,4,Laptop & Accessory,1,Married,2,0,11.0,164.74,0,6-24 Months (Regular),Near,Active,300.0,0.0,Low Risk (<30%),7-12 Months (Moderate)
1.0,7.0,4,Laptop & Accessory,4,Divorced,2,1,5.0,188.49,0,0-6 Months (New),Near,Active,30.0,0.21,Low Risk (<30%),0-3 Months (High Risk)
9.0,9.0,5,Fashion,4,Married,4,0,3.0,227.74,0,6-24 Months (Regular),Near,Active,270.0,0.15,Low Risk (<30%),7-12 Months (Moderate)
4.0,30.0,4,Laptop & Accessory,5,Single,2,0,8.0,168.12,0,0-6 Months (New),Far,Active,120.0,0.0,Low Risk (<30%),4-6 Months (Mid-High)
4.0,11.0,3,Laptop & Accessory,3,Married,2,0,2.0,183.46,0,0-6 Months (New),Moderate,Active,120.0,0.0,Low Risk (<30%),4-6 Months (Mid-High)
10.0,6.0,4,Laptop & Accessory,3,Married,2,0,7.0,159.93,0,6-24 Months (Regular),Near,Active,300.0,0.0,Low Risk (<30%),7-12 Months (Moderate)
13.0,7.0,3,Grocery,5,Married,3,0,16.0,268.23,0,6-24 Months (Regular),Near,Active,390.0,0.0,Low Risk (<30%),12+ Months (Loyal)
1.0,17.0,5,Mobile Phone,5,Single,8,1,1.0,149.04,1,0-6 Months (New),Moderate,Active,30.0,0.99,High Risk (>70%),0-3 Months (High Risk)
8.0,6.0,3,Fashion,4,Married,2,0,6.0,172.95,0,6-24 Months (Regular),Near,Active,240.0,0.02,Low Risk (<30%),7-12 Months (Moderate)
11.0,14.0,1,Mobile Phone,3,Married,2,0,3.0,126.1,0,6-24 Months (Regular),Moderate,Active,330.0,0.0,Low Risk (<30%),7-12 Months (Moderate)
1.0,16.0,4,Mobile Phone,2,Single,3,0,3.0,151.1,0,0-6 Months (New),Moderate,Active,30.0,0.5080357142857143,Medium Risk (30-70%),0-3 Months (High Risk)
15.0,15.0,3,Mobile Phone,1,Single,2,0,8.0,136.73,0,6-24 Months (Regular),Moderate,Active,450.0,0.0,Low Risk (<30%),12+ Months (Loyal)
24.0,9.0,3,Fashion,3,Married,3,0,3.0,231.16,0,6-24 Months (Regular),Near,Active,720.0,0.0,Low Risk (<30%),12+ Months (Loyal)
30.0,7.0,4,Mobile Phone,5,Divorced,4,0,1.0,145.66,0,24+ Months (Loyal),Near,Active,900.0,0.0,Low Risk (<30%),12+ Months (Loyal)
1.0,25.0,2,Laptop & Accessory,3,Married,4,0,3.0,187.32,0,0-6 Months (New),Far,Active,30.0,0.01,Low Risk (<30%),0-3 Months (High Risk)
1.0,16.0,4,Mobile Phone,5,Single,3,0,3.0,152.28,0,0-6 Months (New),Moderate,Active,30.0,0.2866666666666667,Low Risk (<30%),0-3 Months (High Risk)
20.0,10.0,4,Grocery,3,Married,5,0,10.0,299.65,0,6-24 Months (Regular),Near,Active,600.0,0.0,Low Risk (<30%),12+ Months (Loyal)
0.0,18.0,3,Laptop & Accessory,1,Single,4,1,7.0,145.81,1,0-6 Months (New),Moderate,Active,0.0,0.91,High Risk (>70%),0-3 Months (High Risk)
1.0,23.0,4,Mobile Phone,4,Married,4,1,3.0,148.73,1,0-6 Months (New),Far,Active,30.0,0.76,High Risk (>70%),0-3 Months (High Risk)
6.0,22.0,3,Laptop & Accessory,1,Married,2,1,2.0,153.68,0,0-6 Months (New),Far,Active,180.0,0.0,Low Risk (<30%),4-6 Months (Mid-High)
17.0,13.0,5,Laptop & Accessory,3,Single,3,1,9.0,165.81,0,6-24 Months (Regular),Moderate,Active,510.0,0.01,Low Risk (<30%),12+ Months (Loyal)
7.0,9.0,4,Mobile Phone,1,Single,2,0,3.0,150.0,0,6-24 Months (Regular),Near,Active,210.0,0.0,Low Risk (<30%),7-12 Months (Moderate)
13.0,7.0,3,Laptop & Accessory,1,Married,5,0,3.0,165.13,0,6-24 Months (Regular),Near,Active,390.0,0.0,Low Risk (<30%),12+ Months (Loyal)
5.0,14.0,4,Fashion,5,Married,4,0,3.0,221.37,0,0-6 Months (New),Moderate,Active,150.0,0.09,Low Risk (<30%),4-6 Months (Mid-High)
0.0,8.0,4,Mobile Phone,1,Single,2,0,0.0,111.02,1,0-6 Months (New),Near,Active,0.0,0.91,High Risk (>70%),0-3 Months (High Risk)
16.0,33.0,3,Fashion,5,Divorced,9,0,1.0,208.2,0,6-24 Months (Regular),Far,Active,480.0,0.01,Low Risk (<30%),12+ Months (Loyal)
17.0,17.0,5,Laptop & Accessory,3,Married,3,0,1.0,177.57,0,6-24 Months (Regular),Moderate,Active,510.0,0.0,Low Risk (<30%),12+ Months (Loyal)
9.0,7.0,6,Mobile Phone,1,Married,3,0,2.0,154.77,0,6-24 Months (Regular),Near,Active,270.0,0.0,Low Risk (<30%),7-12 Months (Moderate)
14.0,16.0,4,Mobile Phone,4,Married,10,1,1.0,161.17,0,6-24 Months (Regular),Moderate,Active,420.0,0.09,Low Risk (<30%),12+ Months (Loyal)
9.0,23.0,4,Laptop & Accessory,4,Married,3,0,3.0,155.07,0,6-24 Months (Regular),Far,Active,270.0,0.01,Low Risk (<30%),7-12 Months (Moderate)
8.0,9.0,4,Laptop & Accessory,3,Single,4,0,3.0,165.33,0,6-24 Months (Regular),Near,Active,240.0,0.0,Low Risk (<30%),7-12 Months (Moderate)
7.0,7.0,3,Fashion,1,Single,2,0,1.0,198.88,0,6-24 Months (Regular),Near,Active,210.0,0.01,Low Risk (<30%),7-12 Months (Moderate)
1.0,30.0,5,Fashion,5,Married,3,0,11.0,198.36,1,0-6 Months (New),Far,Active,30.0,0.84,High Risk (>70%),0-3 Months (High Risk)
19.0,33.0,5,Laptop & Accessory,5,Married,3,0,6.0,168.85,0,6-24 Months (Regular),Far,Active,570.0,0.04,Low Risk (<30%),12+ Months (Loyal)
1.0,33.0,4,Laptop & Accessory,1,Married,3,1,9.0,181.17,1,0-6 Months (New),Far,Active,30.0,0.93,High Risk (>70%),0-3 Months (High Risk)
8.0,7.0,5,Fashion,5,Divorced,11,0,3.0,229.82,1,6-24 Months (Regular),Near,Active,240.0,0.7,High Risk (>70%),7-12 Months (Moderate)
6.0,20.0,3,Mobile Phone,4,Married,2,0,6.0,127.56,0,0-6 Months (New),Moderate,Active,180.0,0.0,Low Risk (<30%),4-6 Months (Mid-High)
13.0,12.0,3,Grocery,3,Single,8,0,13.0,232.37,0,6-24 Months (Regular),Moderate,Active,390.0,0.0,Low Risk (<30%),12+ Months (Loyal)
13.0,8.0,1,Laptop & Accessory,3,Married,6,0,8.0,163.77,0,6-24 Months (Regular),Near,Active,390.0,0.0,Low Risk (<30%),12+ Months (Loyal)
12.0,10.0,4,Fashion,3,Married,2,0,3.0,231.089999999999,0,6-24 Months (Regular),Near,Active,360.0,0.01,Low Risk (<30%),7-12 Months (Moderate)
10.0,20.0,4,Mobile Phone,4,Divorced,5,0,5.0,146.43,0,6-24 Months (Regular),Moderate,Active,300.0,0.0,Low Risk (<30%),7-12 Months (Moderate)
1.0,30.0,5,Laptop & Accessory,3,Married,3,0,9.0,160.4,0,0-6 Months (New),Far,Active,30.0,0.26,Low Risk (<30%),0-3 Months (High Risk)
4.0,16.0,3,Fashion,3,Married,5,0,3.0,210.31,0,0-6 Months (New),Moderate,Active,120.0,0.0,Low Risk (<30%),4-6 Months (Mid-High)
8.0,31.0,4,Fashion,4,Married,4,0,8.0,209.029999999999,0,6-24 Months (Regular),Far,Active,240.0,0.0,Low Risk (<30%),7-12 Months (Moderate)
6.0,11.0,4,Mobile Phone,4,Divorced,4,0,3.0,164.31,0,0-6 Months (New),Moderate,Active,180.0,0.0,Low Risk (<30%),4-6 Months (Mid-High)
5.0,14.0,3,Mobile Phone,5,Single,2,0,2.0,124.389999999999,0,0-6 Months (New),Moderate,Active,150.0,0.05,Low Risk (<30%),4-6 Months (Mid-High)
17.0,32.0,5,Fashion,1,Married,7,0,1.0,232.98,0,6-24 Months (Regular),Far,Active,510.0,0.0,Low Risk (<30%),12+ Months (Loyal)
22.0,11.0,5,Fashion,3,Single,9,0,9.0,234.99,0,6-24 Months (Regular),Moderate,Active,660.0,0.0,Low Risk (<30%),12+ Months (Loyal)
8.0,16.0,3,Mobile Phone,2,Married,2,0,2.0,139.17,0,6-24 Months (Regular),Moderate,Active,240.0,0.0,Low Risk (<30%),7-12 Months (Moderate)
7.0,14.0,3,Mobile Phone,3,Married,2,1,6.0,125.789999999999,0,6-24 Months (Regular),Moderate,Active,210.0,0.12,Low Risk (<30%),7-12 Months (Moderate)
21.0,10.0,3,Fashion,1,Single,2,0,8.0,178.98,0,6-24 Months (Regular),Near,Active,630.0,0.0,Low Risk (<30%),12+ Months (Loyal)
0.0,16.0,4,Fashion,5,Married,10,0,0.0,203.06,1,0-6 Months (New),Moderate,Active,0.0,0.96,High Risk (>70%),0-3 Months (High Risk)
0.0,9.0,3,Laptop & Accessory,3,Married,1,0,2.0,149.99,0,0-6 Months (New),Near,Active,0.0,0.02,Low Risk (<30%),0-3 Months (High Risk)
0.0,7.0,4,Laptop & Accessory,3,Single,2,0,2.0,146.17,0,0-6 Months (New),Near,Active,0.0,0.07,Low Risk (<30%),0-3 Months (High Risk)
16.0,12.0,4,Others,3,Divorced,8,0,1.0,308.03,0,6-24 Months (Regular),Moderate,Active,480.0,0.0,Low Risk (<30%),12+ Months (Loyal)
13.0,17.0,4,Fashion,3,Single,9,0,3.0,259.64,0,6-24 Months (Regular),Moderate,Active,390.0,0.0,Low Risk (<30%),12+ Months (Loyal)
9.0,13.0,3,Mobile Phone,5,Single,4,1,3.0,121.66,1,6-24 Months (Regular),Moderate,Active,270.0,0.72,High Risk (>70%),7-12 Months (Moderate)
19.0,32.0,4,Others,4,Single,5,0,1.0,305.61,0,6-24 Months (Regular),Far,Active,570.0,0.0,Low Risk (<30%),12+ Months (Loyal)
12.0,7.0,5,Laptop & Accessory,2,Single,6,0,3.0,211.86,0,6-24 Months (Regular),Near,Active,360.0,0.0,Low Risk (<30%),7-12 Months (Moderate)
1.0,28.0,2,Mobile Phone,2,Single,3,0,3.0,151.78,0,0-6 Months (New),Far,Active,30.0,0.01,Low Risk (<30%),0-3 Months (High Risk)
24.0,7.0,4,Others,4,Married,5,1,8.0,306.72,0,6-24 Months (Regular),Near,Active,720.0,0.01,Low Risk (<30%),12+ Months (Loyal)
18.0,15.0,2,Mobile Phone,2,Divorced,4,1,3.0,153.18,0,6-24 Months (Regular),Moderate,Active,540.0,0.01,Low Risk (<30%),12+ Months (Loyal)
9.0,30.0,4,Mobile Phone,3,Single,6,1,3.0,120.28,1,6-24 Months (Regular),Far,Active,270.0,0.84,High Risk (>70%),7-12 Months (Moderate)
16.0,11.0,4,Others,2,Divorced,3,0,16.0,317.32,0,6-24 Months (Regular),Moderate,Active,480.0,0.01,Low Risk (<30%),12+ Months (Loyal)
5.0,15.0,4,Fashion,1,Married,3,0,10.0,232.93,0,0-6 Months (New),Moderate,Active,150.0,0.0,Low Risk (<30%),4-6 Months (Mid-High)
9.0,14.0,1,Laptop & Accessory,1,Married,5,0,3.0,125.71,0,6-24 Months (Regular),Moderate,Active,270.0,0.0,Low Risk (<30%),7-12 Months (Moderate)
10.0,9.0,4,Laptop & Accessory,4,Married,6,1,1.0,194.62,0,6-24 Months (Regular),Near,Active,300.0,0.0,Low Risk (<30%),7-12 Months (Moderate)
0.0,9.0,4,Mobile Phone,3,Single,2,0,0.0,132.3,0,0-6 Months (New),Near,Active,0.0,0.08,Low Risk (<30%),0-3 Months (High Risk)
20.0,14.0,4,Fashion,3,Married,8,0,8.0,233.45,0,6-24 Months (Regular),Moderate,Active,600.0,0.0,Low Risk (<30%),12+ Months (Loyal)
3.0,9.0,4,Mobile Phone,4,Married,2,0,5.0,152.03,0,0-6 Months (New),Near,Active,90.0,0.04,Low Risk (<30%),0-3 Months (High Risk)
3.0,17.0,5,Laptop & Accessory,3,Single,11,0,5.0,183.69,0,0-6 Months (New),Moderate,Active,90.0,0.01,Low Risk (<30%),0-3 Months (High Risk)
16.0,15.0,4,Mobile Phone,3,Single,6,0,1.0,164.68,0,6-24 Months (Regular),Moderate,Active,480.0,0.0,Low Risk (<30%),12+ Months (Loyal)
9.0,23.0,5,Fashion,4,Single,3,0,3.0,211.06,0,6-24 Months (Regular),Far,Active,270.0,0.0,Low Risk (<30%),7-12 Months (Moderate)
11.0,36.0,4,Fashion,4,Divorced,3,1,10.0,243.49,1,6-24 Months (Regular),Far,Active,330.0,0.91,High Risk (>70%),7-12 Months (Moderate)
16.0,9.0,4,Grocery,5,Married,2,0,8.0,301.65,0,6-24 Months (Regular),Near,Active,480.0,0.02,Low Risk (<30%),12+ Months (Loyal)
1.0,7.0,2,Fashion,4,Single,3,0,8.0,199.46,1,0-6 Months (New),Near,Active,30.0,0.67,Medium Risk (30-70%),0-3 Months (High Risk)
1.0,7.0,4,Fashion,5,Divorced,3,0,8.0,199.12,0,0-6 Months (New),Near,Active,30.0,0.05,Low Risk (<30%),0-3 Months (High Risk)
15.0,12.0,2,Mobile Phone,3,Divorced,4,1,4.0,146.27,0,6-24 Months (Regular),Moderate,Active,450.0,0.01,Low Risk (<30%),12+ Months (Loyal)
5.0,11.0,3,Laptop & Accessory,4,Divorced,2,0,3.0,165.24,0,0-6 Months (New),Moderate,Active,150.0,0.0,Low Risk (<30%),4-6 Months (Mid-High)
1.0,9.0,4,Laptop & Accessory,3,Single,3,1,5.0,169.78,0,0-6 Months (New),Near,Active,30.0,0.04,Low Risk (<30%),0-3 Months (High Risk)
8.0,22.0,4,Laptop & Accessory,5,Single,3,0,7.0,186.25,0,6-24 Months (Regular),Far,Active,240.0,0.01,Low Risk (<30%),7-12 Months (Moderate)
1.0,11.0,5,Mobile Phone,1,Married,2,0,5.0,156.62,0,0-6 Months (New),Moderate,Active,30.0,0.13,Low Risk (<30%),0-3 Months (High Risk)
1.0,15.0,5,Mobile Phone,4,Single,3,0,1.0,137.61,1,0-6 Months (New),Moderate,Active,30.0,0.78,High Risk (>70%),0-3 Months (High Risk)
1.0,24.0,4,Mobile Phone,3,Married,2,1,1.0,152.41,1,0-6 Months (New),Far,Active,30.0,1.0,High Risk (>70%),0-3 Months (High Risk)
22.0,9.0,4,Laptop & Accessory,5,Divorced,5,0,2.0,147.89,0,6-24 Months (Regular),Near,Active,660.0,0.0,Low Risk (<30%),12+ Months (Loyal)
1.0,7.0,5,Mobile Phone,3,Married,3,0,4.0,145.07,0,0-6 Months (New),Near,Active,30.0,0.33,Medium Risk (30-70%),0-3 Months (High Risk)
11.0,31.0,4,Fashion,4,Married,4,0,3.0,220.61,0,6-24 Months (Regular),Far,Active,330.0,0.0,Low Risk (<30%),7-12 Months (Moderate)
9.0,24.0,3,Laptop & Accessory,2,Single,3,0,9.0,177.79,0,6-24 Months (Regular),Far,Active,270.0,0.02,Low Risk (<30%),7-12 Months (Moderate)
10.0,19.0,4,Laptop & Accessory,3,Married,11,1,2.0,171.63,0,6-24 Months (Regular),Moderate,Active,300.0,0.03,Low Risk (<30%),7-12 Months (Moderate)
0.0,28.0,4,Mobile Phone,4,Married,2,0,0.0,128.63,1,0-6 Months (New),Far,Active,0.0,0.72,High Risk (>70%),0-3 Months (High Risk)
5.0,7.0,5,Mobile Phone,5,Married,3,0,3.0,147.18,0,0-6 Months (New),Near,Active,150.0,0.0,Low Risk (<30%),4-6 Months (Mid-High)
1.0,35.0,5,Laptop & Accessory,5,Single,5,0,4.0,167.84,1,0-6 Months (New),Far,Active,30.0,0.7,High Risk (>70%),0-3 Months (High Risk)
10.0,25.0,4,Mobile Phone,1,Single,3,0,8.0,146.53,0,6-24 Months (Regular),Far,Active,300.0,0.0,Low Risk (<30%),7-12 Months (Moderate)
9.0,7.0,3,Mobile Phone,5,Single,3,0,2.0,120.8,0,6-24 Months (Regular),Near,Active,270.0,0.0,Low Risk (<30%),7-12 Months (Moderate)
13.0,10.0,3,Others,3,Divorced,2,0,9.0,290.33,0,6-24 Months (Regular),Near,Active,390.0,0.0,Low Risk (<30%),12+ Months (Loyal)
5.0,18.0,4,Mobile Phone,1,Married,5,1,3.0,148.56,0,0-6 Months (New),Moderate,Active,150.0,0.07,Low Risk (<30%),4-6 Months (Mid-High)
31.0,10.0,2,Mobile Phone,5,Married,6,1,1.0,151.7,0,24+ Months (Loyal),Near,Active,930.0,0.04,Low Risk (<30%),12+ Months (Loyal)
13.0,22.0,3,Mobile Phone,3,Married,10,0,0.0,135.44,0,6-24 Months (Regular),Far,Active,390.0,0.0,Low Risk (<30%),12+ Months (Loyal)
1.0,15.0,4,Mobile Phone,3,Single,3,0,1.0,144.04,1,0-6 Months (New),Moderate,Active,30.0,0.88,High Risk (>70%),0-3 Months (High Risk)
0.0,6.0,3,Mobile Phone,1,Single,2,1,8.0,126.86,1,0-6 Months (New),Near,Active,0.0,0.99,High Risk (>70%),0-3 Months (High Risk)
8.0,14.0,3,Mobile Phone,3,Divorced,2,0,0.0,124.039999999999,0,6-24 Months (Regular),Moderate,Active,240.0,0.03,Low Risk (<30%),7-12 Months (Moderate)
1.0,31.0,5,Mobile Phone,3,Single,7,1,4.0,145.28,1,0-6 Months (New),Far,Active,30.0,0.84,High Risk (>70%),0-3 Months (High Risk)
15.0,10.0,5,Laptop & Accessory,4,Married,4,0,3.0,214.38,0,6-24 Months (Regular),Near,Active,450.0,0.06,Low Risk (<30%),12+ Months (Loyal)
18.0,16.0,4,Mobile Phone,5,Divorced,3,1,2.0,150.59,0,6-24 Months (Regular),Moderate,Active,540.0,0.0,Low Risk (<30%),12+ Months (Loyal)
13.0,25.0,4,Laptop & Accessory,3,Single,2,0,8.0,170.34,0,6-24 Months (Regular),Far,Active,390.0,0.0,Low Risk (<30%),12+ Months (Loyal)
23.0,6.0,3,Grocery,2,Married,10,0,3.0,273.99,0,6-24 Months (Regular),Near,Active,690.0,0.0,Low Risk (<30%),12+ Months (Loyal)
6.0,6.0,1,Laptop & Accessory,4,Divorced,2,1,2.0,154.88,0,0-6 Months (New),Near,Active,180.0,0.03,Low Risk (<30%),4-6 Months (Mid-High)
16.0,8.0,3,Mobile Phone,1,Single,1,0,8.0,135.39,0,6-24 Months (Regular),Near,Active,480.0,0.0,Low Risk (<30%),12+ Months (Loyal)
5.0,9.0,4,Mobile Phone,3,Married,2,0,3.0,155.67,0,0-6 Months (New),Near,Active,150.0,0.0,Low Risk (<30%),4-6 Months (Mid-High)
1.0,15.0,5,Laptop & Accessory,5,Single,8,0,3.0,178.26,1,0-6 Months (New),Moderate,Active,30.0,0.75,High Risk (>70%),0-3 Months (High Risk)
11.0,13.0,2,Laptop & Accessory,5,Married,6,1,8.0,184.74,0,6-24 Months (Regular),Moderate,Active,330.0,0.0,Low Risk (<30%),7-12 Months (Moderate)
23.0,14.0,5,Fashion,3,Single,10,0,1.0,170.0,0,6-24 Months (Regular),Moderate,Active,690.0,0.0,Low Risk (<30%),12+ Months (Loyal)
1.0,36.0,4,Laptop & Accessory,3,Married,7,0,1.0,168.06,0,0-6 Months (New),Far,Active,30.0,0.39,Medium Risk (30-70%),0-3 Months (High Risk)
4.0,30.0,3,Laptop & Accessory,1,Single,3,0,4.0,152.38,0,0-6 Months (New),Far,Active,120.0,0.0,Low Risk (<30%),4-6 Months (Mid-High)
9.0,17.0,3,Mobile Phone,4,Divorced,2,0,2.0,122.44,0,6-24 Months (Regular),Moderate,Active,270.0,0.0,Low Risk (<30%),7-12 Months (Moderate)
26.0,14.0,3,Grocery,1,Married,6,0,3.0,218.36,0,24+ Months (Loyal),Moderate,Active,780.0,0.0,Low Risk (<30%),12+ Months (Loyal)
10.0,19.0,5,Fashion,1,Single,2,0,3.0,213.58,0,6-24 Months (Regular),Moderate,Active,300.0,0.02,Low Risk (<30%),7-12 Months (Moderate)
3.0,9.0,4,Laptop & Accessory,3,Divorced,3,0,3.0,171.49,0,0-6 Months (New),Near,Active,90.0,0.0,Low Risk (<30%),0-3 Months (High Risk)
30.0,21.0,3,Grocery,3,Married,3,1,2.0,257.87,0,24+ Months (Loyal),Far,Active,900.0,0.0,Low Risk (<30%),12+ Months (Loyal)
0.0,14.0,3,Mobile Phone,4,Single,1,0,2.0,124.22,1,0-6 Months (New),Moderate,Active,0.0,0.67,Medium Risk (30-70%),0-3 Months (High Risk)
16.0,8.0,3,Laptop & Accessory,1,Married,2,0,7.0,156.75,0,6-24 Months (Regular),Near,Active,480.0,0.0,Low Risk (<30%),12+ Months (Loyal)
6.0,19.0,3,Mobile Phone,2,Single,4,0,2.0,134.52,0,0-6 Months (New),Moderate,Active,180.0,0.0,Low Risk (<30%),4-6 Months (Mid-High)
13.0,15.0,3,Mobile Phone,4,Married,9,1,0.0,136.17,0,6-24 Months (Regular),Moderate,Active,390.0,0.11,Low Risk (<30%),12+ Months (Loyal)
9.0,8.0,3,Mobile Phone,1,Married,2,0,2.0,120.139999999999,0,6-24 Months (Regular),Near,Active,270.0,0.0,Low Risk (<30%),7-12 Months (Moderate)
31.0,10.0,5,Mobile Phone,2,Divorced,5,0,1.0,146.77,0,24+ Months (Loyal),Near,Active,930.0,0.0,Low Risk (<30%),12+ Months (Loyal)
1.0,16.0,4,Mobile Phone,5,Divorced,3,0,3.0,150.0,0,0-6 Months (New),Moderate,Active,30.0,0.1225,Low Risk (<30%),0-3 Months (High Risk)
11.0,28.0,4,Mobile Phone,2,Divorced,7,0,1.0,154.73,0,6-24 Months (Regular),Far,Active,330.0,0.0,Low Risk (<30%),7-12 Months (Moderate)
16.0,33.0,1,Mobile Phone,4,Married,6,0,2.0,148.76,0,6-24 Months (Regular),Far,Active,480.0,0.0,Low Risk (<30%),12+ Months (Loyal)
25.0,7.0,5,Fashion,5,Single,5,0,9.0,199.84,0,24+ Months (Loyal),Near,Active,750.0,0.0,Low Risk (<30%),12+ Months (Loyal)
8.0,24.0,3,Fashion,1,Single,3,0,2.0,193.62,0,6-24 Months (Regular),Far,Active,240.0,0.03,Low Risk (<30%),7-12 Months (Moderate)
4.0,13.0,3,Laptop & Accessory,2,Married,5,0,7.0,175.47,0,0-6 Months (New),Moderate,Active,120.0,0.08,Low Risk (<30%),4-6 Months (Mid-High)
2.0,8.0,4,Mobile Phone,1,Married,3,0,4.0,145.44,0,0-6 Months (New),Near,Active,60.0,0.0,Low Risk (<30%),0-3 Months (High Risk)
24.0,6.0,3,Mobile Phone,2,Divorced,2,0,0.0,127.229999999999,0,6-24 Months (Regular),Near,Active,720.0,0.01,Low Risk (<30%),12+ Months (Loyal)
8.0,31.0,4,Mobile Phone,3,Married,5,1,1.0,156.61,1,6-24 Months (Regular),Far,Active,240.0,0.68,Medium Risk (30-70%),7-12 Months (Moderate)
14.0,16.0,3,Laptop & Accessory,2,Single,8,0,10.0,162.3,0,6-24 Months (Regular),Moderate,Active,420.0,0.0,Low Risk (<30%),12+ Months (Loyal)
22.0,14.0,4,Grocery,4,Married,7,0,3.0,231.2,0,6-24 Months (Regular),Moderate,Active,660.0,0.0,Low Risk (<30%),12+ Months (Loyal)
12.0,9.0,4,Fashion,4,Single,9,0,1.0,198.51,0,6-24 Months (Regular),Near,Active,360.0,0.01,Low Risk (<30%),7-12 Months (Moderate)
10.0,22.0,6,Laptop & Accessory,1,Married,3,0,12.0,179.06,0,6-24 Months (Regular),Far,Active,300.0,0.04,Low Risk (<30%),7-12 Months (Moderate)
4.0,14.0,3,Fashion,2,Married,2,0,9.0,207.93,0,0-6 Months (New),Moderate,Active,120.0,0.02,Low Risk (<30%),4-6 Months (Mid-High)
10.0,9.0,4,Mobile Phone,3,Single,6,0,10.0,150.19,0,6-24 Months (Regular),Near,Active,300.0,0.0,Low Risk (<30%),7-12 Months (Moderate)
10.0,14.0,3,Mobile Phone,1,Married,2,1,2.0,123.259999999999,0,6-24 Months (Regular),Moderate,Active,300.0,0.16,Low Risk (<30%),7-12 Months (Moderate)
0.0,16.0,3,Laptop & Accessory,5,Single,2,0,8.0,142.13,1,0-6 Months (New),Moderate,Active,0.0,0.8,High Risk (>70%),0-3 Months (High Risk)
2.0,26.0,5,Mobile Phone,5,Divorced,3,0,4.0,156.96,0,0-6 Months (New),Far,Active,60.0,0.01,Low Risk (<30%),0-3 Months (High Risk)
11.0,15.0,3,Mobile Phone,1,Married,3,0,3.0,147.71,0,6-24 Months (Regular),Moderate,Active,330.0,0.0,Low Risk (<30%),7-12 Months (Moderate)
21.0,35.0,3,Fashion,3,Married,4,0,3.0,225.04,0,6-24 Months (Regular),Far,Active,630.0,0.01,Low Risk (<30%),12+ Months (Loyal)
3.0,31.0,3,Laptop & Accessory,3,Divorced,8,1,2.0,147.36,0,0-6 Months (New),Far,Active,90.0,0.0,Low Risk (<30%),0-3 Months (High Risk)
22.0,12.0,4,Grocery,3,Married,3,1,12.0,239.66,0,6-24 Months (Regular),Moderate,Active,660.0,0.0,Low Risk (<30%),12+ Months (Loyal)
1.0,13.0,4,Mobile Phone,5,Single,4,0,4.0,154.6,1,0-6 Months (New),Moderate,Active,30.0,0.88,High Risk (>70%),0-3 Months (High Risk)
11.0,12.0,4,Laptop & Accessory,2,Married,9,0,5.0,188.47,0,6-24 Months (Regular),Moderate,Active,330.0,0.0,Low Risk (<30%),7-12 Months (Moderate)
0.0,23.0,4,Laptop & Accessory,3,Married,2,0,2.0,143.77,0,0-6 Months (New),Far,Active,0.0,0.17,Low Risk (<30%),0-3 Months (High Risk)
8.0,9.0,3,Fashion,2,Married,7,0,8.0,178.23,0,6-24 Months (Regular),Near,Active,240.0,0.01,Low Risk (<30%),7-12 Months (Moderate)
15.0,14.0,2,Mobile Phone,3,Divorced,3,0,9.0,158.76,0,6-24 Months (Regular),Moderate,Active,450.0,0.0,Low Risk (<30%),12+ Months (Loyal)
0.0,6.0,4,Mobile Phone,3,Single,1,1,2.0,137.3,1,0-6 Months (New),Near,Active,0.0,0.95,High Risk (>70%),0-3 Months (High Risk)
18.0,15.0,4,Laptop & Accessory,3,Married,2,0,12.0,155.93,0,6-24 Months (Regular),Moderate,Active,540.0,0.0,Low Risk (<30%),12+ Months (Loyal)
13.0,26.0,4,Laptop & Accessory,1,Married,10,0,3.0,164.02,0,6-24 Months (Regular),Far,Active,390.0,0.0,Low Risk (<30%),12+ Months (Loyal)
24.0,36.0,5,Grocery,3,Married,2,0,8.0,295.46,0,6-24 Months (Regular),Far,Active,720.0,0.0,Low Risk (<30%),12+ Months (Loyal)
9.0,8.0,3,Laptop & Accessory,4,Married,5,1,0.0,169.62,0,6-24 Months (Regular),Near,Active,270.0,0.01,Low Risk (<30%),7-12 Months (Moderate)
12.0,36.0,4,Laptop & Accessory,2,Divorced,5,0,8.0,187.61,0,6-24 Months (Regular),Far,Active,360.0,0.0,Low Risk (<30%),7-12 Months (Moderate)
5.0,14.0,3,Mobile Phone,4,Divorced,2,0,7.0,123.699999999999,0,0-6 Months (New),Moderate,Active,150.0,0.0,Low Risk (<30%),4-6 Months (Mid-High)
0.0,26.0,3,Laptop & Accessory,3,Single,2,0,7.0,199.81,0,0-6 Months (New),Far,Active,0.0,0.19,Low Risk (<30%),0-3 Months (High Risk)
0.0,11.0,4,Laptop & Accessory,3,Single,2,1,3.0,157.44,1,0-6 Months (New),Moderate,Active,0.0,0.8,High Risk (>70%),0-3 Months (High Risk)
12.0,7.0,4,Mobile Phone,5,Single,5,0,1.0,151.19,0,6-24 Months (Regular),Near,Active,360.0,0.02,Low Risk (<30%),7-12 Months (Moderate)
0.0,24.0,1,Laptop & Accessory,3,Married,3,0,2.0,162.32,0,0-6 Months (New),Far,Active,0.0,0.03,Low Risk (<30%),0-3 Months (High Risk)
9.0,25.0,2,Laptop & Accessory,5,Married,3,0,11.0,177.08,0,6-24 Months (Regular),Far,Active,270.0,0.0,Low Risk (<30%),7-12 Months (Moderate)
9.0,8.0,4,Fashion,3,Married,2,0,0.0,175.96,0,6-24 Months (Regular),Near,Active,270.0,0.0,Low Risk (<30%),7-12 Months (Moderate)
2.0,8.0,3,Grocery,2,Married,8,0,3.0,221.69,1,0-6 Months (New),Near,Active,60.0,0.88,High Risk (>70%),0-3 Months (High Risk)
5.0,6.0,3,Laptop & Accessory,5,Married,5,0,2.0,140.87,0,0-6 Months (New),Near,Active,150.0,0.0,Low Risk (<30%),4-6 Months (Mid-High)
11.0,6.0,3,Laptop & Accessory,1,Married,8,0,9.0,147.35,0,6-24 Months (Regular),Near,Active,330.0,0.0,Low Risk (<30%),7-12 Months (Moderate)
5.0,16.0,3,Fashion,1,Single,3,0,3.0,212.44,0,0-6 Months (New),Moderate,Active,150.0,0.01,Low Risk (<30%),4-6 Months (Mid-High)
19.0,9.0,5,Laptop & Accessory,1,Married,3,0,10.0,182.7,0,6-24 Months (Regular),Near,Active,570.0,0.0,Low Risk (<30%),12+ Months (Loyal)
0.0,13.0,3,Mobile Phone,3,Married,4,1,7.0,133.39,1,0-6 Months (New),Moderate,Active,0.0,1.0,High Risk (>70%),0-3 Months (High Risk)
3.0,6.0,4,Fashion,3,Single,2,0,8.0,184.74,0,0-6 Months (New),Near,Active,90.0,0.0,Low Risk (<30%),0-3 Months (High Risk)
7.0,23.0,4,Laptop & Accessory,1,Married,3,1,3.0,178.68,0,6-24 Months (Regular),Far,Active,210.0,0.0,Low Risk (<30%),7-12 Months (Moderate)
6.0,10.0,4,Laptop & Accessory,5,Married,3,0,4.0,192.25,0,0-6 Months (New),Near,Active,180.0,0.01,Low Risk (<30%),4-6 Months (Mid-High)
15.0,34.0,4,Laptop & Accessory,2,Divorced,1,0,4.0,145.23,0,6-24 Months (Regular),Far,Active,450.0,0.0,Low Risk (<30%),12+ Months (Loyal)
11.0,7.0,5,Mobile Phone,5,Married,4,0,3.0,164.2,0,6-24 Months (Regular),Near,Active,330.0,0.0,Low Risk (<30%),7-12 Months (Moderate)
6.0,21.0,3,Laptop & Accessory,1,Married,1,1,1.0,12.0,0,0-6 Months (New),Far,Active,180.0,0.21,Low Risk (<30%),4-6 Months (Mid-High)
0.0,30.0,4,Fashion,5,Single,2,0,9.0,187.22,1,0-6 Months (New),Far,Active,0.0,0.85,High Risk (>70%),0-3 Months (High Risk)
14.0,9.0,4,Laptop & Accessory,4,Married,5,0,11.0,181.77,0,6-24 Months (Regular),Near,Active,420.0,0.0,Low Risk (<30%),12+ Months (Loyal)
23.0,34.0,3,Grocery,5,Married,5,1,2.0,268.8,0,6-24 Months (Regular),Far,Active,690.0,0.0,Low Risk (<30%),12+ Months (Loyal)
27.0,30.0,4,Grocery,1,Single,8,0,9.0,267.75,0,24+ Months (Loyal),Far,Active,810.0,0.0,Low Risk (<30%),12+ Months (Loyal)
5.0,25.0,2,Mobile Phone,3,Married,7,1,2.0,127.59,1,0-6 Months (New),Far,Active,150.0,0.86,High Risk (>70%),4-6 Months (Mid-High)
13.0,7.0,3,Fashion,2,Married,2,0,3.0,221.13,0,6-24 Months (Regular),Near,Active,390.0,0.01,Low Risk (<30%),12+ Months (Loyal)
18.0,31.0,3,Others,4,Single,4,0,0.0,280.61,0,6-24 Months (Regular),Far,Active,540.0,0.0,Low Risk (<30%),12+ Months (Loyal)
1.0,6.0,3,Mobile Phone,5,Married,2,0,2.0,135.91,0,0-6 Months (New),Near,Active,30.0,0.0,Low Risk (<30%),0-3 Months (High Risk)
8.0,16.0,3,Laptop & Accessory,3,Single,4,1,4.0,161.42,0,6-24 Months (Regular),Moderate,Active,240.0,0.05,Low Risk (<30%),7-12 Months (Moderate)
15.0,18.0,3,Mobile Phone,4,Married,9,0,4.0,127.66,0,6-24 Months (Regular),Moderate,Active,450.0,0.0,Low Risk (<30%),12+ Months (Loyal)
15.0,14.0,4,Laptop & Accessory,3,Single,8,0,2.0,175.03,0,6-24 Months (Regular),Moderate,Active,450.0,0.01,Low Risk (<30%),12+ Months (Loyal)
0.0,15.0,3,Mobile Phone,5,Single,3,1,0.0,131.72,1,0-6 Months (New),Moderate,Active,0.0,0.96,High Risk (>70%),0-3 Months (High Risk)
3.0,16.0,5,Mobile Phone,2,Single,2,0,3.0,164.83,0,0-6 Months (New),Moderate,Active,90.0,0.0,Low Risk (<30%),0-3 Months (High Risk)
10.0,15.0,2,Fashion,5,Married,11,0,6.0,242.13,0,6-24 Months (Regular),Moderate,Active,300.0,0.035,Low Risk (<30%),7-12 Months (Moderate)
1.0,14.0,4,Mobile Phone,4,Single,3,0,1.0,151.79,1,0-6 Months (New),Moderate,Active,30.0,0.84,High Risk (>70%),0-3 Months (High Risk)
28.0,26.0,4,Fashion,4,Divorced,4,0,2.0,232.25,0,24+ Months (Loyal),Far,Active,840.0,0.0,Low Risk (<30%),12+ Months (Loyal)
3.0,13.0,3,Laptop & Accessory,3,Married,2,0,9.0,134.91,0,0-6 Months (New),Moderate,Active,90.0,0.0,Low Risk (<30%),0-3 Months (High Risk)
9.0,8.0,3,Mobile Phone,3,Married,7,0,2.0,122.31,0,6-24 Months (Regular),Near,Active,270.0,0.0,Low Risk (<30%),7-12 Months (Moderate)
2.0,16.0,4,Laptop & Accessory,1,Single,3,0,8.0,177.53,0,0-6 Months (New),Moderate,Active,60.0,0.0,Low Risk (<30%),0-3 Months (High Risk)
14.0,27.0,4,Fashion,2,Divorced,6,0,3.0,228.22,0,6-24 Months (Regular),Far,Active,420.0,0.01,Low Risk (<30%),12+ Months (Loyal)
8.0,34.0,1,Laptop & Accessory,3,Married,2,0,8.0,134.07,0,6-24 Months (Regular),Far,Active,240.0,0.0,Low Risk (<30%),7-12 Months (Moderate)
10.0,7.0,4,Laptop & Accessory,1,Single,6,0,1.0,191.53,0,6-24 Months (Regular),Near,Active,300.0,0.0,Low Risk (<30%),7-12 Months (Moderate)
31.0,14.0,2,Laptop & Accessory,1,Married,2,1,10.0,177.2,0,24+ Months (Loyal),Moderate,Active,930.0,0.0,Low Risk (<30%),12+ Months (Loyal)
1.0,15.0,3,Laptop & Accessory,2,Single,2,0,7.0,152.53,0,0-6 Months (New),Moderate,Active,30.0,0.02,Low Risk (<30%),0-3 Months (High Risk)
8.0,28.0,5,Mobile Phone,3,Single,1,0,3.0,142.3,0,6-24 Months (Regular),Far,Active,240.0,0.0,Low Risk (<30%),7-12 Months (Moderate)
10.0,31.0,3,Laptop & Accessory,3,Divorced,4,1,7.0,144.49,0,6-24 Months (Regular),Far,Active,300.0,0.0,Low Risk (<30%),7-12 Months (Moderate)
14.0,7.0,5,Grocery,4,Married,3,0,12.0,260.03,0,6-24 Months (Regular),Near,Active,420.0,0.0,Low Risk (<30%),12+ Months (Loyal)
4.0,22.0,5,Fashion,5,Married,4,0,8.0,196.4,0,0-6 Months (New),Far,Active,120.0,0.01,Low Risk (<30%),4-6 Months (Mid-High)
2.0,9.0,4,Laptop & Accessory,4,Divorced,3,1,6.0,172.79,0,0-6 Months (New),Near,Active,60.0,0.0,Low Risk (<30%),0-3 Months (High Risk)
4.0,24.0,4,Fashion,5,Divorced,3,1,9.0,244.16,0,0-6 Months (New),Far,Active,120.0,0.21,Low Risk (<30%),4-6 Months (Mid-High)
0.0,14.0,3,Mobile Phone,1,Married,1,0,1.0,125.229999999999,0,0-6 Months (New),Moderate,Active,0.0,0.05,Low Risk (<30%),0-3 Months (High Risk)
3.0,13.0,3,Laptop & Accessory,5,Married,8,0,2.0,147.79,0,0-6 Months (New),Moderate,Active,90.0,0.0,Low Risk (<30%),0-3 Months (High Risk)
9.0,9.0,4,Fashion,1,Married,5,0,12.0,196.99,0,6-24 Months (Regular),Near,Active,270.0,0.0,Low Risk (<30%),7-12 Months (Moderate)
0.0,14.0,3,Mobile Phone,2,Divorced,6,1,4.0,124.36,1,0-6 Months (New),Moderate,Active,0.0,0.95,High Risk (>70%),0-3 Months (High Risk)
10.0,9.0,5,Fashion,3,Married,3,0,1.0,200.96,0,6-24 Months (Regular),Near,Active,300.0,0.01,Low Risk (<30%),7-12 Months (Moderate)
9.0,12.0,3,Mobile Phone,5,Married,5,1,2.0,120.729999999999,1,6-24 Months (Regular),Moderate,Active,270.0,0.88,High Risk (>70%),7-12 Months (Moderate)
24.0,15.0,3,Others,4,Married,5,1,10.0,298.47,0,6-24 Months (Regular),Moderate,Active,720.0,0.01,Low Risk (<30%),12+ Months (Loyal)
8.0,28.0,1,Fashion,4,Married,8,0,3.0,219.959999999999,0,6-24 Months (Regular),Far,Active,240.0,0.0,Low Risk (<30%),7-12 Months (Moderate)
9.0,6.0,3,Mobile Phone,3,Single,1,0,5.0,120.58,1,6-24 Months (Regular),Near,Active,270.0,0.56,Medium Risk (30-70%),7-12 Months (Moderate)
1.0,20.0,4,Laptop & Accessory,3,Single,5,1,3.0,223.54,1,0-6 Months (New),Moderate,Active,30.0,0.99,High Risk (>70%),0-3 Months (High Risk)
0.0,8.0,3,Mobile Phone,1,Single,2,1,3.0,137.6,0,0-6 Months (New),Near,Active,0.0,0.17,Low Risk (<30%),0-3 Months (High Risk)
24.0,7.0,4,Others,2,Married,5,0,7.0,320.17,0,6-24 Months (Regular),Near,Active,720.0,0.03,Low Risk (<30%),12+ Months (Loyal)
6.0,14.0,4,Mobile Phone,4,Married,7,0,1.0,126.22,0,0-6 Months (New),Moderate,Active,180.0,0.0,Low Risk (<30%),4-6 Months (Mid-High)
9.0,9.0,4,Fashion,2,Divorced,5,0,12.0,196.99,0,6-24 Months (Regular),Near,Active,270.0,0.0,Low Risk (<30%),7-12 Months (Moderate)
8.0,7.0,4,Laptop & Accessory,1,Married,1,0,0.0,153.63,0,6-24 Months (Regular),Near,Active,240.0,0.0,Low Risk (<30%),7-12 Months (Moderate)
7.0,14.0,4,Laptop & Accessory,3,Married,3,0,9.0,184.68,0,6-24 Months (Regular),Moderate,Active,210.0,0.0,Low Risk (<30%),7-12 Months (Moderate)
8.0,10.0,4,Mobile Phone,5,Divorced,6,0,3.0,148.62,1,6-24 Months (Regular),Near,Active,240.0,0.6,Medium Risk (30-70%),7-12 Months (Moderate)
4.0,15.0,2,Fashion,5,Divorced,2,1,8.0,239.16,0,0-6 Months (New),Moderate,Active,120.0,0.05,Low Risk (<30%),4-6 Months (Mid-High)
10.0,11.0,1,Mobile Phone,3,Single,1,0,3.0,135.0,0,6-24 Months (Regular),Moderate,Active,300.0,0.0,Low Risk (<30%),7-12 Months (Moderate)
23.0,28.0,5,Grocery,1,Single,2,1,9.0,244.11,0,6-24 Months (Regular),Far,Active,690.0,0.0,Low Risk (<30%),12+ Months (Loyal)
17.0,9.0,4,Laptop & Accessory,1,Married,3,1,9.0,203.47,0,6-24 Months (Regular),Near,Active,510.0,0.0,Low Risk (<30%),12+ Months (Loyal)
6.0,12.0,2,Mobile Phone,4,Married,2,1,6.0,157.98,0,0-6 Months (New),Moderate,Active,180.0,0.0,Low Risk (<30%),4-6 Months (Mid-High)
5.0,11.0,4,Laptop & Accessory,1,Single,9,0,0.0,196.79,0,0-6 Months (New),Moderate,Active,150.0,0.0,Low Risk (<30%),4-6 Months (Mid-High)
1.0,8.0,4,Mobile Phone,1,Married,11,1,3.0,172.87,1,0-6 Months (New),Near,Active,30.0,0.99,High Risk (>70%),0-3 Months (High Risk)
9.0,6.0,4,Fashion,5,Married,3,0,3.0,215.69,0,6-24 Months (Regular),Near,Active,270.0,0.01,Low Risk (<30%),7-12 Months (Moderate)
9.0,16.0,3,Mobile Phone,1,Married,1,0,1.0,121.449999999999,0,6-24 Months (Regular),Moderate,Active,270.0,0.02,Low Risk (<30%),7-12 Months (Moderate)
12.0,9.0,4,Mobile Phone,1,Single,7,1,3.0,164.44,0,6-24 Months (Regular),Near,Active,360.0,0.02,Low Risk (<30%),7-12 Months (Moderate)
1.0,11.0,5,Laptop & Accessory,2,Single,3,1,5.0,183.28,1,0-6 Months (New),Moderate,Active,30.0,0.62,Medium Risk (30-70%),0-3 Months (High Risk)
12.0,15.0,3,Laptop & Accessory,5,Married,2,0,9.0,151.51,0,6-24 Months (Regular),Moderate,Active,360.0,0.0,Low Risk (<30%),7-12 Months (Moderate)
0.0,14.0,5,Mobile Phone,2,Single,2,1,0.0,123.4,1,0-6 Months (New),Moderate,Active,0.0,1.0,High Risk (>70%),0-3 Months (High Risk)
24.0,10.0,4,Others,4,Married,3,0,8.0,307.0,0,6-24 Months (Regular),Near,Active,720.0,0.0,Low Risk (<30%),12+ Months (Loyal)
8.0,7.0,5,Mobile Phone,2,Divorced,3,1,4.0,161.22,0,6-24 Months (Regular),Near,Active,240.0,0.03,Low Risk (<30%),7-12 Months (Moderate)
10.0,10.0,4,Laptop & Accessory,4,Single,5,1,3.0,217.78,0,6-24 Months (Regular),Near,Active,300.0,0.07,Low Risk (<30%),7-12 Months (Moderate)
0.0,9.0,3,Mobile Phone,5,Single,2,1,7.0,133.48,1,0-6 Months (New),Near,Active,0.0,1.0,High Risk (>70%),0-3 Months (High Risk)
16.0,36.0,4,Laptop & Accessory,4,Married,3,0,9.0,169.34,0,6-24 Months (Regular),Far,Active,480.0,0.0,Low Risk (<30%),12+ Months (Loyal)
4.0,8.0,4,Mobile Phone,3,Married,2,0,4.0,145.64,0,0-6 Months (New),Near,Active,120.0,0.01,Low Risk (<30%),4-6 Months (Mid-High)
25.0,9.0,4,Grocery,5,Divorced,2,0,16.0,268.56,0,24+ Months (Loyal),Near,Active,750.0,0.0,Low Risk (<30%),12+ Months (Loyal)
12.0,25.0,6,Laptop & Accessory,1,Married,5,1,1.0,183.11,0,6-24 Months (Regular),Far,Active,360.0,0.18,Low Risk (<30%),7-12 Months (Moderate)
9.0,6.0,4,Mobile Phone,4,Single,2,1,2.0,120.699999999999,0,6-24 Months (Regular),Near,Active,270.0,0.43,Medium Risk (30-70%),7-12 Months (Moderate)
7.0,7.0,5,Mobile Phone,5,Single,5,1,3.0,152.99,0,6-24 Months (Regular),Near,Active,210.0,0.04,Low Risk (<30%),7-12 Months (Moderate)
2.0,8.0,5,Laptop & Accessory,1,Married,3,1,8.0,193.34,0,0-6 Months (New),Near,Active,60.0,0.01,Low Risk (<30%),0-3 Months (High Risk)
9.0,14.0,3,Laptop & Accessory,2,Married,5,0,7.0,150.79,0,6-24 Months (Regular),Moderate,Active,270.0,0.0,Low Risk (<30%),7-12 Months (Moderate)
23.0,18.0,4,Laptop & Accessory,1,Single,5,0,5.0,170.07,0,6-24 Months (Regular),Moderate,Active,690.0,0.0,Low Risk (<30%),12+ Months (Loyal)
1.0,9.0,5,Mobile Phone,1,Single,3,0,1.0,136.02,1,0-6 Months (New),Near,Active,30.0,0.91,High Risk (>70%),0-3 Months (High Risk)
0.0,14.0,3,Mobile Phone,1,Single,2,0,4.0,126.47,0,0-6 Months (New),Moderate,Active,0.0,0.19,Low Risk (<30%),0-3 Months (High Risk)
1.0,18.0,4,Laptop & Accessory,5,Divorced,3,1,4.0,172.41,0,0-6 Months (New),Moderate,Active,30.0,0.08,Low Risk (<30%),0-3 Months (High Risk)
1.0,9.0,3,Mobile Phone,4,Married,2,0,0.0,128.56,0,0-6 Months (New),Near,Active,30.0,0.12,Low Risk (<30%),0-3 Months (High Risk)
1.0,11.0,2,Laptop & Accessory,4,Married,3,1,4.0,186.42,0,0-6 Months (New),Moderate,Active,30.0,0.22,Low Risk (<30%),0-3 Months (High Risk)
8.0,9.0,5,Laptop & Accessory,5,Married,8,0,10.0,184.57,0,6-24 Months (Regular),Near,Active,240.0,0.0,Low Risk (<30%),7-12 Months (Moderate)
13.0,32.0,3,Laptop & Accessory,5,Divorced,2,0,5.0,183.96,0,6-24 Months (Regular),Far,Active,390.0,0.01,Low Risk (<30%),12+ Months (Loyal)
0.0,6.0,4,Fashion,3,Divorced,6,0,7.0,206.089999999999,1,0-6 Months (New),Near,Active,0.0,0.94,High Risk (>70%),0-3 Months (High Risk)
22.0,6.0,3,Grocery,3,Single,5,0,0.0,253.79,0,6-24 Months (Regular),Near,Active,660.0,0.0,Low Risk (<30%),12+ Months (Loyal)
17.0,14.0,4,Fashion,5,Married,10,0,3.0,224.85,0,6-24 Months (Regular),Moderate,Active,510.0,0.01,Low Risk (<30%),12+ Months (Loyal)
0.0,8.0,3,Mobile Phone,3,Married,7,1,2.0,139.77,0,0-6 Months (New),Near,Active,0.0,0.29,Low Risk (<30%),0-3 Months (High Risk)
0.0,15.0,4,Laptop & Accessory,5,Single,8,0,3.0,134.07,1,0-6 Months (New),Moderate,Active,0.0,0.92,High Risk (>70%),0-3 Months (High Risk)
21.0,14.0,3,Mobile Phone,5,Married,9,0,6.0,123.669999999999,0,6-24 Months (Regular),Moderate,Active,630.0,0.07,Low Risk (<30%),12+ Months (Loyal)
27.0,14.0,3,Laptop & Accessory,3,Single,8,0,0.0,137.8,0,24+ Months (Loyal),Moderate,Active,810.0,0.0,Low Risk (<30%),12+ Months (Loyal)
4.0,18.0,3,Others,3,Divorced,2,0,8.0,295.45,1,0-6 Months (New),Moderate,Active,120.0,0.68,Medium Risk (30-70%),4-6 Months (Mid-High)
0.0,22.0,3,Mobile Phone,4,Married,10,0,2.0,128.11,0,0-6 Months (New),Far,Active,0.0,0.0,Low Risk (<30%),0-3 Months (High Risk)
10.0,13.0,6,Mobile Phone,3,Married,3,0,8.0,152.41,0,6-24 Months (Regular),Moderate,Active,300.0,0.0,Low Risk (<30%),7-12 Months (Moderate)
10.0,21.0,4,Laptop & Accessory,2,Divorced,2,1,12.0,190.86,0,6-24 Months (Regular),Far,Active,300.0,0.0,Low Risk (<30%),7-12 Months (Moderate)
20.0,22.0,1,Laptop & Accessory,3,Married,2,1,7.0,150.67,0,6-24 Months (Regular),Far,Active,600.0,0.04,Low Risk (<30%),12+ Months (Loyal)
11.0,16.0,4,Fashion,3,Married,1,1,7.0,187.4,0,6-24 Months (Regular),Moderate,Active,330.0,0.0,Low Risk (<30%),7-12 Months (Moderate)
0.0,8.0,1,Laptop & Accessory,3,Married,2,0,7.0,152.06,0,0-6 Months (New),Near,Active,0.0,0.01,Low Risk (<30%),0-3 Months (High Risk)
9.0,13.0,3,Mobile Phone,1,Married,2,1,2.0,122.75,1,6-24 Months (Regular),Moderate,Active,270.0,0.94,High Risk (>70%),7-12 Months (Moderate)
1.0,15.0,4,Laptop & Accessory,4,Married,3,0,8.0,187.14,0,0-6 Months (New),Moderate,Active,30.0,0.15,Low Risk (<30%),0-3 Months (High Risk)
9.0,11.0,3,Mobile Phone,4,Single,2,1,0.0,118.78,1,6-24 Months (Regular),Moderate,Active,270.0,0.96,High Risk (>70%),7-12 Months (Moderate)
1.0,26.0,4,Mobile Phone,1,Married,3,0,3.0,148.23,0,0-6 Months (New),Far,Active,30.0,0.02,Low Risk (<30%),0-3 Months (High Risk)
9.0,17.0,4,Laptop & Accessory,3,Single,5,1,5.0,186.42,0,6-24 Months (Regular),Moderate,Active,270.0,0.02,Low Risk (<30%),7-12 Months (Moderate)
0.0,8.0,3,Mobile Phone,3,Single,7,0,1.0,143.82,1,0-6 Months (New),Near,Active,0.0,0.83,High Risk (>70%),0-3 Months (High Risk)
7.0,14.0,3,Laptop & Accessory,3,Single,4,0,3.0,161.42,0,6-24 Months (Regular),Moderate,Active,210.0,0.0,Low Risk (<30%),7-12 Months (Moderate)
10.0,14.0,4,Mobile Phone,4,Single,4,0,4.0,145.13,0,6-24 Months (Regular),Moderate,Active,300.0,0.0,Low Risk (<30%),7-12 Months (Moderate)
24.0,9.0,4,Others,3,Divorced,4,1,8.0,317.37,0,6-24 Months (Regular),Near,Active,720.0,0.0,Low Risk (<30%),12+ Months (Loyal)
1.0,12.0,2,Mobile Phone,4,Married,3,1,3.0,148.28,0,0-6 Months (New),Moderate,Active,30.0,0.15,Low Risk (<30%),0-3 Months (High Risk)
5.0,8.0,6,Laptop & Accessory,5,Married,3,0,8.0,175.03,0,0-6 Months (New),Near,Active,150.0,0.0,Low Risk (<30%),4-6 Months (Mid-High)
9.0,16.0,3,Fashion,3,Married,4,0,7.0,170.94,0,6-24 Months (Regular),Moderate,Active,270.0,0.02,Low Risk (<30%),7-12 Months (Moderate)
1.0,24.0,4,Mobile Phone,3,Single,3,1,8.0,148.94,1,0-6 Months (New),Far,Active,30.0,0.93,High Risk (>70%),0-3 Months (High Risk)
21.0,28.0,3,Grocery,1,Married,4,0,7.0,271.74,0,6-24 Months (Regular),Far,Active,630.0,0.01,Low Risk (<30%),12+ Months (Loyal)
21.0,11.0,5,Fashion,4,Married,10,1,3.0,228.33,0,6-24 Months (Regular),Moderate,Active,630.0,0.24,Low Risk (<30%),12+ Months (Loyal)
21.0,32.0,4,Fashion,3,Single,4,0,3.0,211.33,0,6-24 Months (Regular),Far,Active,630.0,0.0,Low Risk (<30%),12+ Months (Loyal)
9.0,12.0,1,Laptop & Accessory,5,Married,4,1,2.0,155.62,0,6-24 Months (Regular),Moderate,Active,270.0,0.03,Low Risk (<30%),7-12 Months (Moderate)
1.0,36.0,4,Mobile Phone,5,Married,3,0,3.0,164.07,0,0-6 Months (New),Far,Active,30.0,0.13,Low Risk (<30%),0-3 Months (High Risk)
10.0,27.0,3,Mobile Phone,1,Married,6,0,0.0,129.73,0,6-24 Months (Regular),Far,Active,300.0,0.0,Low Risk (<30%),7-12 Months (Moderate)
0.0,10.0,3,Mobile Phone,5,Single,2,0,0.0,129.73,1,0-6 Months (New),Near,Active,0.0,0.8,High Risk (>70%),0-3 Months (High Risk)
11.0,7.0,4,Mobile Phone,2,Single,3,0,8.0,146.15,0,6-24 Months (Regular),Near,Active,330.0,0.0,Low Risk (<30%),7-12 Months (Moderate)
8.0,12.0,5,Fashion,5,Single,4,0,9.0,241.31,0,6-24 Months (Regular),Moderate,Active,240.0,0.02,Low Risk (<30%),7-12 Months (Moderate)
27.0,8.0,5,Grocery,3,Married,6,1,3.0,254.649999999999,0,24+ Months (Loyal),Near,Active,810.0,0.0,Low Risk (<30%),12+ Months (Loyal)
16.0,11.0,4,Laptop & Accessory,5,Single,9,0,6.0,176.55,0,6-24 Months (Regular),Moderate,Active,480.0,0.09,Low Risk (<30%),12+ Months (Loyal)
6.0,8.0,3,Laptop & Accessory,1,Married,2,0,4.0,155.05,0,0-6 Months (New),Near,Active,180.0,0.0,Low Risk (<30%),4-6 Months (Mid-High)
11.0,18.0,4,Mobile Phone,3,Single,6,0,3.0,161.29,0,6-24 Months (Regular),Moderate,Active,330.0,0.0,Low Risk (<30%),7-12 Months (Moderate)
0.0,14.0,4,Mobile Phone,5,Single,2,1,0.0,126.0,1,0-6 Months (New),Moderate,Active,0.0,0.99,High Risk (>70%),0-3 Months (High Risk)
9.0,6.0,4,Mobile Phone,3,Married,2,0,3.0,120.07,0,6-24 Months (Regular),Near,Active,270.0,0.08,Low Risk (<30%),7-12 Months (Moderate)
15.0,13.0,4,Mobile Phone,5,Single,4,1,18.0,172.21,0,6-24 Months (Regular),Moderate,Active,450.0,0.04,Low Risk (<30%),12+ Months (Loyal)
12.0,14.0,3,Mobile Phone,3,Married,2,0,7.0,137.55,0,6-24 Months (Regular),Moderate,Active,360.0,0.0,Low Risk (<30%),7-12 Months (Moderate)
8.0,11.0,3,Fashion,4,Single,1,0,13.0,180.95,0,6-24 Months (Regular),Moderate,Active,240.0,0.0,Low Risk (<30%),7-12 Months (Moderate)
9.0,8.0,3,Mobile Phone,4,Married,2,0,2.0,122.259999999999,0,6-24 Months (Regular),Near,Active,270.0,0.0,Low Risk (<30%),7-12 Months (Moderate)
16.0,15.0,3,Laptop & Accessory,3,Married,4,1,7.0,156.79,0,6-24 Months (Regular),Moderate,Active,480.0,0.01,Low Risk (<30%),12+ Months (Loyal)
25.0,14.0,5,Laptop & Accessory,3,Married,4,0,1.0,186.32,0,24+ Months (Loyal),Moderate,Active,750.0,0.0,Low Risk (<30%),12+ Months (Loyal)
14.0,6.0,3,Laptop & Accessory,5,Married,1,0,7.0,141.03,0,6-24 Months (Regular),Near,Active,420.0,0.0,Low Risk (<30%),12+ Months (Loyal)
3.0,27.0,4,Laptop & Accessory,2,Married,4,0,3.0,194.31,0,0-6 Months (New),Far,Active,90.0,0.0,Low Risk (<30%),0-3 Months (High Risk)
14.0,17.0,2,Mobile Phone,3,Married,5,1,8.0,147.13,0,6-24 Months (Regular),Moderate,Active,420.0,0.06,Low Risk (<30%),12+ Months (Loyal)
22.0,17.0,3,Laptop & Accessory,1,Single,4,0,4.0,145.07,0,6-24 Months (Regular),Moderate,Active,660.0,0.0,Low Risk (<30%),12+ Months (Loyal)
23.0,30.0,3,Grocery,3,Divorced,4,1,5.0,239.73,0,6-24 Months (Regular),Far,Active,690.0,0.01,Low Risk (<30%),12+ Months (Loyal)
6.0,15.0,3,Mobile Phone,2,Divorced,1,0,10.0,127.81,0,0-6 Months (New),Moderate,Active,180.0,0.0,Low Risk (<30%),4-6 Months (Mid-High)
24.0,27.0,4,Grocery,3,Married,4,1,14.0,237.45,0,6-24 Months (Regular),Far,Active,720.0,0.03,Low Risk (<30%),12+ Months (Loyal)
14.0,14.0,3,Mobile Phone,3,Divorced,10,1,7.0,124.61,1,6-24 Months (Regular),Moderate,Active,420.0,0.75,High Risk (>70%),12+ Months (Loyal)
18.0,29.0,3,Laptop & Accessory,5,Married,2,1,8.0,136.33,0,6-24 Months (Regular),Far,Active,540.0,0.03,Low Risk (<30%),12+ Months (Loyal)
1.0,25.0,4,Mobile Phone,5,Divorced,2,0,3.0,131.96,0,0-6 Months (New),Far,Active,30.0,0.01,Low Risk (<30%),0-3 Months (High Risk)
10.0,16.0,2,Mobile Phone,4,Married,3,0,3.0,153.1,0,6-24 Months (Regular),Moderate,Active,300.0,0.0,Low Risk (<30%),7-12 Months (Moderate)
9.0,11.0,3,Fashion,5,Married,5,0,2.0,180.08,0,6-24 Months (Regular),Moderate,Active,270.0,0.02,Low Risk (<30%),7-12 Months (Moderate)
0.0,13.0,1,Mobile Phone,5,Single,1,0,7.0,135.78,0,0-6 Months (New),Moderate,Active,0.0,0.0,Low Risk (<30%),0-3 Months (High Risk)
31.0,14.0,4,Others,5,Married,7,0,11.0,320.66,0,24+ Months (Loyal),Moderate,Active,930.0,0.02,Low Risk (<30%),12+ Months (Loyal)
19.0,9.0,5,Grocery,2,Divorced,11,0,9.0,292.92,0,6-24 Months (Regular),Near,Active,570.0,0.01,Low Risk (<30%),12+ Months (Loyal)
4.0,9.0,5,Laptop & Accessory,1,Single,7,1,1.0,193.77,0,0-6 Months (New),Near,Active,120.0,0.12,Low Risk (<30%),4-6 Months (Mid-High)
6.0,31.0,4,Laptop & Accessory,4,Single,2,0,2.0,143.2,0,0-6 Months (New),Far,Active,180.0,0.0,Low Risk (<30%),4-6 Months (Mid-High)
27.0,13.0,4,Laptop & Accessory,3,Married,4,1,6.0,148.06,0,24+ Months (Loyal),Moderate,Active,810.0,0.0,Low Risk (<30%),12+ Months (Loyal)
4.0,13.0,5,Laptop & Accessory,2,Divorced,2,0,8.0,171.27,0,0-6 Months (New),Moderate,Active,120.0,0.0,Low Risk (<30%),4-6 Months (Mid-High)
12.0,19.0,5,Laptop & Accessory,5,Married,4,0,3.0,187.88,0,6-24 Months (Regular),Moderate,Active,360.0,0.0,Low Risk (<30%),7-12 Months (Moderate)
20.0,20.0,3,Laptop & Accessory,5,Single,3,0,7.0,149.6,0,6-24 Months (Regular),Moderate,Active,600.0,0.07,Low Risk (<30%),12+ Months (Loyal)
13.0,10.0,4,Fashion,1,Married,8,0,11.0,208.55,0,6-24 Months (Regular),Near,Active,390.0,0.0,Low Risk (<30%),12+ Months (Loyal)
3.0,9.0,5,Laptop & Accessory,4,Married,4,0,1.0,191.44,0,0-6 Months (New),Near,Active,90.0,0.0,Low Risk (<30%),0-3 Months (High Risk)
17.0,11.0,3,Others,4,Divorced,8,0,10.0,282.13,0,6-24 Months (Regular),Moderate,Active,510.0,0.0,Low Risk (<30%),12+ Months (Loyal)
13.0,6.0,3,Laptop & Accessory,1,Married,5,0,3.0,165.13,0,6-24 Months (Regular),Near,Active,390.0,0.0,Low Risk (<30%),12+ Months (Loyal)
1.0,9.0,4,Mobile Phone,5,Divorced,8,1,3.0,145.42,1,0-6 Months (New),Near,Active,30.0,0.99,High Risk (>70%),0-3 Months (High Risk)
20.0,7.0,3,Mobile Phone,1,Married,8,0,2.0,134.2,0,6-24 Months (Regular),Near,Active,600.0,0.03,Low Risk (<30%),12+ Months (Loyal)
4.0,26.0,3,Laptop & Accessory,3,Married,2,0,0.0,169.32,0,0-6 Months (New),Far,Active,120.0,0.0,Low Risk (<30%),4-6 Months (Mid-High)
13.0,15.0,3,Laptop & Accessory,5,Married,1,0,1.0,154.73,0,6-24 Months (Regular),Moderate,Active,390.0,0.0,Low Risk (<30%),12+ Months (Loyal)
14.0,8.0,4,Laptop & Accessory,1,Married,6,0,4.0,190.13,0,6-24 Months (Regular),Near,Active,420.0,0.0,Low Risk (<30%),12+ Months (Loyal)
11.0,10.0,4,Fashion,3,Divorced,3,0,3.0,219.34,0,6-24 Months (Regular),Near,Active,330.0,0.0,Low Risk (<30%),7-12 Months (Moderate)
18.0,32.0,4,Laptop & Accessory,5,Married,2,0,5.0,143.85,0,6-24 Months (Regular),Far,Active,540.0,0.0,Low Risk (<30%),12+ Months (Loyal)
24.0,27.0,3,Laptop & Accessory,1,Single,1,1,0.0,154.41,0,6-24 Months (Regular),Far,Active,720.0,0.04,Low Risk (<30%),12+ Months (Loyal)
1.0,22.0,2,Laptop & Accessory,5,Single,1,0,7.0,156.61,0,0-6 Months (New),Far,Active,30.0,0.02,Low Risk (<30%),0-3 Months (High Risk)
29.0,14.0,3,Mobile Phone,5,Married,5,1,2.0,142.57,0,24+ Months (Loyal),Moderate,Active,870.0,0.0,Low Risk (<30%),12+ Months (Loyal)
9.0,15.0,3,Mobile Phone,5,Single,4,0,0.0,120.18,1,6-24 Months (Regular),Moderate,Active,270.0,0.67,Medium Risk (30-70%),7-12 Months (Moderate)
10.0,9.0,3,Laptop & Accessory,4,Single,4,0,1.0,141.07,0,6-24 Months (Regular),Near,Active,300.0,0.0,Low Risk (<30%),7-12 Months (Moderate)
28.0,10.0,4,Laptop & Accessory,5,Divorced,4,0,6.0,184.4,0,24+ Months (Loyal),Near,Active,840.0,0.0,Low Risk (<30%),12+ Months (Loyal)
12.0,13.0,5,Laptop & Accessory,3,Married,4,0,8.0,178.21,0,6-24 Months (Regular),Moderate,Active,360.0,0.0,Low Risk (<30%),7-12 Months (Moderate)
1.0,28.0,5,Mobile Phone,4,Single,3,1,1.0,146.21,1,0-6 Months (New),Far,Active,30.0,0.98,High Risk (>70%),0-3 Months (High Risk)
10.0,14.0,2,Laptop & Accessory,5,Married,4,0,14.0,171.39,0,6-24 Months (Regular),Moderate,Active,300.0,0.01,Low Risk (<30%),7-12 Months (Moderate)
1.0,20.0,4,Laptop & Accessory,5,Married,4,0,3.0,167.33,1,0-6 Months (New),Moderate,Active,30.0,0.77,High Risk (>70%),0-3 Months (High Risk)
19.0,14.0,4,Fashion,5,Married,4,0,3.0,222.24,0,6-24 Months (Regular),Moderate,Active,570.0,0.0,Low Risk (<30%),12+ Months (Loyal)
7.0,15.0,4,Fashion,4,Single,2,0,7.0,186.21,0,6-24 Months (Regular),Moderate,Active,210.0,0.01,Low Risk (<30%),7-12 Months (Moderate)
4.0,26.0,3,Laptop & Accessory,3,Divorced,2,0,0.0,169.32,0,0-6 Months (New),Far,Active,120.0,0.0,Low Risk (<30%),4-6 Months (Mid-High)
1.0,27.0,4,Laptop & Accessory,3,Single,3,0,3.0,224.81,0,0-6 Months (New),Far,Active,30.0,0.32,Medium Risk (30-70%),0-3 Months (High Risk)
8.0,7.0,5,Laptop & Accessory,5,Single,2,0,10.0,178.43,0,6-24 Months (Regular),Near,Active,240.0,0.0,Low Risk (<30%),7-12 Months (Moderate)
3.0,30.0,2,Mobile Phone,3,Divorced,3,0,8.0,152.0,0,0-6 Months (New),Far,Active,90.0,0.0,Low Risk (<30%),0-3 Months (High Risk)
11.0,23.0,5,Laptop & Accessory,3,Married,6,0,1.0,188.34,0,6-24 Months (Regular),Far,Active,330.0,0.0,Low Risk (<30%),7-12 Months (Moderate)
13.0,22.0,3,Fashion,1,Single,7,1,3.0,179.45,0,6-24 Months (Regular),Far,Active,390.0,0.22,Low Risk (<30%),12+ Months (Loyal)
3.0,17.0,4,Mobile Phone,3,Single,3,0,1.0,151.42,0,0-6 Months (New),Moderate,Active,90.0,0.07,Low Risk (<30%),0-3 Months (High Risk)
31.0,16.0,5,Mobile Phone,4,Divorced,6,1,1.0,158.46,0,24+ Months (Loyal),Moderate,Active,930.0,0.05,Low Risk (<30%),12+ Months (Loyal)
10.0,15.0,3,Fashion,4,Married,2,0,7.0,188.34,0,6-24 Months (Regular),Moderate,Active,300.0,0.17,Low Risk (<30%),7-12 Months (Moderate)
1.0,30.0,4,Fashion,5,Married,11,1,3.0,224.5,1,0-6 Months (New),Far,Active,30.0,0.97,High Risk (>70%),0-3 Months (High Risk)
1.0,16.0,4,Mobile Phone,5,Single,4,1,1.0,156.72,1,0-6 Months (New),Moderate,Active,30.0,0.94,High Risk (>70%),0-3 Months (High Risk)
9.0,15.0,4,Laptop & Accessory,4,Married,3,1,2.0,188.47,0,6-24 Months (Regular),Moderate,Active,270.0,0.01,Low Risk (<30%),7-12 Months (Moderate)
11.0,11.0,4,Mobile Phone,2,Married,6,0,9.0,25.0,0,6-24 Months (Regular),Moderate,Active,330.0,0.02,Low Risk (<30%),7-12 Months (Moderate)
28.0,10.0,4,Grocery,1,Married,5,0,10.0,302.79,0,24+ Months (Loyal),Near,Active,840.0,0.0,Low Risk (<30%),12+ Months (Loyal)
11.0,6.0,1,Mobile Phone,3,Married,2,0,0.0,128.44,0,6-24 Months (Regular),Near,Active,330.0,0.0,Low Risk (<30%),7-12 Months (Moderate)
10.0,10.0,2,Laptop & Accessory,5,Married,8,0,5.0,193.42,0,6-24 Months (Regular),Near,Active,300.0,0.03,Low Risk (<30%),7-12 Months (Moderate)
26.0,13.0,2,Grocery,3,Divorced,4,0,3.0,248.14,0,24+ Months (Loyal),Moderate,Active,780.0,0.0,Low Risk (<30%),12+ Months (Loyal)
23.0,6.0,3,Others,4,Married,4,1,7.0,281.72,0,6-24 Months (Regular),Near,Active,690.0,0.0,Low Risk (<30%),12+ Months (Loyal)
22.0,6.0,4,Grocery,3,Single,8,1,7.0,239.64,0,6-24 Months (Regular),Near,Active,660.0,0.02,Low Risk (<30%),12+ Months (Loyal)
10.0,11.0,4,Laptop & Accessory,4,Married,9,0,3.0,176.31,0,6-24 Months (Regular),Moderate,Active,300.0,0.01,Low Risk (<30%),7-12 Months (Moderate)
1.0,21.0,5,Mobile Phone,4,Married,3,1,3.0,162.43,1,0-6 Months (New),Far,Active,30.0,0.94,High Risk (>70%),0-3 Months (High Risk)
10.0,8.0,3,Laptop & Accessory,3,Divorced,5,1,0.0,196.02,0,6-24 Months (Regular),Near,Active,300.0,0.0,Low Risk (<30%),7-12 Months (Moderate)
4.0,13.0,4,Fashion,3,Divorced,2,0,9.0,189.43,0,0-6 Months (New),Moderate,Active,120.0,0.01,Low Risk (<30%),4-6 Months (Mid-High)
8.0,6.0,3,Laptop & Accessory,3,Single,2,0,3.0,148.59,0,6-24 Months (Regular),Near,Active,240.0,0.09,Low Risk (<30%),7-12 Months (Moderate)
12.0,8.0,5,Mobile Phone,5,Single,6,0,1.0,153.58,0,6-24 Months (Regular),Near,Active,360.0,0.01,Low Risk (<30%),7-12 Months (Moderate)
1.0,9.0,4,Mobile Phone,5,Married,9,0,8.0,152.07,1,0-6 Months (New),Near,Active,30.0,0.91,High Risk (>70%),0-3 Months (High Risk)
7.0,21.0,4,Mobile Phone,4,Married,3,0,7.0,152.56,0,6-24 Months (Regular),Far,Active,210.0,0.0,Low Risk (<30%),7-12 Months (Moderate)
19.0,36.0,4,Fashion,1,Married,6,1,3.0,218.8,0,6-24 Months (Regular),Far,Active,570.0,0.0,Low Risk (<30%),12+ Months (Loyal)
1.0,9.0,4,Mobile Phone,1,Married,2,0,2.0,150.23,0,0-6 Months (New),Near,Active,30.0,0.03,Low Risk (<30%),0-3 Months (High Risk)
10.0,25.0,4,Laptop & Accessory,2,Single,4,0,10.0,202.79,0,6-24 Months (Regular),Far,Active,300.0,0.02,Low Risk (<30%),7-12 Months (Moderate)
12.0,9.0,2,Laptop & Accessory,4,Divorced,10,0,6.0,163.89,0,6-24 Months (Regular),Near,Active,360.0,0.0,Low Risk (<30%),7-12 Months (Moderate)
9.0,7.0,4,Laptop & Accessory,3,Single,3,0,4.0,173.59,0,6-24 Months (Regular),Near,Active,270.0,0.05,Low Risk (<30%),7-12 Months (Moderate)
8.0,15.0,2,Laptop & Accessory,3,Married,3,0,9.0,192.99,0,6-24 Months (Regular),Moderate,Active,240.0,0.01,Low Risk (<30%),7-12 Months (Moderate)
12.0,8.0,4,Laptop & Accessory,1,Married,9,0,10.0,172.35,0,6-24 Months (Regular),Near,Active,360.0,0.0,Low Risk (<30%),7-12 Months (Moderate)
1.0,15.0,6,Mobile Phone,3,Divorced,3,0,3.0,171.21,0,0-6 Months (New),Moderate,Active,30.0,0.08,Low Risk (<30%),0-3 Months (High Risk)
28.0,12.0,4,Others,5,Married,6,0,3.0,319.06,0,24+ Months (Loyal),Moderate,Active,840.0,0.0,Low Risk (<30%),12+ Months (Loyal)
2.0,7.0,6,Laptop & Accessory,2,Divorced,2,0,6.0,191.74,0,0-6 Months (New),Near,Active,60.0,0.0,Low Risk (<30%),0-3 Months (High Risk)
3.0,6.0,3,Mobile Phone,4,Married,2,0,7.0,137.48,0,0-6 Months (New),Near,Active,90.0,0.0,Low Risk (<30%),0-3 Months (High Risk)
4.0,17.0,5,Laptop & Accessory,3,Divorced,3,0,5.0,190.78,0,0-6 Months (New),Moderate,Active,120.0,0.0,Low Risk (<30%),4-6 Months (Mid-High)
0.0,14.0,4,Mobile Phone,1,Single,2,1,1.0,123.889999999999,1,0-6 Months (New),Moderate,Active,0.0,0.97,High Risk (>70%),0-3 Months (High Risk)
14.0,17.0,5,Fashion,4,Married,4,0,3.0,222.05,0,6-24 Months (Regular),Moderate,Active,420.0,0.08,Low Risk (<30%),12+ Months (Loyal)
17.0,13.0,4,Fashion,1,Married,4,0,17.0,202.48,0,6-24 Months (Regular),Moderate,Active,510.0,0.0,Low Risk (<30%),12+ Months (Loyal)
7.0,6.0,4,Fashion,3,Divorced,2,1,6.0,170.83,0,6-24 Months (Regular),Near,Active,210.0,0.01,Low Risk (<30%),7-12 Months (Moderate)
8.0,8.0,3,Laptop & Accessory,4,Single,6,0,2.0,144.25,0,6-24 Months (Regular),Near,Active,240.0,0.0,Low Risk (<30%),7-12 Months (Moderate)
16.0,9.0,4,Grocery,5,Divorced,2,0,8.0,301.65,0,6-24 Months (Regular),Near,Active,480.0,0.02,Low Risk (<30%),12+ Months (Loyal)
20.0,8.0,2,Grocery,5,Single,3,0,13.0,300.67,0,6-24 Months (Regular),Near,Active,600.0,0.0,Low Risk (<30%),12+ Months (Loyal)
10.0,14.0,3,Mobile Phone,2,Divorced,2,1,2.0,123.259999999999,0,6-24 Months (Regular),Moderate,Active,300.0,0.16,Low Risk (<30%),7-12 Months (Moderate)
29.0,33.0,2,Others,4,Married,6,1,5.0,321.36,0,24+ Months (Loyal),Far,Active,870.0,0.04,Low Risk (<30%),12+ Months (Loyal)
27.0,17.0,3,Grocery,1,Married,4,0,12.0,260.32,0,24+ Months (Loyal),Moderate,Active,810.0,0.0,Low Risk (<30%),12+ Months (Loyal)
3.0,9.0,5,Mobile Phone,5,Single,4,1,1.0,161.46,1,0-6 Months (New),Near,Active,90.0,0.89,High Risk (>70%),0-3 Months (High Risk)
0.0,10.0,1,Laptop & Accessory,4,Married,2,1,3.0,161.42,0,0-6 Months (New),Near,Active,0.0,0.26,Low Risk (<30%),0-3 Months (High Risk)
0.0,14.0,3,Mobile Phone,5,Married,2,0,2.0,125.0,0,0-6 Months (New),Moderate,Active,0.0,0.055,Low Risk (<30%),0-3 Months (High Risk)
10.0,17.0,3,Fashion,2,Married,2,1,3.0,221.85,0,6-24 Months (Regular),Moderate,Active,300.0,0.25,Low Risk (<30%),7-12 Months (Moderate)
3.0,14.0,3,Fashion,3,Married,6,0,7.0,172.64,0,0-6 Months (New),Moderate,Active,90.0,0.01,Low Risk (<30%),0-3 Months (High Risk)
4.0,29.0,5,Laptop & Accessory,3,Divorced,4,1,1.0,188.8,1,0-6 Months (New),Far,Active,120.0,0.86,High Risk (>70%),4-6 Months (Mid-High)
11.0,8.0,5,Laptop & Accessory,1,Married,3,1,3.0,154.05,0,6-24 Months (Regular),Near,Active,330.0,0.06,Low Risk (<30%),7-12 Months (Moderate)
5.0,33.0,4,Mobile Phone,3,Married,3,0,4.0,154.11,0,0-6 Months (New),Far,Active,150.0,0.0,Low Risk (<30%),4-6 Months (Mid-High)
14.0,9.0,5,Laptop & Accessory,3,Married,8,0,1.0,159.48,0,6-24 Months (Regular),Near,Active,420.0,0.0,Low Risk (<30%),12+ Months (Loyal)
3.0,17.0,4,Mobile Phone,4,Married,2,0,2.0,157.91,0,0-6 Months (New),Moderate,Active,90.0,0.0,Low Risk (<30%),0-3 Months (High Risk)
9.0,12.0,3,Mobile Phone,3,Married,9,0,2.0,122.669999999999,0,6-24 Months (Regular),Moderate,Active,270.0,0.0,Low Risk (<30%),7-12 Months (Moderate)
1.0,9.0,6,Mobile Phone,1,Married,7,1,3.0,159.64,1,0-6 Months (New),Near,Active,30.0,0.98,High Risk (>70%),0-3 Months (High Risk)
31.0,10.0,5,Laptop & Accessory,2,Single,7,0,6.0,176.71,0,24+ Months (Loyal),Near,Active,930.0,0.01,Low Risk (<30%),12+ Months (Loyal)
15.0,11.0,4,Mobile Phone,3,Divorced,11,1,8.0,149.61,1,6-24 Months (Regular),Moderate,Active,450.0,0.9,High Risk (>70%),12+ Months (Loyal)
1.0,16.0,5,Laptop & Accessory,5,Single,9,0,4.0,159.07,1,0-6 Months (New),Moderate,Active,30.0,0.94,High Risk (>70%),0-3 Months (High Risk)
14.0,12.0,3,Fashion,3,Single,2,0,7.0,192.41,0,6-24 Months (Regular),Moderate,Active,420.0,0.05,Low Risk (<30%),12+ Months (Loyal)
10.0,17.0,4,Fashion,5,Married,9,1,8.0,208.21,0,6-24 Months (Regular),Moderate,Active,300.0,0.0,Low Risk (<30%),7-12 Months (Moderate)
1.0,22.0,4,Mobile Phone,3,Divorced,3,0,3.0,151.1,1,0-6 Months (New),Far,Active,30.0,0.5080357142857143,Medium Risk (30-70%),0-3 Months (High Risk)
9.0,11.0,3,Mobile Phone,3,Divorced,5,0,0.0,120.93,0,6-24 Months (Regular),Moderate,Active,270.0,0.27,Low Risk (<30%),7-12 Months (Moderate)
13.0,7.0,4,Others,3,Married,3,1,7.0,316.97,0,6-24 Months (Regular),Near,Active,390.0,0.07,Low Risk (<30%),12+ Months (Loyal)
13.0,8.0,3,Others,3,Married,1,0,9.0,294.36,0,6-24 Months (Regular),Near,Active,390.0,0.0,Low Risk (<30%),12+ Months (Loyal)
23.0,35.0,4,Grocery,3,Married,1,0,7.0,270.46,0,6-24 Months (Regular),Far,Active,690.0,0.0,Low Risk (<30%),12+ Months (Loyal)
9.0,9.0,3,Mobile Phone,4,Single,2,0,0.0,114.83,0,6-24 Months (Regular),Near,Active,270.0,0.13,Low Risk (<30%),7-12 Months (Moderate)
21.0,9.0,4,Mobile Phone,3,Single,6,0,1.0,149.79,1,6-24 Months (Regular),Near,Active,630.0,0.64,Medium Risk (30-70%),12+ Months (Loyal)
5.0,8.0,1,Laptop & Accessory,1,Single,8,0,7.0,150.55,0,0-6 Months (New),Near,Active,150.0,0.0,Low Risk (<30%),4-6 Months (Mid-High)
30.0,35.0,4,Grocery,2,Married,4,0,0.0,241.18,0,24+ Months (Loyal),Far,Active,900.0,0.0,Low Risk (<30%),12+ Months (Loyal)
1.0,10.0,4,Mobile Phone,3,Single,3,0,1.0,139.2,1,0-6 Months (New),Near,Active,30.0,0.81,High Risk (>70%),0-3 Months (High Risk)
15.0,11.0,3,Others,3,Divorced,7,0,0.0,283.03,0,6-24 Months (Regular),Moderate,Active,450.0,0.0,Low Risk (<30%),12+ Months (Loyal)
20.0,7.0,4,Fashion,5,Married,9,0,3.0,218.96,0,6-24 Months (Regular),Near,Active,600.0,0.0,Low Risk (<30%),12+ Months (Loyal)
13.0,9.0,4,Fashion,3,Single,2,0,9.0,234.38,0,6-24 Months (Regular),Near,Active,390.0,0.0,Low Risk (<30%),12+ Months (Loyal)
27.0,28.0,3,Grocery,3,Married,4,0,7.0,274.26,0,24+ Months (Loyal),Far,Active,810.0,0.0,Low Risk (<30%),12+ Months (Loyal)
9.0,14.0,3,Laptop & Accessory,1,Married,5,0,7.0,150.79,0,6-24 Months (Regular),Moderate,Active,270.0,0.0,Low Risk (<30%),7-12 Months (Moderate)
11.0,7.0,4,Laptop & Accessory,4,Divorced,8,0,4.0,189.47,0,6-24 Months (Regular),Near,Active,330.0,0.0,Low Risk (<30%),7-12 Months (Moderate)
1.0,14.0,4,Laptop & Accessory,3,Married,3,0,2.0,173.83,1,0-6 Months (New),Moderate,Active,30.0,0.67,Medium Risk (30-70%),0-3 Months (High Risk)
1.0,32.0,6,Mobile Phone,3,Single,3,0,2.0,147.93,1,0-6 Months (New),Far,Active,30.0,0.73,High Risk (>70%),0-3 Months (High Risk)
3.0,7.0,3,Mobile Phone,4,Married,1,1,7.0,135.79,0,0-6 Months (New),Near,Active,90.0,0.02,Low Risk (<30%),0-3 Months (High Risk)
26.0,6.0,4,Grocery,3,Married,5,1,3.0,229.649999999999,0,24+ Months (Loyal),Near,Active,780.0,0.0,Low Risk (<30%),12+ Months (Loyal)
9.0,14.0,3,Mobile Phone,3,Single,2,0,0.0,119.039999999999,1,6-24 Months (Regular),Moderate,Active,270.0,0.84,High Risk (>70%),7-12 Months (Moderate)
2.0,8.0,3,Mobile Phone,4,Married,1,0,2.0,131.8,0,0-6 Months (New),Near,Active,60.0,0.0,Low Risk (<30%),0-3 Months (High Risk)
6.0,8.0,3,Laptop & Accessory,4,Single,9,0,7.0,151.47,0,0-6 Months (New),Near,Active,180.0,0.0,Low Risk (<30%),4-6 Months (Mid-High)
22.0,36.0,4,Fashion,3,Married,5,0,1.0,250.04,0,6-24 Months (Regular),Far,Active,660.0,0.0,Low Risk (<30%),12+ Months (Loyal)
27.0,7.0,4,Laptop & Accessory,5,Single,9,0,11.0,208.81,0,24+ Months (Loyal),Near,Active,810.0,0.0,Low Risk (<30%),12+ Months (Loyal)
23.0,7.0,5,Grocery,3,Single,9,1,8.0,264.64,0,6-24 Months (Regular),Near,Active,690.0,0.0,Low Risk (<30%),12+ Months (Loyal)
23.0,14.0,3,Mobile Phone,4,Divorced,8,0,2.0,138.75,0,6-24 Months (Regular),Moderate,Active,690.0,0.0,Low Risk (<30%),12+ Months (Loyal)
4.0,11.0,5,Laptop & Accessory,4,Married,3,1,8.0,177.09,0,0-6 Months (New),Moderate,Active,120.0,0.02,Low Risk (<30%),4-6 Months (Mid-High)
9.0,14.0,5,Mobile Phone,5,Divorced,2,1,7.0,121.19,1,6-24 Months (Regular),Moderate,Active,270.0,0.94,High Risk (>70%),7-12 Months (Moderate)
1.0,8.0,4,Mobile Phone,3,Single,2,0,3.0,158.75,0,0-6 Months (New),Near,Active,30.0,0.01,Low Risk (<30%),0-3 Months (High Risk)
1.0,12.0,5,Fashion,1,Married,3,1,9.0,253.079999999999,0,0-6 Months (New),Moderate,Active,30.0,0.12,Low Risk (<30%),0-3 Months (High Risk)
19.0,9.0,6,Laptop & Accessory,3,Single,2,0,2.0,191.32,0,6-24 Months (Regular),Near,Active,570.0,0.01,Low Risk (<30%),12+ Months (Loyal)
14.0,16.0,4,Laptop & Accessory,3,Married,5,0,8.0,164.75,0,6-24 Months (Regular),Moderate,Active,420.0,0.0,Low Risk (<30%),12+ Months (Loyal)
9.0,16.0,4,Mobile Phone,5,Single,2,0,0.0,114.16,1,6-24 Months (Regular),Moderate,Active,270.0,0.72,High Risk (>70%),7-12 Months (Moderate)
3.0,8.0,4,Mobile Phone,1,Married,3,0,3.0,162.6,0,0-6 Months (New),Near,Active,90.0,0.02,Low Risk (<30%),0-3 Months (High Risk)
9.0,16.0,4,Mobile Phone,3,Single,2,0,0.0,112.0,0,6-24 Months (Regular),Moderate,Active,270.0,0.19,Low Risk (<30%),7-12 Months (Moderate)
28.0,10.0,3,Laptop & Accessory,3,Divorced,1,1,2.0,140.35,0,24+ Months (Loyal),Near,Active,840.0,0.0,Low Risk (<30%),12+ Months (Loyal)
6.0,9.0,4,Mobile Phone,5,Single,3,0,3.0,149.39,0,0-6 Months (New),Near,Active,180.0,0.02,Low Risk (<30%),4-6 Months (Mid-High)
16.0,19.0,4,Laptop & Accessory,1,Married,5,1,1.0,175.87,0,6-24 Months (Regular),Moderate,Active,480.0,0.07,Low Risk (<30%),12+ Months (Loyal)
0.0,7.0,4,Laptop & Accessory,5,Married,2,0,7.0,197.14,1,0-6 Months (New),Near,Active,0.0,0.91,High Risk (>70%),0-3 Months (High Risk)
5.0,18.0,3,Grocery,5,Single,1,1,14.0,237.579999999999,1,0-6 Months (New),Moderate,Active,150.0,0.69,Medium Risk (30-70%),4-6 Months (Mid-High)
26.0,30.0,1,Fashion,1,Married,4,0,2.0,170.05,0,24+ Months (Loyal),Far,Active,780.0,0.0,Low Risk (<30%),12+ Months (Loyal)
26.0,13.0,3,Others,3,Married,4,0,7.0,286.06,0,24+ Months (Loyal),Moderate,Active,780.0,0.0,Low Risk (<30%),12+ Months (Loyal)
5.0,11.0,3,Mobile Phone,4,Single,3,0,7.0,127.18,0,0-6 Months (New),Moderate,Active,150.0,0.0,Low Risk (<30%),4-6 Months (Mid-High)
9.0,7.0,3,Mobile Phone,3,Married,1,0,3.0,120.639999999999,0,6-24 Months (Regular),Near,Active,270.0,0.06,Low Risk (<30%),7-12 Months (Moderate)
0.0,14.0,5,Mobile Phone,5,Single,1,0,0.0,123.25,1,0-6 Months (New),Moderate,Active,0.0,0.87,High Risk (>70%),0-3 Months (High Risk)
0.0,11.0,4,Fashion,1,Married,2,1,3.0,228.079999999999,0,0-6 Months (New),Moderate,Active,0.0,0.1,Low Risk (<30%),0-3 Months (High Risk)
13.0,29.0,4,Fashion,5,Single,3,1,9.0,233.8,0,6-24 Months (Regular),Far,Active,390.0,0.04,Low Risk (<30%),12+ Months (Loyal)
1.0,12.0,4,Mobile Phone,5,Single,3,1,3.0,148.8,0,0-6 Months (New),Moderate,Active,30.0,0.13,Low Risk (<30%),0-3 Months (High Risk)
21.0,6.0,4,Others,2,Single,7,0,0.0,282.65,0,6-24 Months (Regular),Near,Active,630.0,0.0,Low Risk (<30%),12+ Months (Loyal)
9.0,6.0,3,Mobile Phone,3,Single,1,1,2.0,121.539999999999,0,6-24 Months (Regular),Near,Active,270.0,0.36,Medium Risk (30-70%),7-12 Months (Moderate)
1.0,18.0,4,Mobile Phone,4,Divorced,3,0,3.0,147.44,0,0-6 Months (New),Moderate,Active,30.0,0.0,Low Risk (<30%),0-3 Months (High Risk)
22.0,8.0,5,Others,1,Single,8,0,1.0,307.65,0,6-24 Months (Regular),Near,Active,660.0,0.0,Low Risk (<30%),12+ Months (Loyal)
2.0,16.0,4,Mobile Phone,2,Divorced,3,0,5.0,145.7,0,0-6 Months (New),Moderate,Active,60.0,0.0,Low Risk (<30%),0-3 Months (High Risk)
9.0,28.0,5,Mobile Phone,3,Married,2,0,0.0,115.55,1,6-24 Months (Regular),Far,Active,270.0,0.82,High Risk (>70%),7-12 Months (Moderate)
9.0,19.0,3,Mobile Phone,4,Divorced,2,0,0.0,120.33,0,6-24 Months (Regular),Moderate,Active,270.0,0.26,Low Risk (<30%),7-12 Months (Moderate)
9.0,23.0,4,Mobile Phone,4,Divorced,2,0,0.0,121.27,0,6-24 Months (Regular),Far,Active,270.0,0.05,Low Risk (<30%),7-12 Months (Moderate)
1.0,7.0,4,Laptop & Accessory,3,Divorced,3,0,8.0,177.96,0,0-6 Months (New),Near,Active,30.0,0.09,Low Risk (<30%),0-3 Months (High Risk)
15.0,14.0,3,Mobile Phone,5,Married,4,0,2.0,125.759999999999,0,6-24 Months (Regular),Moderate,Active,450.0,0.0,Low Risk (<30%),12+ Months (Loyal)
12.0,7.0,5,Fashion,3,Single,11,1,1.0,178.81,1,6-24 Months (Regular),Near,Active,360.0,0.61,Medium Risk (30-70%),7-12 Months (Moderate)
3.0,35.0,5,Mobile Phone,5,Single,3,0,5.0,162.85,0,0-6 Months (New),Far,Active,90.0,0.03,Low Risk (<30%),0-3 Months (High Risk)
3.0,20.0,5,Laptop & Accessory,4,Married,6,1,4.0,165.25,0,0-6 Months (New),Moderate,Active,90.0,0.04,Low Risk (<30%),0-3 Months (High Risk)
17.0,13.0,3,Others,1,Married,1,1,10.0,290.49,0,6-24 Months (Regular),Moderate,Active,510.0,0.02,Low Risk (<30%),12+ Months (Loyal)
0.0,14.0,3,Mobile Phone,1,Single,2,0,7.0,125.699999999999,0,0-6 Months (New),Moderate,Active,0.0,0.11666666666666665,Low Risk (<30%),0-3 Months (High Risk)
24.0,11.0,4,Others,4,Married,5,0,7.0,316.44,0,6-24 Months (Regular),Moderate,Active,720.0,0.0,Low Risk (<30%),12+ Months (Loyal)
16.0,12.0,4,Mobile Phone,3,Divorced,6,0,1.0,145.93,0,6-24 Months (Regular),Moderate,Active,480.0,0.03,Low Risk (<30%),12+ Months (Loyal)
19.0,21.0,3,Others,4,Divorced,6,0,3.0,290.81,0,6-24 Months (Regular),Far,Active,570.0,0.0,Low Risk (<30%),12+ Months (Loyal)
11.0,8.0,3,Fashion,4,Single,8,0,0.0,173.51,0,6-24 Months (Regular),Near,Active,330.0,0.01,Low Risk (<30%),7-12 Months (Moderate)
15.0,8.0,4,Mobile Phone,4,Married,5,0,0.0,148.41,0,6-24 Months (Regular),Near,Active,450.0,0.0,Low Risk (<30%),12+ Months (Loyal)
6.0,13.0,3,Laptop & Accessory,4,Divorced,1,0,2.0,143.02,0,0-6 Months (New),Moderate,Active,180.0,0.01,Low Risk (<30%),4-6 Months (Mid-High)
5.0,14.0,4,Fashion,1,Single,3,1,11.0,196.43,0,0-6 Months (New),Moderate,Active,150.0,0.02,Low Risk (<30%),4-6 Months (Mid-High)
15.0,12.0,2,Laptop & Accessory,4,Single,5,0,3.0,193.7,0,6-24 Months (Regular),Moderate,Active,450.0,0.01,Low Risk (<30%),12+ Months (Loyal)
1.0,15.0,3,Laptop & Accessory,1,Single,2,0,7.0,152.53,0,0-6 Months (New),Moderate,Active,30.0,0.02,Low Risk (<30%),0-3 Months (High Risk)
1.0,18.0,5,Mobile Phone,5,Single,3,1,1.0,151.0,1,0-6 Months (New),Moderate,Active,30.0,0.91,High Risk (>70%),0-3 Months (High Risk)
4.0,10.0,1,Mobile Phone,3,Married,9,0,2.0,139.78,0,0-6 Months (New),Near,Active,120.0,0.0,Low Risk (<30%),4-6 Months (Mid-High)
28.0,14.0,4,Laptop & Accessory,1,Married,6,0,8.0,193.54,0,24+ Months (Loyal),Moderate,Active,840.0,0.02,Low Risk (<30%),12+ Months (Loyal)
1.0,15.0,4,Fashion,3,Single,3,0,3.0,212.26,0,0-6 Months (New),Moderate,Active,30.0,0.19,Low Risk (<30%),0-3 Months (High Risk)
13.0,31.0,5,Grocery,1,Married,2,0,7.0,245.31,0,6-24 Months (Regular),Far,Active,390.0,0.01,Low Risk (<30%),12+ Months (Loyal)
9.0,15.0,2,Mobile Phone,1,Married,3,0,2.0,147.69,0,6-24 Months (Regular),Moderate,Active,270.0,0.0,Low Risk (<30%),7-12 Months (Moderate)
14.0,9.0,4,Mobile Phone,3,Married,4,0,3.0,148.45,0,6-24 Months (Regular),Near,Active,420.0,0.01,Low Risk (<30%),12+ Months (Loyal)
0.0,14.0,1,Mobile Phone,1,Married,1,0,7.0,125.44,0,0-6 Months (New),Moderate,Active,0.0,0.03,Low Risk (<30%),0-3 Months (High Risk)
1.0,5.0,5,Mobile Phone,4,Married,3,0,1.0,150.96,1,0-6 Months (New),Near,Active,30.0,0.98,High Risk (>70%),0-3 Months (High Risk)
3.0,30.0,4,Mobile Phone,2,Single,11,0,3.0,147.01,0,0-6 Months (New),Far,Active,90.0,0.0,Low Risk (<30%),0-3 Months (High Risk)
8.0,17.0,4,Mobile Phone,3,Married,3,1,1.0,163.15,0,6-24 Months (Regular),Moderate,Active,240.0,0.14,Low Risk (<30%),7-12 Months (Moderate)
11.0,14.0,4,Laptop & Accessory,5,Married,7,1,5.0,167.84,0,6-24 Months (Regular),Moderate,Active,330.0,0.02,Low Risk (<30%),7-12 Months (Moderate)
17.0,14.0,1,Mobile Phone,2,Divorced,3,1,2.0,128.18,0,6-24 Months (Regular),Moderate,Active,510.0,0.01,Low Risk (<30%),12+ Months (Loyal)
17.0,33.0,4,Grocery,1,Married,3,1,13.0,294.59,0,6-24 Months (Regular),Far,Active,510.0,0.03,Low Risk (<30%),12+ Months (Loyal)
7.0,14.0,3,Laptop & Accessory,5,Divorced,6,0,2.0,165.0,0,6-24 Months (Regular),Moderate,Active,210.0,0.0,Low Risk (<30%),7-12 Months (Moderate)
0.0,10.0,3,Mobile Phone,4,Single,2,0,2.0,132.95,0,0-6 Months (New),Near,Active,0.0,0.0,Low Risk (<30%),0-3 Months (High Risk)
1.0,16.0,4,Mobile Phone,5,Single,9,0,5.0,167.0,1,0-6 Months (New),Moderate,Active,30.0,0.84,High Risk (>70%),0-3 Months (High Risk)
19.0,9.0,3,Grocery,4,Divorced,9,0,1.0,266.06,0,6-24 Months (Regular),Near,Active,570.0,0.0,Low Risk (<30%),12+ Months (Loyal)
3.0,22.0,3,Laptop & Accessory,3,Divorced,9,0,2.0,153.01,0,0-6 Months (New),Far,Active,90.0,0.0,Low Risk (<30%),0-3 Months (High Risk)
14.0,8.0,3,Grocery,5,Divorced,8,0,8.0,265.95,0,6-24 Months (Regular),Near,Active,420.0,0.0,Low Risk (<30%),12+ Months (Loyal)
28.0,8.0,4,Grocery,1,Single,8,0,8.0,298.28,0,24+ Months (Loyal),Near,Active,840.0,0.0,Low Risk (<30%),12+ Months (Loyal)
28.0,12.0,4,Others,5,Divorced,6,0,3.0,319.06,0,24+ Months (Loyal),Moderate,Active,840.0,0.0,Low Risk (<30%),12+ Months (Loyal)
1.0,15.0,2,Laptop & Accessory,4,Married,2,0,3.0,173.51,0,0-6 Months (New),Moderate,Active,30.0,0.01,Low Risk (<30%),0-3 Months (High Risk)
25.0,6.0,3,Grocery,2,Divorced,3,0,8.0,270.99,0,24+ Months (Loyal),Near,Active,750.0,0.0,Low Risk (<30%),12+ Months (Loyal)
1.0,8.0,3,Laptop & Accessory,4,Married,5,0,4.0,148.55,1,0-6 Months (New),Near,Active,30.0,0.6,Medium Risk (30-70%),0-3 Months (High Risk)
3.0,16.0,4,Laptop & Accessory,3,Divorced,2,0,4.0,165.78,0,0-6 Months (New),Moderate,Active,90.0,0.1,Low Risk (<30%),0-3 Months (High Risk)
15.0,16.0,3,Mobile Phone,3,Married,4,0,3.0,129.36,0,6-24 Months (Regular),Moderate,Active,450.0,0.0,Low Risk (<30%),12+ Months (Loyal)
9.0,32.0,3,Laptop & Accessory,3,Married,7,0,2.0,153.47,0,6-24 Months (Regular),Far,Active,270.0,0.01,Low Risk (<30%),7-12 Months (Moderate)
12.0,17.0,4,Laptop & Accessory,3,Married,5,0,3.0,185.77,0,6-24 Months (Regular),Moderate,Active,360.0,0.0,Low Risk (<30%),7-12 Months (Moderate)
1.0,10.0,4,Laptop & Accessory,5,Divorced,3,1,4.0,166.94,0,0-6 Months (New),Near,Active,30.0,0.02,Low Risk (<30%),0-3 Months (High Risk)
5.0,9.0,4,Mobile Phone,2,Married,2,1,3.0,151.95,0,0-6 Months (New),Near,Active,150.0,0.05,Low Risk (<30%),4-6 Months (Mid-High)
5.0,35.0,4,Mobile Phone,4,Single,2,0,1.0,128.37,0,0-6 Months (New),Far,Active,150.0,0.01,Low Risk (<30%),4-6 Months (Mid-High)
6.0,33.0,4,Laptop & Accessory,1,Married,2,0,3.0,169.65,0,0-6 Months (New),Far,Active,180.0,0.0,Low Risk (<30%),4-6 Months (Mid-High)
18.0,14.0,4,Others,1,Married,2,1,11.0,315.49,0,6-24 Months (Regular),Moderate,Active,540.0,0.08,Low Risk (<30%),12+ Months (Loyal)
13.0,15.0,4,Laptop & Accessory,1,Married,10,0,2.0,148.76,0,6-24 Months (Regular),Moderate,Active,390.0,0.0,Low Risk (<30%),12+ Months (Loyal)
9.0,7.0,5,Mobile Phone,3,Married,8,0,8.0,147.58,0,6-24 Months (Regular),Near,Active,270.0,0.01,Low Risk (<30%),7-12 Months (Moderate)
9.0,32.0,5,Laptop & Accessory,2,Single,6,0,3.0,161.81,0,6-24 Months (Regular),Far,Active,270.0,0.0,Low Risk (<30%),7-12 Months (Moderate)
4.0,14.0,5,Mobile Phone,4,Married,3,0,2.0,146.41,0,0-6 Months (New),Moderate,Active,120.0,0.01,Low Risk (<30%),4-6 Months (Mid-High)
8.0,14.0,3,Laptop & Accessory,3,Married,2,0,9.0,141.48,0,6-24 Months (Regular),Moderate,Active,240.0,0.0,Low Risk (<30%),7-12 Months (Moderate)
1.0,7.0,4,Mobile Phone,1,Single,3,1,9.0,151.86,1,0-6 Months (New),Near,Active,30.0,0.93,High Risk (>70%),0-3 Months (High Risk)
15.0,20.0,4,Laptop & Accessory,3,Single,8,0,3.0,162.44,0,6-24 Months (Regular),Moderate,Active,450.0,0.0,Low Risk (<30%),12+ Months (Loyal)
24.0,13.0,4,Laptop & Accessory,3,Married,3,0,0.0,161.32,0,6-24 Months (Regular),Moderate,Active,720.0,0.0,Low Risk (<30%),12+ Months (Loyal)
2.0,6.0,3,Fashion,1,Married,2,0,1.0,179.18,0,0-6 Months (New),Near,Active,60.0,0.0,Low Risk (<30%),0-3 Months (High Risk)
19.0,7.0,1,Grocery,5,Single,2,0,12.0,275.67,0,6-24 Months (Regular),Near,Active,570.0,0.0,Low Risk (<30%),12+ Months (Loyal)
16.0,12.0,4,Laptop & Accessory,3,Single,2,1,8.0,140.81,0,6-24 Months (Regular),Moderate,Active,480.0,0.13,Low Risk (<30%),12+ Months (Loyal)
21.0,16.0,4,Others,4,Married,5,0,9.0,296.65,0,6-24 Months (Regular),Moderate,Active,630.0,0.0,Low Risk (<30%),12+ Months (Loyal)
2.0,8.0,3,Laptop & Accessory,1,Married,2,0,3.0,188.53,0,0-6 Months (New),Near,Active,60.0,0.07,Low Risk (<30%),0-3 Months (High Risk)
6.0,6.0,2,Grocery,3,Married,5,0,5.0,261.84,0,0-6 Months (New),Near,Active,180.0,0.02,Low Risk (<30%),4-6 Months (Mid-High)
12.0,34.0,4,Laptop & Accessory,5,Single,4,0,3.0,142.84,1,6-24 Months (Regular),Far,Active,360.0,0.68,Medium Risk (30-70%),7-12 Months (Moderate)
30.0,18.0,5,Laptop & Accessory,5,Married,6,0,1.0,178.8,0,24+ Months (Loyal),Moderate,Active,900.0,0.0,Low Risk (<30%),12+ Months (Loyal)
12.0,11.0,4,Mobile Phone,3,Married,9,0,1.0,158.06,0,6-24 Months (Regular),Moderate,Active,360.0,0.0,Low Risk (<30%),7-12 Months (Moderate)
8.0,14.0,4,Mobile Phone,3,Married,1,0,2.0,124.3,0,6-24 Months (Regular),Moderate,Active,240.0,0.0,Low Risk (<30%),7-12 Months (Moderate)
3.0,28.0,4,Laptop & Accessory,3,Married,3,1,0.0,163.8,1,0-6 Months (New),Far,Active,90.0,0.86,High Risk (>70%),0-3 Months (High Risk)
11.0,32.0,5,Laptop & Accessory,1,Married,9,0,4.0,182.31,0,6-24 Months (Regular),Far,Active,330.0,0.0,Low Risk (<30%),7-12 Months (Moderate)
0.0,7.0,3,Mobile Phone,3,Single,1,0,2.0,133.75,0,0-6 Months (New),Near,Active,0.0,0.01,Low Risk (<30%),0-3 Months (High Risk)
3.0,22.0,6,Mobile Phone,1,Married,2,1,4.0,146.68,0,0-6 Months (New),Far,Active,90.0,0.09,Low Risk (<30%),0-3 Months (High Risk)
1.0,16.0,4,Mobile Phone,5,Single,3,0,1.0,150.52,0,0-6 Months (New),Moderate,Active,30.0,0.29,Low Risk (<30%),0-3 Months (High Risk)
8.0,14.0,3,Mobile Phone,3,Single,2,0,4.0,143.23,0,6-24 Months (Regular),Moderate,Active,240.0,0.01,Low Risk (<30%),7-12 Months (Moderate)
4.0,7.0,5,Fashion,3,Single,3,0,3.0,209.74,0,0-6 Months (New),Near,Active,120.0,0.01,Low Risk (<30%),4-6 Months (Mid-High)
5.0,16.0,3,Mobile Phone,3,Married,7,0,3.0,134.33,0,0-6 Months (New),Moderate,Active,150.0,0.0,Low Risk (<30%),4-6 Months (Mid-High)
4.0,14.0,3,Grocery,4,Single,4,0,0.0,264.22,0,0-6 Months (New),Moderate,Active,120.0,0.02,Low Risk (<30%),4-6 Months (Mid-High)
12.0,21.0,3,Grocery,5,Single,1,0,10.0,233.41,0,6-24 Months (Regular),Far,Active,360.0,0.0,Low Risk (<30%),7-12 Months (Moderate)
7.0,6.0,4,Mobile Phone,2,Divorced,2,1,3.0,136.22,0,6-24 Months (Regular),Near,Active,210.0,0.04,Low Risk (<30%),7-12 Months (Moderate)
12.0,30.0,3,Laptop & Accessory,1,Single,8,0,7.0,141.08,0,6-24 Months (Regular),Far,Active,360.0,0.01,Low Risk (<30%),7-12 Months (Moderate)
0.0,8.0,1,Mobile Phone,5,Single,8,0,1.0,134.24,0,0-6 Months (New),Near,Active,0.0,0.25,Low Risk (<30%),0-3 Months (High Risk)
14.0,16.0,4,Laptop & Accessory,5,Married,2,0,2.0,179.73,0,6-24 Months (Regular),Moderate,Active,420.0,0.1,Low Risk (<30%),12+ Months (Loyal)
18.0,8.0,4,Grocery,2,Divorced,10,0,8.0,267.92,0,6-24 Months (Regular),Near,Active,540.0,0.0,Low Risk (<30%),12+ Months (Loyal)
9.0,15.0,3,Mobile Phone,5,Married,2,0,0.0,117.9,1,6-24 Months (Regular),Moderate,Active,270.0,0.66,Medium Risk (30-70%),7-12 Months (Moderate)
11.0,26.0,4,Laptop & Accessory,3,Married,5,0,3.0,182.68,0,6-24 Months (Regular),Far,Active,330.0,0.0,Low Risk (<30%),7-12 Months (Moderate)
21.0,14.0,5,Fashion,5,Married,9,1,3.0,225.08,1,6-24 Months (Regular),Moderate,Active,630.0,0.68,Medium Risk (30-70%),12+ Months (Loyal)
9.0,9.0,4,Laptop & Accessory,4,Single,7,0,3.0,169.25,0,6-24 Months (Regular),Near,Active,270.0,0.0,Low Risk (<30%),7-12 Months (Moderate)
10.0,12.0,3,Laptop & Accessory,1,Married,5,0,1.0,165.02,0,6-24 Months (Regular),Moderate,Active,300.0,0.0,Low Risk (<30%),7-12 Months (Moderate)
8.0,17.0,4,Mobile Phone,4,Married,3,0,1.0,145.08,0,6-24 Months (Regular),Moderate,Active,240.0,0.0,Low Risk (<30%),7-12 Months (Moderate)
25.0,6.0,4,Others,3,Married,1,0,9.0,299.99,0,24+ Months (Loyal),Near,Active,750.0,0.0,Low Risk (<30%),12+ Months (Loyal)
14.0,8.0,3,Grocery,4,Single,2,0,4.0,260.15,0,6-24 Months (Regular),Near,Active,420.0,0.0,Low Risk (<30%),12+ Months (Loyal)
0.0,6.0,4,Laptop & Accessory,5,Married,2,0,7.0,197.14,1,0-6 Months (New),Near,Active,0.0,0.91,High Risk (>70%),0-3 Months (High Risk)
1.0,16.0,5,Mobile Phone,3,Divorced,2,1,1.0,158.88,1,0-6 Months (New),Moderate,Active,30.0,0.87,High Risk (>70%),0-3 Months (High Risk)
14.0,16.0,5,Laptop & Accessory,4,Single,2,0,9.0,161.51,0,6-24 Months (Regular),Moderate,Active,420.0,0.0,Low Risk (<30%),12+ Months (Loyal)
3.0,9.0,4,Mobile Phone,4,Married,2,0,3.0,156.8,0,0-6 Months (New),Near,Active,90.0,0.01,Low Risk (<30%),0-3 Months (High Risk)
19.0,36.0,4,Mobile Phone,1,Single,7,0,4.0,159.52,0,6-24 Months (Regular),Far,Active,570.0,0.05,Low Risk (<30%),12+ Months (Loyal)
20.0,8.0,4,Mobile Phone,1,Single,2,1,2.0,132.94,0,6-24 Months (Regular),Near,Active,600.0,0.01,Low Risk (<30%),12+ Months (Loyal)
9.0,7.0,4,Mobile Phone,4,Married,1,0,2.0,122.69,0,6-24 Months (Regular),Near,Active,270.0,0.01,Low Risk (<30%),7-12 Months (Moderate)
28.0,29.0,4,Grocery,3,Married,5,0,8.0,299.26,0,24+ Months (Loyal),Far,Active,840.0,0.0,Low Risk (<30%),12+ Months (Loyal)
9.0,20.0,3,Mobile Phone,5,Divorced,2,1,8.0,122.35,0,6-24 Months (Regular),Moderate,Active,270.0,0.17,Low Risk (<30%),7-12 Months (Moderate)
5.0,31.0,4,Laptop & Accessory,1,Single,4,0,5.0,177.38,0,0-6 Months (New),Far,Active,150.0,0.04,Low Risk (<30%),4-6 Months (Mid-High)
0.0,6.0,3,Laptop & Accessory,3,Married,1,0,2.0,148.98,0,0-6 Months (New),Near,Active,0.0,0.04,Low Risk (<30%),0-3 Months (High Risk)
15.0,14.0,1,Laptop & Accessory,4,Divorced,7,1,0.0,123.72,0,6-24 Months (Regular),Moderate,Active,450.0,0.21,Low Risk (<30%),12+ Months (Loyal)
0.0,30.0,5,Mobile Phone,2,Single,2,1,0.0,111.18,1,0-6 Months (New),Far,Active,0.0,1.0,High Risk (>70%),0-3 Months (High Risk)
5.0,15.0,2,Mobile Phone,4,Single,11,0,3.0,146.09,0,0-6 Months (New),Moderate,Active,150.0,0.0,Low Risk (<30%),4-6 Months (Mid-High)
5.0,10.0,4,Mobile Phone,5,Married,3,1,4.0,155.65,0,0-6 Months (New),Near,Active,150.0,0.19,Low Risk (<30%),4-6 Months (Mid-High)
15.0,8.0,3,Grocery,5,Divorced,1,0,7.0,276.65,0,6-24 Months (Regular),Near,Active,450.0,0.0,Low Risk (<30%),12+ Months (Loyal)
2.0,15.0,4,Mobile Phone,1,Single,3,0,3.0,158.1,0,0-6 Months (New),Moderate,Active,60.0,0.0,Low Risk (<30%),0-3 Months (High Risk)
1.0,15.0,3,Laptop & Accessory,4,Divorced,2,0,3.0,173.51,0,0-6 Months (New),Moderate,Active,30.0,0.15,Low Risk (<30%),0-3 Months (High Risk)
24.0,9.0,4,Others,3,Married,4,1,8.0,317.37,0,6-24 Months (Regular),Near,Active,720.0,0.0,Low Risk (<30%),12+ Months (Loyal)
16.0,31.0,4,Fashion,5,Divorced,3,1,9.0,199.06,0,6-24 Months (Regular),Far,Active,480.0,0.01,Low Risk (<30%),12+ Months (Loyal)
1.0,14.0,6,Laptop & Accessory,3,Single,3,1,7.0,185.74,1,0-6 Months (New),Moderate,Active,30.0,0.93,High Risk (>70%),0-3 Months (High Risk)
0.0,11.0,3,Mobile Phone,3,Single,2,1,0.0,128.51,1,0-6 Months (New),Moderate,Active,0.0,0.98,High Risk (>70%),0-3 Months (High Risk)
29.0,15.0,3,Grocery,2,Divorced,8,0,3.0,211.029999999999,0,24+ Months (Loyal),Moderate,Active,870.0,0.0,Low Risk (<30%),12+ Months (Loyal)
20.0,14.0,4,Laptop & Accessory,3,Divorced,4,0,1.0,177.58,0,6-24 Months (Regular),Moderate,Active,600.0,0.04,Low Risk (<30%),12+ Months (Loyal)
20.0,11.0,3,Others,3,Divorced,5,0,1.0,283.0,0,6-24 Months (Regular),Moderate,Active,600.0,0.0,Low Risk (<30%),12+ Months (Loyal)
7.0,9.0,5,Laptop & Accessory,5,Single,4,0,12.0,147.59,0,6-24 Months (Regular),Near,Active,210.0,0.0,Low Risk (<30%),7-12 Months (Moderate)
19.0,13.0,3,Laptop & Accessory,3,Divorced,3,0,0.0,152.58,0,6-24 Months (Regular),Moderate,Active,570.0,0.03,Low Risk (<30%),12+ Months (Loyal)
9.0,10.0,4,Fashion,1,Married,8,0,9.0,203.23,0,6-24 Months (Regular),Near,Active,270.0,0.04,Low Risk (<30%),7-12 Months (Moderate)
13.0,8.0,1,Laptop & Accessory,4,Married,2,0,7.0,142.44,0,6-24 Months (Regular),Near,Active,390.0,0.0,Low Risk (<30%),12+ Months (Loyal)
6.0,7.0,4,Laptop & Accessory,4,Married,3,0,10.0,187.2,0,0-6 Months (New),Near,Active,180.0,0.0,Low Risk (<30%),4-6 Months (Mid-High)
10.0,16.0,4,Laptop & Accessory,2,Married,3,1,0.0,166.94,0,6-24 Months (Regular),Moderate,Active,300.0,0.04,Low Risk (<30%),7-12 Months (Moderate)
9.0,9.0,4,Mobile Phone,1,Married,3,0,3.0,145.14,0,6-24 Months (Regular),Near,Active,270.0,0.0,Low Risk (<30%),7-12 Months (Moderate)
1.0,15.0,6,Mobile Phone,5,Married,3,0,2.0,149.51,0,0-6 Months (New),Moderate,Active,30.0,0.11,Low Risk (<30%),0-3 Months (High Risk)
1.0,8.0,4,Mobile Phone,4,Divorced,1,0,4.0,132.01,0,0-6 Months (New),Near,Active,30.0,0.04,Low Risk (<30%),0-3 Months (High Risk)
5.0,7.0,3,Fashion,1,Married,2,0,7.0,204.22,0,0-6 Months (New),Near,Active,150.0,0.03,Low Risk (<30%),4-6 Months (Mid-High)
8.0,14.0,4,Mobile Phone,3,Married,2,1,8.0,148.08,0,6-24 Months (Regular),Moderate,Active,240.0,0.08,Low Risk (<30%),7-12 Months (Moderate)
1.0,7.0,4,Laptop & Accessory,4,Married,3,0,5.0,188.97,0,0-6 Months (New),Near,Active,30.0,0.03,Low Risk (<30%),0-3 Months (High Risk)
0.0,14.0,1,Mobile Phone,3,Married,8,0,2.0,135.17,0,0-6 Months (New),Moderate,Active,0.0,0.02,Low Risk (<30%),0-3 Months (High Risk)
18.0,35.0,2,Grocery,2,Divorced,5,1,12.0,258.2,0,6-24 Months (Regular),Far,Active,540.0,0.08,Low Risk (<30%),12+ Months (Loyal)
5.0,12.0,4,Laptop & Accessory,1,Married,3,0,3.0,179.76,0,0-6 Months (New),Moderate,Active,150.0,0.0,Low Risk (<30%),4-6 Months (Mid-High)
6.0,10.0,3,Laptop & Accessory,4,Married,6,0,7.0,130.55,0,0-6 Months (New),Near,Active,180.0,0.0,Low Risk (<30%),4-6 Months (Mid-High)
9.0,11.0,3,Laptop & Accessory,1,Married,4,0,0.0,120.86,1,6-24 Months (Regular),Moderate,Active,270.0,0.88,High Risk (>70%),7-12 Months (Moderate)
9.0,8.0,4,Fashion,3,Divorced,2,0,0.0,175.96,0,6-24 Months (Regular),Near,Active,270.0,0.0,Low Risk (<30%),7-12 Months (Moderate)
24.0,11.0,3,Grocery,4,Married,2,1,10.0,240.26,0,6-24 Months (Regular),Moderate,Active,720.0,0.0,Low Risk (<30%),12+ Months (Loyal)
10.0,7.0,5,Laptop & Accessory,3,Married,2,0,3.0,168.74,0,6-24 Months (Regular),Near,Active,300.0,0.0,Low Risk (<30%),7-12 Months (Moderate)
22.0,9.0,3,Laptop & Accessory,4,Divorced,5,0,3.0,206.2,0,6-24 Months (Regular),Near,Active,660.0,0.01,Low Risk (<30%),12+ Months (Loyal)
6.0,7.0,4,Mobile Phone,1,Married,2,0,3.0,148.14,0,0-6 Months (New),Near,Active,180.0,0.01,Low Risk (<30%),4-6 Months (Mid-High)
3.0,9.0,4,Laptop & Accessory,3,Married,3,0,3.0,171.49,0,0-6 Months (New),Near,Active,90.0,0.0,Low Risk (<30%),0-3 Months (High Risk)
0.0,14.0,3,Mobile Phone,4,Single,2,1,0.0,124.72,1,0-6 Months (New),Moderate,Active,0.0,0.99,High Risk (>70%),0-3 Months (High Risk)
0.0,14.0,3,Mobile Phone,4,Married,3,1,2.0,123.729999999999,1,0-6 Months (New),Moderate,Active,0.0,0.74,High Risk (>70%),0-3 Months (High Risk)
5.0,10.0,3,Mobile Phone,4,Married,3,0,2.0,139.31,0,0-6 Months (New),Near,Active,150.0,0.0,Low Risk (<30%),4-6 Months (Mid-High)
10.0,16.0,3,Laptop & Accessory,4,Single,3,1,1.0,141.97,0,6-24 Months (Regular),Moderate,Active,300.0,0.01,Low Risk (<30%),7-12 Months (Moderate)
27.0,25.0,3,Fashion,4,Divorced,3,0,1.0,207.25,0,24+ Months (Loyal),Far,Active,810.0,0.0,Low Risk (<30%),12+ Months (Loyal)
15.0,8.0,4,Laptop & Accessory,2,Single,4,0,0.0,167.81,0,6-24 Months (Regular),Near,Active,450.0,0.0,Low Risk (<30%),12+ Months (Loyal)
5.0,8.0,3,Laptop & Accessory,4,Married,1,1,2.0,140.78,0,0-6 Months (New),Near,Active,150.0,0.01,Low Risk (<30%),4-6 Months (Mid-High)
21.0,9.0,5,Mobile Phone,1,Married,11,1,1.0,148.8,1,6-24 Months (Regular),Near,Active,630.0,0.77,High Risk (>70%),12+ Months (Loyal)
14.0,9.0,4,Mobile Phone,3,Married,4,0,3.0,145.01,0,6-24 Months (Regular),Near,Active,420.0,0.01,Low Risk (<30%),12+ Months (Loyal)
11.0,6.0,1,Mobile Phone,3,Divorced,2,0,0.0,128.44,0,6-24 Months (Regular),Near,Active,330.0,0.0,Low Risk (<30%),7-12 Months (Moderate)
10.0,8.0,6,Fashion,5,Married,4,1,3.0,227.52,0,6-24 Months (Regular),Near,Active,300.0,0.01,Low Risk (<30%),7-12 Months (Moderate)
14.0,9.0,4,Others,3,Married,2,0,13.0,305.41,0,6-24 Months (Regular),Near,Active,420.0,0.0,Low Risk (<30%),12+ Months (Loyal)
0.0,10.0,4,Laptop & Accessory,2,Single,2,1,3.0,144.87,0,0-6 Months (New),Near,Active,0.0,0.26,Low Risk (<30%),0-3 Months (High Risk)
19.0,31.0,4,Mobile Phone,4,Single,3,0,5.0,146.77,0,6-24 Months (Regular),Far,Active,570.0,0.0,Low Risk (<30%),12+ Months (Loyal)
3.0,21.0,4,Fashion,5,Married,3,0,7.0,171.4,0,0-6 Months (New),Far,Active,90.0,0.01,Low Risk (<30%),0-3 Months (High Risk)
11.0,6.0,4,Fashion,3,Single,10,1,0.0,153.81,1,6-24 Months (Regular),Near,Active,330.0,0.63,Medium Risk (30-70%),7-12 Months (Moderate)
3.0,18.0,3,Laptop & Accessory,3,Single,1,0,4.0,165.77,0,0-6 Months (New),Moderate,Active,90.0,0.01,Low Risk (<30%),0-3 Months (High Risk)
10.0,15.0,4,Laptop & Accessory,4,Married,2,0,3.0,141.89,0,6-24 Months (Regular),Moderate,Active,300.0,0.02,Low Risk (<30%),7-12 Months (Moderate)
21.0,13.0,3,Laptop & Accessory,5,Married,5,0,2.0,154.86,0,6-24 Months (Regular),Moderate,Active,630.0,0.0,Low Risk (<30%),12+ Months (Loyal)
14.0,7.0,4,Laptop & Accessory,1,Married,6,0,4.0,190.13,0,6-24 Months (Regular),Near,Active,420.0,0.0,Low Risk (<30%),12+ Months (Loyal)
9.0,14.0,1,Fashion,5,Married,10,0,3.0,217.13,0,6-24 Months (Regular),Moderate,Active,270.0,0.01,Low Risk (<30%),7-12 Months (Moderate)
11.0,8.0,6,Laptop & Accessory,1,Married,3,0,3.0,220.25,0,6-24 Months (Regular),Near,Active,330.0,0.02,Low Risk (<30%),7-12 Months (Moderate)
5.0,6.0,3,Mobile Phone,5,Single,2,0,0.0,129.56,0,0-6 Months (New),Near,Active,150.0,0.01,Low Risk (<30%),4-6 Months (Mid-High)
9.0,15.0,4,Mobile Phone,3,Single,3,0,5.0,168.23,0,6-24 Months (Regular),Moderate,Active,270.0,0.0,Low Risk (<30%),7-12 Months (Moderate)
28.0,10.0,4,Laptop & Accessory,5,Married,4,0,6.0,184.4,0,24+ Months (Loyal),Near,Active,840.0,0.0,Low Risk (<30%),12+ Months (Loyal)
9.0,28.0,4,Laptop & Accessory,1,Married,3,1,8.0,165.14,0,6-24 Months (Regular),Far,Active,270.0,0.0,Low Risk (<30%),7-12 Months (Moderate)
24.0,6.0,4,Others,3,Married,6,1,1.0,318.31,0,6-24 Months (Regular),Near,Active,720.0,0.02,Low Risk (<30%),12+ Months (Loyal)
0.0,31.0,4,Mobile Phone,4,Single,5,1,2.0,123.13,1,0-6 Months (New),Far,Active,0.0,0.97,High Risk (>70%),0-3 Months (High Risk)
2.0,15.0,3,Mobile Phone,3,Married,10,0,2.0,129.74,0,0-6 Months (New),Moderate,Active,60.0,0.0,Low Risk (<30%),0-3 Months (High Risk)
8.0,9.0,5,Mobile Phone,5,Single,3,0,4.0,168.81,0,6-24 Months (Regular),Near,Active,240.0,0.01,Low Risk (<30%),7-12 Months (Moderate)
1.0,12.0,4,Mobile Phone,2,Single,3,0,1.0,135.51,0,0-6 Months (New),Moderate,Active,30.0,0.29,Low Risk (<30%),0-3 Months (High Risk)
31.0,25.0,4,Fashion,2,Single,8,0,3.0,230.12,0,24+ Months (Loyal),Far,Active,930.0,0.0,Low Risk (<30%),12+ Months (Loyal)
17.0,7.0,3,Mobile Phone,1,Married,5,1,2.0,131.95,0,6-24 Months (Regular),Near,Active,510.0,0.01,Low Risk (<30%),12+ Months (Loyal)
10.0,19.0,3,Laptop & Accessory,1,Married,2,0,7.0,142.85,0,6-24 Months (Regular),Moderate,Active,300.0,0.02,Low Risk (<30%),7-12 Months (Moderate)
12.0,6.0,2,Fashion,2,Married,1,0,7.0,196.13,0,6-24 Months (Regular),Near,Active,360.0,0.01,Low Risk (<30%),7-12 Months (Moderate)
16.0,7.0,4,Mobile Phone,5,Married,5,0,3.0,150.76,0,6-24 Months (Regular),Near,Active,480.0,0.01,Low Risk (<30%),12+ Months (Loyal)
6.0,15.0,5,Laptop & Accessory,4,Married,3,1,10.0,177.28,0,0-6 Months (New),Moderate,Active,180.0,0.02,Low Risk (<30%),4-6 Months (Mid-High)
3.0,28.0,2,Fashion,5,Married,3,0,3.0,224.8,0,0-6 Months (New),Far,Active,90.0,0.03,Low Risk (<30%),0-3 Months (High Risk)
9.0,15.0,4,Mobile Phone,2,Divorced,3,0,3.0,150.72,0,6-24 Months (Regular),Moderate,Active,270.0,0.01,Low Risk (<30%),7-12 Months (Moderate)
17.0,17.0,4,Mobile Phone,1,Single,2,0,8.0,149.55,0,6-24 Months (Regular),Moderate,Active,510.0,0.0,Low Risk (<30%),12+ Months (Loyal)
12.0,17.0,3,Fashion,1,Married,2,0,7.0,176.54,1,6-24 Months (Regular),Moderate,Active,360.0,0.87,High Risk (>70%),7-12 Months (Moderate)
16.0,33.0,3,Fashion,5,Married,9,0,1.0,208.2,0,6-24 Months (Regular),Far,Active,480.0,0.01,Low Risk (<30%),12+ Months (Loyal)
25.0,8.0,4,Mobile Phone,2,Single,8,0,2.0,132.12,0,24+ Months (Loyal),Near,Active,750.0,0.0,Low Risk (<30%),12+ Months (Loyal)
12.0,12.0,1,Fashion,3,Married,3,0,6.0,182.37,0,6-24 Months (Regular),Moderate,Active,360.0,0.01,Low Risk (<30%),7-12 Months (Moderate)
7.0,9.0,3,Mobile Phone,2,Divorced,1,0,2.0,137.37,0,6-24 Months (Regular),Near,Active,210.0,0.01,Low Risk (<30%),7-12 Months (Moderate)
12.0,12.0,4,Fashion,5,Married,5,0,7.0,199.91,0,6-24 Months (Regular),Moderate,Active,360.0,0.09,Low Risk (<30%),7-12 Months (Moderate)
1.0,31.0,4,Mobile Phone,4,Married,3,1,1.0,149.08,1,0-6 Months (New),Far,Active,30.0,1.0,High Risk (>70%),0-3 Months (High Risk)
18.0,10.0,3,Laptop & Accessory,4,Married,2,0,8.0,144.47,0,6-24 Months (Regular),Near,Active,540.0,0.0,Low Risk (<30%),12+ Months (Loyal)
7.0,9.0,3,Laptop & Accessory,1,Single,1,0,4.0,177.56,0,6-24 Months (Regular),Near,Active,210.0,0.0,Low Risk (<30%),7-12 Months (Moderate)
14.0,31.0,4,Laptop & Accessory,2,Married,3,0,8.0,158.19,0,6-24 Months (Regular),Far,Active,420.0,0.0,Low Risk (<30%),12+ Months (Loyal)
12.0,7.0,4,Fashion,5,Married,3,0,12.0,260.82,0,6-24 Months (Regular),Near,Active,360.0,0.0,Low Risk (<30%),7-12 Months (Moderate)
25.0,9.0,6,Laptop & Accessory,4,Married,7,0,3.0,179.82,0,24+ Months (Loyal),Near,Active,750.0,0.0,Low Risk (<30%),12+ Months (Loyal)
29.0,7.0,4,Others,5,Single,2,1,14.0,315.45,0,24+ Months (Loyal),Near,Active,870.0,0.03,Low Risk (<30%),12+ Months (Loyal)
6.0,14.0,1,Mobile Phone,5,Married,7,0,6.0,131.43,0,0-6 Months (New),Moderate,Active,180.0,0.01,Low Risk (<30%),4-6 Months (Mid-High)
10.0,7.0,4,Laptop & Accessory,2,Single,6,0,1.0,191.53,0,6-24 Months (Regular),Near,Active,300.0,0.0,Low Risk (<30%),7-12 Months (Moderate)
1.0,36.0,5,Laptop & Accessory,3,Single,3,0,9.0,170.08,1,0-6 Months (New),Far,Active,30.0,0.74,High Risk (>70%),0-3 Months (High Risk)
1.0,19.0,4,Mobile Phone,1,Single,3,0,5.0,151.47,0,0-6 Months (New),Moderate,Active,30.0,0.1745238095238095,Low Risk (<30%),0-3 Months (High Risk)
23.0,23.0,4,Fashion,5,Married,6,0,11.0,232.69,0,6-24 Months (Regular),Far,Active,690.0,0.0,Low Risk (<30%),12+ Months (Loyal)
4.0,35.0,4,Laptop & Accessory,1,Married,2,0,7.0,154.68,0,0-6 Months (New),Far,Active,120.0,0.0,Low Risk (<30%),4-6 Months (Mid-High)
13.0,8.0,3,Others,3,Married,1,0,12.0,280.41,0,6-24 Months (Regular),Near,Active,390.0,0.0,Low Risk (<30%),12+ Months (Loyal)
27.0,9.0,5,Fashion,4,Divorced,4,0,13.0,200.25,0,24+ Months (Loyal),Near,Active,810.0,0.0,Low Risk (<30%),12+ Months (Loyal)
31.0,13.0,4,Mobile Phone,3,Divorced,10,0,3.0,147.67,0,24+ Months (Loyal),Moderate,Active,930.0,0.0,Low Risk (<30%),12+ Months (Loyal)
26.0,29.0,3,Grocery,1,Single,7,0,8.0,242.75,0,24+ Months (Loyal),Far,Active,780.0,0.0,Low Risk (<30%),12+ Months (Loyal)
5.0,14.0,4,Fashion,2,Single,3,1,11.0,196.43,0,0-6 Months (New),Moderate,Active,150.0,0.02,Low Risk (<30%),4-6 Months (Mid-High)
0.0,8.0,1,Laptop & Accessory,3,Single,1,0,7.0,165.0,0,0-6 Months (New),Near,Active,0.0,0.05,Low Risk (<30%),0-3 Months (High Risk)
9.0,13.0,2,Mobile Phone,2,Married,5,0,2.0,120.889999999999,0,6-24 Months (Regular),Moderate,Active,270.0,0.0,Low Risk (<30%),7-12 Months (Moderate)
9.0,26.0,3,Mobile Phone,1,Married,2,0,2.0,121.57,0,6-24 Months (Regular),Far,Active,270.0,0.0,Low Risk (<30%),7-12 Months (Moderate)
4.0,16.0,4,Laptop & Accessory,5,Married,3,0,11.0,155.72,0,0-6 Months (New),Moderate,Active,120.0,0.0,Low Risk (<30%),4-6 Months (Mid-High)
7.0,14.0,1,Laptop & Accessory,3,Married,2,0,8.0,167.99,0,6-24 Months (Regular),Moderate,Active,210.0,0.0,Low Risk (<30%),7-12 Months (Moderate)
0.0,10.0,5,Fashion,1,Married,2,0,8.0,204.0,1,0-6 Months (New),Near,Active,0.0,0.94,High Risk (>70%),0-3 Months (High Risk)
21.0,11.0,4,Laptop & Accessory,1,Single,3,1,8.0,166.63,0,6-24 Months (Regular),Moderate,Active,630.0,0.02,Low Risk (<30%),12+ Months (Loyal)
60.0,27.0,3,Grocery,1,Married,5,1,0.0,278.75,0,24+ Months (Loyal),Far,Active,1800.0,0.0,Low Risk (<30%),12+ Months (Loyal)
16.0,14.0,3,Mobile Phone,1,Single,1,0,7.0,124.55,0,6-24 Months (Regular),Moderate,Active,480.0,0.01,Low Risk (<30%),12+ Months (Loyal)
1.0,32.0,5,Mobile Phone,4,Divorced,7,0,2.0,150.46,1,0-6 Months (New),Far,Active,30.0,0.78,High Risk (>70%),0-3 Months (High Risk)
13.0,25.0,3,Laptop & Accessory,1,Married,9,1,7.0,127.41,0,6-24 Months (Regular),Far,Active,390.0,0.09,Low Risk (<30%),12+ Months (Loyal)
20.0,20.0,3,Laptop & Accessory,3,Married,4,1,2.0,145.91,0,6-24 Months (Regular),Moderate,Active,600.0,0.03,Low Risk (<30%),12+ Months (Loyal)
5.0,15.0,4,Grocery,4,Single,5,0,1.0,289.22,0,0-6 Months (New),Moderate,Active,150.0,0.01,Low Risk (<30%),4-6 Months (Mid-High)
22.0,24.0,3,Laptop & Accessory,2,Married,2,1,7.0,168.04,0,6-24 Months (Regular),Far,Active,660.0,0.0,Low Risk (<30%),12+ Months (Loyal)
30.0,16.0,4,Mobile Phone,3,Divorced,4,0,4.0,154.42,0,24+ Months (Loyal),Moderate,Active,900.0,0.0,Low Risk (<30%),12+ Months (Loyal)
14.0,12.0,3,Fashion,1,Single,4,1,0.0,235.91,0,6-24 Months (Regular),Moderate,Active,420.0,0.01,Low Risk (<30%),12+ Months (Loyal)
10.0,17.0,4,Fashion,1,Single,3,0,3.0,224.8,0,6-24 Months (Regular),Moderate,Active,300.0,0.013999999999999999,Low Risk (<30%),7-12 Months (Moderate)
1.0,11.0,3,Laptop & Accessory,1,Single,2,0,2.0,149.08,0,0-6 Months (New),Moderate,Active,30.0,0.0,Low Risk (<30%),0-3 Months (High Risk)
7.0,15.0,4,Laptop & Accessory,5,Married,4,0,3.0,188.92,0,6-24 Months (Regular),Moderate,Active,210.0,0.0,Low Risk (<30%),7-12 Months (Moderate)
11.0,9.0,4,Laptop & Accessory,3,Divorced,6,1,3.0,221.02,0,6-24 Months (Regular),Near,Active,330.0,0.0,Low Risk (<30%),7-12 Months (Moderate)
11.0,12.0,4,Laptop & Accessory,1,Married,9,0,5.0,188.47,0,6-24 Months (Regular),Moderate,Active,330.0,0.0,Low Risk (<30%),7-12 Months (Moderate)
15.0,12.0,2,Mobile Phone,3,Married,4,1,4.0,146.27,0,6-24 Months (Regular),Moderate,Active,450.0,0.01,Low Risk (<30%),12+ Months (Loyal)
9.0,8.0,4,Mobile Phone,3,Single,2,0,0.0,122.74,0,6-24 Months (Regular),Near,Active,270.0,0.01,Low Risk (<30%),7-12 Months (Moderate)
8.0,24.0,3,Laptop & Accessory,5,Married,1,0,4.0,0.0,0,6-24 Months (Regular),Far,Active,240.0,0.03,Low Risk (<30%),7-12 Months (Moderate)
9.0,17.0,3,Mobile Phone,4,Married,2,0,2.0,122.44,0,6-24 Months (Regular),Moderate,Active,270.0,0.0,Low Risk (<30%),7-12 Months (Moderate)
10.0,9.0,5,Fashion,3,Divorced,3,0,1.0,200.96,0,6-24 Months (Regular),Near,Active,300.0,0.01,Low Risk (<30%),7-12 Months (Moderate)
0.0,14.0,3,Laptop & Accessory,3,Married,1,1,4.0,149.07,0,0-6 Months (New),Moderate,Active,0.0,0.17,Low Risk (<30%),0-3 Months (High Risk)
12.0,9.0,5,Mobile Phone,4,Single,3,0,4.0,149.4,0,6-24 Months (Regular),Near,Active,360.0,0.01,Low Risk (<30%),7-12 Months (Moderate)
6.0,19.0,3,Mobile Phone,1,Single,4,0,2.0,134.52,0,0-6 Months (New),Moderate,Active,180.0,0.0,Low Risk (<30%),4-6 Months (Mid-High)
31.0,31.0,2,Fashion,1,Married,5,1,3.0,219.39,0,24+ Months (Loyal),Far,Active,930.0,0.01,Low Risk (<30%),12+ Months (Loyal)
10.0,33.0,1,Laptop & Accessory,3,Single,5,1,3.0,163.97,1,6-24 Months (Regular),Far,Active,300.0,0.63,Medium Risk (30-70%),7-12 Months (Moderate)
0.0,12.0,4,Mobile Phone,2,Single,2,1,0.0,129.26,1,0-6 Months (New),Moderate,Active,0.0,0.91,High Risk (>70%),0-3 Months (High Risk)
30.0,8.0,4,Grocery,2,Single,4,1,3.0,237.26,0,24+ Months (Loyal),Near,Active,900.0,0.0,Low Risk (<30%),12+ Months (Loyal)
20.0,21.0,4,Mobile Phone,4,Divorced,11,1,4.0,174.63,1,6-24 Months (Regular),Far,Active,600.0,0.86,High Risk (>70%),12+ Months (Loyal)
17.0,14.0,3,Mobile Phone,1,Single,7,1,2.0,124.36,0,6-24 Months (Regular),Moderate,Active,510.0,0.06,Low Risk (<30%),12+ Months (Loyal)
1.0,11.0,2,Mobile Phone,5,Married,4,0,3.0,153.19,0,0-6 Months (New),Moderate,Active,30.0,0.01,Low Risk (<30%),0-3 Months (High Risk)
29.0,15.0,3,Mobile Phone,3,Married,3,0,3.0,129.42,0,24+ Months (Loyal),Moderate,Active,870.0,0.0,Low Risk (<30%),12+ Months (Loyal)
1.0,9.0,2,Laptop & Accessory,3,Married,3,0,8.0,177.06,0,0-6 Months (New),Near,Active,30.0,0.03,Low Risk (<30%),0-3 Months (High Risk)
11.0,9.0,5,Laptop & Accessory,1,Married,7,0,1.0,176.63,0,6-24 Months (Regular),Near,Active,330.0,0.03,Low Risk (<30%),7-12 Months (Moderate)
22.0,29.0,4,Grocery,1,Married,5,0,8.0,296.74,0,6-24 Months (Regular),Far,Active,660.0,0.0,Low Risk (<30%),12+ Months (Loyal)
24.0,17.0,4,Grocery,4,Single,4,0,3.0,231.42,0,6-24 Months (Regular),Moderate,Active,720.0,0.0,Low Risk (<30%),12+ Months (Loyal)
0.0,14.0,3,Mobile Phone,5,Single,2,1,2.0,123.8,0,0-6 Months (New),Moderate,Active,0.0,0.05,Low Risk (<30%),0-3 Months (High Risk)
9.0,35.0,2,Laptop & Accessory,3,Married,3,0,9.0,159.07,0,6-24 Months (Regular),Far,Active,270.0,0.0,Low Risk (<30%),7-12 Months (Moderate)
19.0,27.0,6,Fashion,5,Married,4,1,8.0,233.51,0,6-24 Months (Regular),Far,Active,570.0,0.01,Low Risk (<30%),12+ Months (Loyal)
23.0,35.0,4,Grocery,3,Divorced,1,0,7.0,270.46,0,6-24 Months (Regular),Far,Active,690.0,0.0,Low Risk (<30%),12+ Months (Loyal)
1.0,7.0,4,Mobile Phone,4,Married,3,0,5.0,163.16,0,0-6 Months (New),Near,Active,30.0,0.08,Low Risk (<30%),0-3 Months (High Risk)
22.0,7.0,3,Grocery,3,Single,5,0,0.0,253.79,0,6-24 Months (Regular),Near,Active,660.0,0.0,Low Risk (<30%),12+ Months (Loyal)
4.0,9.0,3,Mobile Phone,5,Married,2,1,3.0,130.65,0,0-6 Months (New),Near,Active,120.0,0.1,Low Risk (<30%),4-6 Months (Mid-High)
4.0,32.0,5,Fashion,4,Single,4,1,3.0,215.94,1,0-6 Months (New),Far,Active,120.0,0.6,Medium Risk (30-70%),4-6 Months (Mid-High)
13.0,8.0,3,Laptop & Accessory,4,Married,8,0,3.0,157.15,0,6-24 Months (Regular),Near,Active,390.0,0.0,Low Risk (<30%),12+ Months (Loyal)
1.0,16.0,5,Mobile Phone,5,Divorced,5,0,3.0,169.0,1,0-6 Months (New),Moderate,Active,30.0,0.84,High Risk (>70%),0-3 Months (High Risk)
6.0,14.0,3,Mobile Phone,2,Single,1,0,2.0,125.0,0,0-6 Months (New),Moderate,Active,180.0,0.02,Low Risk (<30%),4-6 Months (Mid-High)
5.0,36.0,5,Laptop & Accessory,1,Married,3,0,8.0,179.68,0,0-6 Months (New),Far,Active,150.0,0.0,Low Risk (<30%),4-6 Months (Mid-High)
15.0,16.0,3,Grocery,5,Divorced,1,0,9.0,267.99,0,6-24 Months (Regular),Moderate,Active,450.0,0.0,Low Risk (<30%),12+ Months (Loyal)
6.0,17.0,4,Mobile Phone,3,Married,8,0,4.0,159.33,0,0-6 Months (New),Moderate,Active,180.0,0.0,Low Risk (<30%),4-6 Months (Mid-High)
15.0,8.0,3,Grocery,3,Married,1,1,10.0,278.61,0,6-24 Months (Regular),Near,Active,450.0,0.01,Low Risk (<30%),12+ Months (Loyal)
15.0,11.0,6,Laptop & Accessory,4,Married,8,0,3.0,189.3,0,6-24 Months (Regular),Moderate,Active,450.0,0.01,Low Risk (<30%),12+ Months (Loyal)
3.0,9.0,5,Laptop & Accessory,4,Divorced,4,0,1.0,191.44,0,0-6 Months (New),Near,Active,90.0,0.0,Low Risk (<30%),0-3 Months (High Risk)
11.0,9.0,3,Mobile Phone,3,Married,4,0,2.0,128.21,0,6-24 Months (Regular),Near,Active,330.0,0.0,Low Risk (<30%),7-12 Months (Moderate)
5.0,18.0,4,Laptop & Accessory,5,Married,3,1,2.0,193.33,0,0-6 Months (New),Moderate,Active,150.0,0.03,Low Risk (<30%),4-6 Months (Mid-High)
3.0,13.0,4,Mobile Phone,5,Divorced,9,1,3.0,149.04,1,0-6 Months (New),Moderate,Active,90.0,0.65,Medium Risk (30-70%),0-3 Months (High Risk)
10.0,24.0,5,Laptop & Accessory,4,Married,4,0,4.0,180.07,0,6-24 Months (Regular),Far,Active,300.0,0.0,Low Risk (<30%),7-12 Months (Moderate)
9.0,9.0,4,Laptop & Accessory,5,Married,4,0,1.0,175.93,0,6-24 Months (Regular),Near,Active,270.0,0.0,Low Risk (<30%),7-12 Months (Moderate)
9.0,18.0,4,Mobile Phone,5,Divorced,2,0,0.0,120.33,1,6-24 Months (Regular),Moderate,Active,270.0,0.86,High Risk (>70%),7-12 Months (Moderate)
29.0,9.0,5,Others,5,Married,10,0,1.0,315.38,0,24+ Months (Loyal),Near,Active,870.0,0.0,Low Risk (<30%),12+ Months (Loyal)
13.0,14.0,4,Mobile Phone,1,Single,1,1,3.0,123.419999999999,0,6-24 Months (Regular),Moderate,Active,390.0,0.22,Low Risk (<30%),12+ Months (Loyal)
11.0,14.0,3,Mobile Phone,3,Married,3,1,7.0,126.55,1,6-24 Months (Regular),Moderate,Active,330.0,0.73,High Risk (>70%),7-12 Months (Moderate)
18.0,19.0,1,Grocery,3,Single,7,1,8.0,236.95,1,6-24 Months (Regular),Moderate,Active,540.0,0.69,Medium Risk (30-70%),12+ Months (Loyal)
10.0,12.0,2,Laptop & Accessory,5,Married,5,1,7.0,159.74,0,6-24 Months (Regular),Moderate,Active,300.0,0.01,Low Risk (<30%),7-12 Months (Moderate)
8.0,16.0,3,Mobile Phone,1,Married,2,0,2.0,139.17,0,6-24 Months (Regular),Moderate,Active,240.0,0.0,Low Risk (<30%),7-12 Months (Moderate)
1.0,9.0,4,Mobile Phone,4,Single,3,0,1.0,138.93,1,0-6 Months (New),Near,Active,30.0,0.81,High Risk (>70%),0-3 Months (High Risk)
8.0,7.0,4,Fashion,1,Single,3,0,3.0,223.88,0,6-24 Months (Regular),Near,Active,240.0,0.01,Low Risk (<30%),7-12 Months (Moderate)
6.0,8.0,5,Mobile Phone,4,Married,2,0,3.0,147.69,0,0-6 Months (New),Near,Active,180.0,0.0,Low Risk (<30%),4-6 Months (Mid-High)
1.0,27.0,4,Laptop & Accessory,3,Single,2,0,3.0,147.72,0,0-6 Months (New),Far,Active,30.0,0.01,Low Risk (<30%),0-3 Months (High Risk)
9.0,14.0,4,Fashion,5,Single,2,0,9.0,175.87,0,6-24 Months (Regular),Moderate,Active,270.0,0.0,Low Risk (<30%),7-12 Months (Moderate)
3.0,31.0,3,Laptop & Accessory,3,Married,8,1,2.0,147.36,0,0-6 Months (New),Far,Active,90.0,0.0,Low Risk (<30%),0-3 Months (High Risk)
30.0,6.0,3,Laptop & Accessory,3,Divorced,3,0,2.0,167.55,0,24+ Months (Loyal),Near,Active,900.0,0.0,Low Risk (<30%),12+ Months (Loyal)
25.0,9.0,4,Fashion,3,Married,3,1,4.0,179.69,0,24+ Months (Loyal),Near,Active,750.0,0.0,Low Risk (<30%),12+ Months (Loyal)
23.0,8.0,3,Grocery,5,Married,2,0,7.0,279.24,0,6-24 Months (Regular),Near,Active,690.0,0.0,Low Risk (<30%),12+ Months (Loyal)
6.0,6.0,4,Laptop & Accessory,1,Single,1,0,4.0,169.49,0,0-6 Months (New),Near,Active,180.0,0.0,Low Risk (<30%),4-6 Months (Mid-High)
13.0,10.0,5,Laptop & Accessory,3,Married,2,0,8.0,155.69,0,6-24 Months (Regular),Near,Active,390.0,0.0,Low Risk (<30%),12+ Months (Loyal)
14.0,8.0,3,Grocery,5,Married,8,0,8.0,265.95,0,6-24 Months (Regular),Near,Active,420.0,0.0,Low Risk (<30%),12+ Months (Loyal)
0.0,14.0,4,Mobile Phone,2,Single,2,0,0.0,125.639999999999,1,0-6 Months (New),Moderate,Active,0.0,0.99,High Risk (>70%),0-3 Months (High Risk)
24.0,31.0,4,Grocery,3,Divorced,5,1,6.0,264.73,0,6-24 Months (Regular),Far,Active,720.0,0.0,Low Risk (<30%),12+ Months (Loyal)
6.0,7.0,4,Laptop & Accessory,5,Married,6,0,3.0,165.87,0,0-6 Months (New),Near,Active,180.0,0.0,Low Risk (<30%),4-6 Months (Mid-High)
9.0,6.0,4,Mobile Phone,3,Married,7,0,7.0,122.58,0,6-24 Months (Regular),Near,Active,270.0,0.0,Low Risk (<30%),7-12 Months (Moderate)
1.0,12.0,4,Mobile Phone,3,Single,3,1,1.0,153.51,1,0-6 Months (New),Moderate,Active,30.0,0.92,High Risk (>70%),0-3 Months (High Risk)
6.0,21.0,3,Laptop & Accessory,1,Married,1,1,1.0,148.78,0,0-6 Months (New),Far,Active,180.0,0.08,Low Risk (<30%),4-6 Months (Mid-High)
9.0,19.0,3,Mobile Phone,3,Divorced,2,0,6.0,120.96,0,6-24 Months (Regular),Moderate,Active,270.0,0.0,Low Risk (<30%),7-12 Months (Moderate)
0.0,25.0,4,Mobile Phone,5,Married,2,0,7.0,140.66,0,0-6 Months (New),Far,Active,0.0,0.09,Low Risk (<30%),0-3 Months (High Risk)
1.0,22.0,4,Mobile Phone,1,Single,3,0,1.0,153.71,0,0-6 Months (New),Far,Active,30.0,0.28,Low Risk (<30%),0-3 Months (High Risk)
1.0,10.0,5,Mobile Phone,3,Single,3,0,1.0,157.3,0,0-6 Months (New),Near,Active,30.0,0.12,Low Risk (<30%),0-3 Months (High Risk)
26.0,7.0,5,Others,3,Divorced,2,0,10.0,324.99,0,24+ Months (Loyal),Near,Active,780.0,0.01,Low Risk (<30%),12+ Months (Loyal)
28.0,27.0,4,Laptop & Accessory,3,Single,5,0,4.0,173.69,0,24+ Months (Loyal),Far,Active,840.0,0.03,Low Risk (<30%),12+ Months (Loyal)
0.0,24.0,3,Laptop & Accessory,3,Divorced,1,1,2.0,146.14,1,0-6 Months (New),Far,Active,0.0,0.96,High Risk (>70%),0-3 Months (High Risk)
2.0,33.0,3,Laptop & Accessory,3,Married,5,0,1.0,143.35,0,0-6 Months (New),Far,Active,60.0,0.0,Low Risk (<30%),0-3 Months (High Risk)
6.0,20.0,5,Mobile Phone,4,Divorced,3,0,3.0,152.43,0,0-6 Months (New),Moderate,Active,180.0,0.05,Low Risk (<30%),4-6 Months (Mid-High)
6.0,13.0,3,Fashion,3,Married,1,0,3.0,216.91,0,0-6 Months (New),Moderate,Active,180.0,0.0,Low Risk (<30%),4-6 Months (Mid-High)
1.0,15.0,5,Mobile Phone,3,Single,3,1,3.0,164.89,1,0-6 Months (New),Moderate,Active,30.0,0.8,High Risk (>70%),0-3 Months (High Risk)
19.0,6.0,3,Fashion,5,Married,8,0,3.0,193.96,0,6-24 Months (Regular),Near,Active,570.0,0.01,Low Risk (<30%),12+ Months (Loyal)
1.0,16.0,5,Mobile Phone,3,Married,2,1,1.0,158.88,1,0-6 Months (New),Moderate,Active,30.0,0.87,High Risk (>70%),0-3 Months (High Risk)
21.0,33.0,4,Others,3,Married,5,0,1.0,321.58,0,6-24 Months (Regular),Far,Active,630.0,0.0,Low Risk (<30%),12+ Months (Loyal)
21.0,9.0,4,Laptop & Accessory,2,Married,7,0,5.0,175.7,0,6-24 Months (Regular),Near,Active,630.0,0.02,Low Risk (<30%),12+ Months (Loyal)
7.0,14.0,1,Laptop & Accessory,3,Married,3,0,2.0,144.04,0,6-24 Months (Regular),Moderate,Active,210.0,0.0,Low Risk (<30%),7-12 Months (Moderate)
9.0,27.0,4,Mobile Phone,5,Married,1,0,0.0,122.96,0,6-24 Months (Regular),Far,Active,270.0,0.02,Low Risk (<30%),7-12 Months (Moderate)
15.0,13.0,4,Fashion,1,Single,5,1,1.0,260.91,0,6-24 Months (Regular),Moderate,Active,450.0,0.01,Low Risk (<30%),12+ Months (Loyal)
20.0,9.0,3,Grocery,3,Married,10,1,13.0,237.7,0,6-24 Months (Regular),Near,Active,600.0,0.08,Low Risk (<30%),12+ Months (Loyal)
30.0,22.0,3,Laptop & Accessory,5,Single,9,0,2.0,154.05,0,24+ Months (Loyal),Far,Active,900.0,0.0,Low Risk (<30%),12+ Months (Loyal)
6.0,34.0,3,Laptop & Accessory,3,Married,2,1,7.0,152.07,0,0-6 Months (New),Far,Active,180.0,0.0,Low Risk (<30%),4-6 Months (Mid-High)
0.0,15.0,3,Mobile Phone,3,Married,2,0,2.0,127.419999999999,1,0-6 Months (New),Moderate,Active,0.0,0.69,Medium Risk (30-70%),0-3 Months (High Risk)
8.0,8.0,5,Others,4,Single,3,1,11.0,288.24,1,6-24 Months (Regular),Near,Active,240.0,0.61,Medium Risk (30-70%),7-12 Months (Moderate)
5.0,35.0,3,Mobile Phone,3,Single,10,0,7.0,140.25,0,0-6 Months (New),Far,Active,150.0,0.0,Low Risk (<30%),4-6 Months (Mid-High)
1.0,8.0,6,Laptop & Accessory,4,Single,8,0,1.0,192.35,1,0-6 Months (New),Near,Active,30.0,0.95,High Risk (>70%),0-3 Months (High Risk)
8.0,7.0,5,Mobile Phone,1,Married,3,1,4.0,161.22,0,6-24 Months (Regular),Near,Active,240.0,0.03,Low Risk (<30%),7-12 Months (Moderate)
19.0,10.0,4,Others,4,Divorced,3,0,8.0,287.89,0,6-24 Months (Regular),Near,Active,570.0,0.0,Low Risk (<30%),12+ Months (Loyal)
0.0,6.0,3,Mobile Phone,1,Married,10,1,2.0,147.87,1,0-6 Months (New),Near,Active,0.0,0.97,High Risk (>70%),0-3 Months (High Risk)
0.0,11.0,3,Mobile Phone,1,Single,2,0,2.0,131.17,0,0-6 Months (New),Moderate,Active,0.0,0.21,Low Risk (<30%),0-3 Months (High Risk)
18.0,11.0,5,Laptop & Accessory,5,Single,2,1,4.0,157.69,0,6-24 Months (Regular),Moderate,Active,540.0,0.03,Low Risk (<30%),12+ Months (Loyal)
15.0,29.0,3,Grocery,1,Single,3,0,0.0,259.92,0,6-24 Months (Regular),Far,Active,450.0,0.01,Low Risk (<30%),12+ Months (Loyal)
1.0,22.0,1,Laptop & Accessory,5,Single,1,0,7.0,156.61,0,0-6 Months (New),Far,Active,30.0,0.02,Low Risk (<30%),0-3 Months (High Risk)
23.0,15.0,3,Others,3,Married,5,1,0.0,293.31,0,6-24 Months (Regular),Moderate,Active,690.0,0.01,Low Risk (<30%),12+ Months (Loyal)
3.0,26.0,3,Laptop & Accessory,5,Divorced,1,0,2.0,199.57,0,0-6 Months (New),Far,Active,90.0,0.01,Low Risk (<30%),0-3 Months (High Risk)
14.0,12.0,3,Mobile Phone,5,Single,3,1,17.0,147.21,0,6-24 Months (Regular),Moderate,Active,420.0,0.07,Low Risk (<30%),12+ Months (Loyal)
26.0,29.0,3,Grocery,2,Single,7,0,8.0,242.75,0,24+ Months (Loyal),Far,Active,780.0,0.0,Low Risk (<30%),12+ Months (Loyal)
3.0,27.0,4,Mobile Phone,1,Married,3,0,11.0,163.12,0,0-6 Months (New),Far,Active,90.0,0.02,Low Risk (<30%),0-3 Months (High Risk)
8.0,22.0,3,Fashion,3,Divorced,5,1,0.0,176.32,0,6-24 Months (Regular),Far,Active,240.0,0.0,Low Risk (<30%),7-12 Months (Moderate)
0.0,14.0,4,Mobile Phone,5,Single,8,0,0.0,125.61,1,0-6 Months (New),Moderate,Active,0.0,0.99,High Risk (>70%),0-3 Months (High Risk)
31.0,7.0,6,Laptop & Accessory,3,Married,4,1,3.0,181.6,0,24+ Months (Loyal),Near,Active,930.0,0.0,Low Risk (<30%),12+ Months (Loyal)
18.0,13.0,3,Fashion,5,Married,2,0,11.0,152.1,0,6-24 Months (Regular),Moderate,Active,540.0,0.0,Low Risk (<30%),12+ Months (Loyal)
1.0,31.0,5,Fashion,5,Single,3,0,3.0,212.22,1,0-6 Months (New),Far,Active,30.0,0.73,High Risk (>70%),0-3 Months (High Risk)
1.0,11.0,6,Fashion,2,Divorced,3,0,3.0,229.0,1,0-6 Months (New),Moderate,Active,30.0,0.99,High Risk (>70%),0-3 Months (High Risk)
11.0,8.0,4,Fashion,3,Married,4,1,2.0,177.56,0,6-24 Months (Regular),Near,Active,330.0,0.01,Low Risk (<30%),7-12 Months (Moderate)
9.0,6.0,3,Laptop & Accessory,1,Single,5,0,0.0,166.53,0,6-24 Months (Regular),Near,Active,270.0,0.0,Low Risk (<30%),7-12 Months (Moderate)
10.0,22.0,4,Laptop & Accessory,3,Married,5,0,0.0,163.34,0,6-24 Months (Regular),Far,Active,300.0,0.0,Low Risk (<30%),7-12 Months (Moderate)
28.0,24.0,3,Grocery,4,Single,4,0,7.0,268.35,0,24+ Months (Loyal),Far,Active,840.0,0.0,Low Risk (<30%),12+ Months (Loyal)
27.0,20.0,2,Laptop & Accessory,5,Married,3,0,4.0,169.5,0,24+ Months (Loyal),Moderate,Active,810.0,0.0,Low Risk (<30%),12+ Months (Loyal)
0.0,15.0,3,Laptop & Accessory,5,Single,4,1,3.0,182.24,1,0-6 Months (New),Moderate,Active,0.0,0.88,High Risk (>70%),0-3 Months (High Risk)
19.0,11.0,4,Laptop & Accessory,5,Married,6,1,4.0,175.06,0,6-24 Months (Regular),Moderate,Active,570.0,0.12,Low Risk (<30%),12+ Months (Loyal)
12.0,12.0,3,Fashion,4,Single,5,0,2.0,183.76,0,6-24 Months (Regular),Moderate,Active,360.0,0.01,Low Risk (<30%),7-12 Months (Moderate)
20.0,10.0,2,Grocery,5,Married,4,0,9.0,257.25,0,6-24 Months (Regular),Near,Active,600.0,0.02,Low Risk (<30%),12+ Months (Loyal)
29.0,25.0,4,Grocery,4,Single,5,0,8.0,293.35,0,24+ Months (Loyal),Far,Active,870.0,0.0,Low Risk (<30%),12+ Months (Loyal)
13.0,18.0,3,Laptop & Accessory,5,Married,3,0,7.0,144.48,0,6-24 Months (Regular),Moderate,Active,390.0,0.0,Low Risk (<30%),12+ Months (Loyal)
1.0,11.0,5,Laptop & Accessory,5,Married,3,0,4.0,167.56,0,0-6 Months (New),Moderate,Active,30.0,0.28,Low Risk (<30%),0-3 Months (High Risk)
13.0,6.0,3,Laptop & Accessory,3,Single,4,1,0.0,147.28,1,6-24 Months (Regular),Near,Active,390.0,0.6,Medium Risk (30-70%),12+ Months (Loyal)
5.0,27.0,4,Laptop & Accessory,3,Married,3,0,3.0,166.97,0,0-6 Months (New),Far,Active,150.0,0.0,Low Risk (<30%),4-6 Months (Mid-High)
23.0,17.0,3,Others,4,Single,4,0,4.0,299.26,0,6-24 Months (Regular),Moderate,Active,690.0,0.0,Low Risk (<30%),12+ Months (Loyal)
0.0,6.0,4,Mobile Phone,4,Single,2,0,0.0,128.36,0,0-6 Months (New),Near,Active,0.0,0.3,Medium Risk (30-70%),0-3 Months (High Risk)
20.0,9.0,4,Laptop & Accessory,2,Married,4,0,5.0,198.79,0,6-24 Months (Regular),Near,Active,600.0,0.01,Low Risk (<30%),12+ Months (Loyal)
18.0,8.0,4,Mobile Phone,1,Single,8,1,3.0,149.36,0,6-24 Months (Regular),Near,Active,540.0,0.03,Low Risk (<30%),12+ Months (Loyal)
12.0,15.0,3,Laptop & Accessory,4,Single,10,0,3.0,167.82,0,6-24 Months (Regular),Moderate,Active,360.0,0.01,Low Risk (<30%),7-12 Months (Moderate)
5.0,12.0,4,Mobile Phone,4,Married,3,0,3.0,152.89,0,0-6 Months (New),Moderate,Active,150.0,0.0,Low Risk (<30%),4-6 Months (Mid-High)
7.0,8.0,4,Mobile Phone,5,Single,2,0,3.0,143.81,0,6-24 Months (Regular),Near,Active,210.0,0.01,Low Risk (<30%),7-12 Months (Moderate)
29.0,9.0,4,Fashion,4,Married,5,0,3.0,234.76,0,24+ Months (Loyal),Near,Active,870.0,0.0,Low Risk (<30%),12+ Months (Loyal)
7.0,6.0,4,Laptop & Accessory,5,Single,1,0,9.0,153.43,0,6-24 Months (Regular),Near,Active,210.0,0.0,Low Risk (<30%),7-12 Months (Moderate)
4.0,34.0,4,Laptop & Accessory,1,Married,9,0,8.0,178.04,0,0-6 Months (New),Far,Active,120.0,0.0,Low Risk (<30%),4-6 Months (Mid-High)
19.0,9.0,3,Grocery,3,Married,4,0,9.0,274.65,0,6-24 Months (Regular),Near,Active,570.0,0.0,Low Risk (<30%),12+ Months (Loyal)
20.0,31.0,3,Fashion,3,Single,3,0,11.0,186.33,0,6-24 Months (Regular),Far,Active,600.0,0.0,Low Risk (<30%),12+ Months (Loyal)
29.0,7.0,2,Grocery,2,Married,4,0,1.0,272.32,0,24+ Months (Loyal),Near,Active,870.0,0.0,Low Risk (<30%),12+ Months (Loyal)
1.0,13.0,5,Mobile Phone,4,Married,3,0,4.0,148.68,0,0-6 Months (New),Moderate,Active,30.0,0.24,Low Risk (<30%),0-3 Months (High Risk)
7.0,7.0,5,Mobile Phone,3,Married,3,0,1.0,145.08,0,6-24 Months (Regular),Near,Active,210.0,0.03,Low Risk (<30%),7-12 Months (Moderate)
1.0,17.0,4,Grocery,5,Married,3,1,11.0,295.68,0,0-6 Months (New),Moderate,Active,30.0,0.21,Low Risk (<30%),0-3 Months (High Risk)
1.0,32.0,4,Mobile Phone,3,Married,3,0,8.0,154.42,0,0-6 Months (New),Far,Active,30.0,0.24,Low Risk (<30%),0-3 Months (High Risk)
5.0,9.0,6,Mobile Phone,2,Married,6,1,1.0,152.78,1,0-6 Months (New),Near,Active,150.0,0.89,High Risk (>70%),4-6 Months (Mid-High)
1.0,22.0,4,Laptop & Accessory,3,Married,9,0,1.0,173.34,1,0-6 Months (New),Far,Active,30.0,0.92,High Risk (>70%),0-3 Months (High Risk)
25.0,13.0,3,Fashion,4,Single,8,0,0.0,204.45,0,24+ Months (Loyal),Moderate,Active,750.0,0.0,Low Risk (<30%),12+ Months (Loyal)
18.0,34.0,4,Grocery,4,Single,2,0,6.0,267.04,0,6-24 Months (Regular),Far,Active,540.0,0.01,Low Risk (<30%),12+ Months (Loyal)
20.0,10.0,4,Grocery,4,Divorced,10,0,2.0,291.06,0,6-24 Months (Regular),Near,Active,600.0,0.0,Low Risk (<30%),12+ Months (Loyal)
11.0,28.0,3,Mobile Phone,5,Divorced,3,1,8.0,160.64,0,6-24 Months (Regular),Far,Active,330.0,0.02,Low Risk (<30%),7-12 Months (Moderate)
4.0,12.0,4,Mobile Phone,3,Married,2,1,2.0,127.03,0,0-6 Months (New),Moderate,Active,120.0,0.1,Low Risk (<30%),4-6 Months (Mid-High)
9.0,18.0,4,Mobile Phone,5,Married,2,0,0.0,120.33,1,6-24 Months (Regular),Moderate,Active,270.0,0.86,High Risk (>70%),7-12 Months (Moderate)
15.0,13.0,5,Laptop & Accessory,4,Single,8,1,3.0,185.32,0,6-24 Months (Regular),Moderate,Active,450.0,0.02,Low Risk (<30%),12+ Months (Loyal)
17.0,6.0,3,Laptop & Accessory,5,Married,6,1,3.0,154.54,0,6-24 Months (Regular),Near,Active,510.0,0.05,Low Risk (<30%),12+ Months (Loyal)
5.0,6.0,3,Laptop & Accessory,1,Married,2,1,8.0,161.62,0,0-6 Months (New),Near,Active,150.0,0.01,Low Risk (<30%),4-6 Months (Mid-High)
0.0,6.0,5,Laptop & Accessory,4,Single,7,0,0.0,167.35,1,0-6 Months (New),Near,Active,0.0,0.92,High Risk (>70%),0-3 Months (High Risk)
10.0,15.0,5,Mobile Phone,5,Married,2,0,4.0,148.42,0,6-24 Months (Regular),Moderate,Active,300.0,0.01,Low Risk (<30%),7-12 Months (Moderate)
7.0,21.0,3,Laptop & Accessory,5,Single,2,0,6.0,161.25,0,6-24 Months (Regular),Far,Active,210.0,0.0,Low Risk (<30%),7-12 Months (Moderate)
9.0,6.0,3,Mobile Phone,3,Married,8,0,2.0,122.32,0,6-24 Months (Regular),Near,Active,270.0,0.0,Low Risk (<30%),7-12 Months (Moderate)
16.0,17.0,4,Grocery,5,Married,2,0,10.0,292.99,0,6-24 Months (Regular),Moderate,Active,480.0,0.0,Low Risk (<30%),12+ Months (Loyal)
12.0,8.0,4,Laptop & Accessory,2,Divorced,9,0,4.0,152.04,0,6-24 Months (Regular),Near,Active,360.0,0.01,Low Risk (<30%),7-12 Months (Moderate)
7.0,9.0,4,Laptop & Accessory,4,Single,10,0,8.0,176.47,0,6-24 Months (Regular),Near,Active,210.0,0.02,Low Risk (<30%),7-12 Months (Moderate)
6.0,9.0,5,Laptop & Accessory,5,Single,6,0,5.0,146.76,0,0-6 Months (New),Near,Active,180.0,0.0,Low Risk (<30%),4-6 Months (Mid-High)
1.0,25.0,4,Mobile Phone,3,Married,2,0,3.0,152.74,0,0-6 Months (New),Far,Active,30.0,0.08,Low Risk (<30%),0-3 Months (High Risk)
31.0,28.0,4,Grocery,1,Married,6,1,1.0,303.75,0,24+ Months (Loyal),Far,Active,930.0,0.0,Low Risk (<30%),12+ Months (Loyal)
0.0,14.0,3,Fashion,3,Single,2,0,7.0,187.26,0,0-6 Months (New),Moderate,Active,0.0,0.01,Low Risk (<30%),0-3 Months (High Risk)
14.0,6.0,4,Others,3,Divorced,2,0,10.0,291.89,0,6-24 Months (Regular),Near,Active,420.0,0.0,Low Risk (<30%),12+ Months (Loyal)
0.0,16.0,3,Laptop & Accessory,1,Single,2,0,2.0,146.84,0,0-6 Months (New),Moderate,Active,0.0,0.12,Low Risk (<30%),0-3 Months (High Risk)
30.0,13.0,1,Laptop & Accessory,2,Married,1,1,9.0,152.2,0,24+ Months (Loyal),Moderate,Active,900.0,0.01,Low Risk (<30%),12+ Months (Loyal)
6.0,7.0,4,Fashion,1,Married,3,0,3.0,229.22,0,0-6 Months (New),Near,Active,180.0,0.04,Low Risk (<30%),4-6 Months (Mid-High)
9.0,9.0,4,Mobile Phone,3,Married,2,0,0.0,112.81,0,6-24 Months (Regular),Near,Active,270.0,0.06,Low Risk (<30%),7-12 Months (Moderate)
7.0,17.0,4,Laptop & Accessory,3,Single,3,0,10.0,179.87,0,6-24 Months (Regular),Moderate,Active,210.0,0.0,Low Risk (<30%),7-12 Months (Moderate)
0.0,29.0,4,Fashion,5,Divorced,2,0,10.0,173.36,1,0-6 Months (New),Far,Active,0.0,0.93,High Risk (>70%),0-3 Months (High Risk)
3.0,7.0,5,Grocery,2,Married,5,0,8.0,286.24,0,0-6 Months (New),Near,Active,90.0,0.03,Low Risk (<30%),0-3 Months (High Risk)
10.0,16.0,5,Laptop & Accessory,4,Married,4,1,3.0,213.47,0,6-24 Months (Regular),Moderate,Active,300.0,0.02,Low Risk (<30%),7-12 Months (Moderate)
8.0,22.0,3,Fashion,4,Divorced,1,0,9.0,180.2,0,6-24 Months (Regular),Far,Active,240.0,0.0,Low Risk (<30%),7-12 Months (Moderate)
5.0,10.0,4,Laptop & Accessory,3,Married,2,0,8.0,161.62,0,0-6 Months (New),Near,Active,150.0,0.0,Low Risk (<30%),4-6 Months (Mid-High)
18.0,7.0,4,Mobile Phone,1,Married,6,1,3.0,156.95,0,6-24 Months (Regular),Near,Active,540.0,0.0,Low Risk (<30%),12+ Months (Loyal)
11.0,9.0,3,Laptop & Accessory,1,Single,9,1,0.0,168.61,0,6-24 Months (Regular),Near,Active,330.0,0.0,Low Risk (<30%),7-12 Months (Moderate)
9.0,23.0,3,Mobile Phone,4,Divorced,2,0,0.0,122.1,1,6-24 Months (Regular),Far,Active,270.0,0.58,Medium Risk (30-70%),7-12 Months (Moderate)
1.0,17.0,4,Mobile Phone,1,Married,2,0,2.0,146.45,0,0-6 Months (New),Moderate,Active,30.0,0.01,Low Risk (<30%),0-3 Months (High Risk)
7.0,24.0,5,Mobile Phone,3,Married,11,1,1.0,149.37,1,6-24 Months (Regular),Far,Active,210.0,0.75,High Risk (>70%),7-12 Months (Moderate)
1.0,10.0,5,Mobile Phone,3,Married,3,1,2.0,150.66,0,0-6 Months (New),Near,Active,30.0,0.4,Medium Risk (30-70%),0-3 Months (High Risk)
1.0,7.0,5,Laptop & Accessory,3,Single,3,0,3.0,171.17,0,0-6 Months (New),Near,Active,30.0,0.03,Low Risk (<30%),0-3 Months (High Risk)
9.0,15.0,1,Mobile Phone,4,Married,2,0,2.0,128.1,0,6-24 Months (Regular),Moderate,Active,270.0,0.0,Low Risk (<30%),7-12 Months (Moderate)
8.0,16.0,4,Fashion,2,Married,2,0,3.0,210.0,0,6-24 Months (Regular),Moderate,Active,240.0,0.0,Low Risk (<30%),7-12 Months (Moderate)
6.0,14.0,4,Mobile Phone,3,Married,10,1,0.0,124.37,1,0-6 Months (New),Moderate,Active,180.0,0.85,High Risk (>70%),4-6 Months (Mid-High)
4.0,17.0,4,Fashion,3,Single,11,0,3.0,221.67,0,0-6 Months (New),Moderate,Active,120.0,0.01,Low Risk (<30%),4-6 Months (Mid-High)
0.0,14.0,3,Mobile Phone,5,Divorced,2,0,2.0,125.0,0,0-6 Months (New),Moderate,Active,0.0,0.055,Low Risk (<30%),0-3 Months (High Risk)
14.0,35.0,6,Fashion,5,Married,5,0,2.0,234.32,0,6-24 Months (Regular),Far,Active,420.0,0.02,Low Risk (<30%),12+ Months (Loyal)
26.0,10.0,5,Grocery,5,Divorced,3,0,17.0,293.56,0,24+ Months (Loyal),Near,Active,780.0,0.0,Low Risk (<30%),12+ Months (Loyal)
19.0,7.0,4,Mobile Phone,1,Married,5,0,3.0,147.7,0,6-24 Months (Regular),Near,Active,570.0,0.0,Low Risk (<30%),12+ Months (Loyal)
3.0,8.0,4,Laptop & Accessory,1,Single,6,1,0.0,168.77,0,0-6 Months (New),Near,Active,90.0,0.1,Low Risk (<30%),0-3 Months (High Risk)
24.0,35.0,4,Grocery,5,Divorced,6,1,3.0,293.8,0,6-24 Months (Regular),Far,Active,720.0,0.0,Low Risk (<30%),12+ Months (Loyal)
20.0,9.0,4,Fashion,1,Married,6,1,3.0,228.68,0,6-24 Months (Regular),Near,Active,600.0,0.04,Low Risk (<30%),12+ Months (Loyal)
0.0,20.0,4,Mobile Phone,4,Married,2,1,2.0,137.43,1,0-6 Months (New),Moderate,Active,0.0,0.95,High Risk (>70%),0-3 Months (High Risk)
0.0,23.0,3,Mobile Phone,3,Married,1,1,0.0,127.41,1,0-6 Months (New),Far,Active,0.0,0.99,High Risk (>70%),0-3 Months (High Risk)
11.0,26.0,4,Fashion,4,Single,3,1,10.0,201.42,0,6-24 Months (Regular),Far,Active,330.0,0.07,Low Risk (<30%),7-12 Months (Moderate)
14.0,8.0,4,Mobile Phone,4,Married,5,0,4.0,148.87,0,6-24 Months (Regular),Near,Active,420.0,0.03,Low Risk (<30%),12+ Months (Loyal)
10.0,25.0,4,Laptop & Accessory,1,Single,4,0,10.0,202.79,0,6-24 Months (Regular),Far,Active,300.0,0.02,Low Risk (<30%),7-12 Months (Moderate)
2.0,16.0,4,Laptop & Accessory,3,Single,10,0,4.0,158.69,0,0-6 Months (New),Moderate,Active,60.0,0.03,Low Risk (<30%),0-3 Months (High Risk)
10.0,16.0,3,Mobile Phone,4,Married,2,0,7.0,139.36,0,6-24 Months (Regular),Moderate,Active,300.0,0.0,Low Risk (<30%),7-12 Months (Moderate)
6.0,16.0,1,Fashion,3,Married,1,1,8.0,183.8,0,0-6 Months (New),Moderate,Active,180.0,0.06,Low Risk (<30%),4-6 Months (Mid-High)
0.0,15.0,3,Laptop & Accessory,1,Single,2,0,7.0,141.05,0,0-6 Months (New),Moderate,Active,0.0,0.25,Low Risk (<30%),0-3 Months (High Risk)
9.0,34.0,4,Laptop & Accessory,3,Married,4,0,8.0,193.83,0,6-24 Months (Regular),Far,Active,270.0,0.04,Low Risk (<30%),7-12 Months (Moderate)
9.0,6.0,3,Mobile Phone,5,Married,5,0,2.0,121.94,0,6-24 Months (Regular),Near,Active,270.0,0.0,Low Risk (<30%),7-12 Months (Moderate)
1.0,21.0,4,Fashion,2,Single,2,1,8.0,200.53,1,0-6 Months (New),Far,Active,30.0,0.94,High Risk (>70%),0-3 Months (High Risk)
6.0,11.0,4,Mobile Phone,2,Divorced,2,0,2.0,129.11,0,0-6 Months (New),Moderate,Active,180.0,0.0,Low Risk (<30%),4-6 Months (Mid-High)
2.0,13.0,3,Laptop & Accessory,2,Married,2,1,0.0,166.23,0,0-6 Months (New),Moderate,Active,60.0,0.12,Low Risk (<30%),0-3 Months (High Risk)
3.0,35.0,3,Fashion,4,Married,4,0,3.0,192.5,0,0-6 Months (New),Far,Active,90.0,0.04,Low Risk (<30%),0-3 Months (High Risk)
9.0,7.0,4,Fashion,3,Single,3,0,3.0,212.89,0,6-24 Months (Regular),Near,Active,270.0,0.04,Low Risk (<30%),7-12 Months (Moderate)
10.0,7.0,6,Fashion,5,Married,4,1,3.0,227.52,0,6-24 Months (Regular),Near,Active,300.0,0.01,Low Risk (<30%),7-12 Months (Moderate)
8.0,23.0,3,Laptop & Accessory,5,Divorced,4,1,7.0,189.66,0,6-24 Months (Regular),Far,Active,240.0,0.02,Low Risk (<30%),7-12 Months (Moderate)
10.0,10.0,4,Mobile Phone,1,Married,7,0,1.0,153.35,0,6-24 Months (Regular),Near,Active,300.0,0.0,Low Risk (<30%),7-12 Months (Moderate)
1.0,15.0,5,Mobile Phone,1,Married,8,0,3.0,146.8,1,0-6 Months (New),Moderate,Active,30.0,0.86,High Risk (>70%),0-3 Months (High Risk)
9.0,9.0,3,Mobile Phone,1,Married,5,0,4.0,120.97,0,6-24 Months (Regular),Near,Active,270.0,0.0,Low Risk (<30%),7-12 Months (Moderate)
26.0,9.0,5,Others,3,Single,3,1,13.0,315.68,0,24+ Months (Loyal),Near,Active,780.0,0.02,Low Risk (<30%),12+ Months (Loyal)
11.0,10.0,4,Laptop & Accessory,4,Single,5,0,2.0,166.07,0,6-24 Months (Regular),Near,Active,330.0,0.0,Low Risk (<30%),7-12 Months (Moderate)
3.0,6.0,4,Laptop & Accessory,1,Married,2,1,0.0,151.26,0,0-6 Months (New),Near,Active,90.0,0.4,Medium Risk (30-70%),0-3 Months (High Risk)
1.0,34.0,4,Fashion,2,Divorced,3,0,10.0,201.39,1,0-6 Months (New),Far,Active,30.0,0.88,High Risk (>70%),0-3 Months (High Risk)
0.0,16.0,4,Mobile Phone,3,Single,2,0,0.0,112.0,0,0-6 Months (New),Moderate,Active,0.0,0.43,Medium Risk (30-70%),0-3 Months (High Risk)
18.0,7.0,4,Mobile Phone,1,Single,8,1,3.0,149.36,0,6-24 Months (Regular),Near,Active,540.0,0.03,Low Risk (<30%),12+ Months (Loyal)
7.0,29.0,4,Laptop & Accessory,4,Married,2,0,8.0,186.46,0,6-24 Months (Regular),Far,Active,210.0,0.0,Low Risk (<30%),7-12 Months (Moderate)
1.0,21.0,4,Mobile Phone,5,Divorced,3,1,9.0,147.35,0,0-6 Months (New),Far,Active,30.0,0.15,Low Risk (<30%),0-3 Months (High Risk)
5.0,27.0,4,Laptop & Accessory,3,Divorced,3,0,1.0,194.32,0,0-6 Months (New),Far,Active,150.0,0.0,Low Risk (<30%),4-6 Months (Mid-High)
9.0,24.0,3,Mobile Phone,2,Single,2,0,7.0,121.53,0,6-24 Months (Regular),Far,Active,270.0,0.0,Low Risk (<30%),7-12 Months (Moderate)
7.0,12.0,4,Laptop & Accessory,1,Married,8,0,3.0,224.98,0,6-24 Months (Regular),Moderate,Active,210.0,0.0,Low Risk (<30%),7-12 Months (Moderate)
11.0,13.0,3,Laptop & Accessory,5,Married,6,1,8.0,184.74,0,6-24 Months (Regular),Moderate,Active,330.0,0.01,Low Risk (<30%),7-12 Months (Moderate)
15.0,8.0,5,Others,1,Married,2,0,9.0,298.45,1,6-24 Months (Regular),Near,Active,450.0,0.63,Medium Risk (30-70%),12+ Months (Loyal)
13.0,11.0,4,Fashion,5,Married,6,1,12.0,204.75,0,6-24 Months (Regular),Moderate,Active,390.0,0.0,Low Risk (<30%),12+ Months (Loyal)
4.0,29.0,4,Laptop & Accessory,2,Divorced,1,0,8.0,155.82,0,0-6 Months (New),Far,Active,120.0,0.0,Low Risk (<30%),4-6 Months (Mid-High)
9.0,9.0,3,Mobile Phone,4,Married,4,1,3.0,122.77,0,6-24 Months (Regular),Near,Active,270.0,0.27,Low Risk (<30%),7-12 Months (Moderate)
7.0,13.0,4,Laptop & Accessory,2,Married,5,0,8.0,202.25,0,6-24 Months (Regular),Moderate,Active,210.0,0.02,Low Risk (<30%),7-12 Months (Moderate)
15.0,8.0,3,Others,3,Married,6,0,14.0,288.8,0,6-24 Months (Regular),Near,Active,450.0,0.0,Low Risk (<30%),12+ Months (Loyal)
13.0,16.0,4,Laptop & Accessory,5,Married,3,0,10.0,176.51,0,6-24 Months (Regular),Moderate,Active,390.0,0.05,Low Risk (<30%),12+ Months (Loyal)
9.0,9.0,1,Laptop & Accessory,5,Married,7,0,4.0,168.42,0,6-24 Months (Regular),Near,Active,270.0,0.01,Low Risk (<30%),7-12 Months (Moderate)
16.0,15.0,4,Others,1,Married,3,0,10.0,309.3,0,6-24 Months (Regular),Moderate,Active,480.0,0.0,Low Risk (<30%),12+ Months (Loyal)
12.0,17.0,4,Laptop & Accessory,1,Married,3,0,10.0,178.43,0,6-24 Months (Regular),Moderate,Active,360.0,0.0,Low Risk (<30%),7-12 Months (Moderate)
4.0,14.0,3,Mobile Phone,4,Single,2,0,0.0,125.009999999999,0,0-6 Months (New),Moderate,Active,120.0,0.0,Low Risk (<30%),4-6 Months (Mid-High)
0.0,10.0,4,Mobile Phone,2,Divorced,1,0,4.0,131.62,0,0-6 Months (New),Near,Active,0.0,0.09,Low Risk (<30%),0-3 Months (High Risk)
5.0,19.0,4,Others,3,Divorced,3,0,9.0,320.45,1,0-6 Months (New),Moderate,Active,150.0,0.87,High Risk (>70%),4-6 Months (Mid-High)
2.0,35.0,5,Laptop & Accessory,3,Married,9,0,6.0,163.84,0,0-6 Months (New),Far,Active,60.0,0.03,Low Risk (<30%),0-3 Months (High Risk)
15.0,35.0,5,Laptop & Accessory,1,Single,5,0,0.0,142.72,0,6-24 Months (Regular),Far,Active,450.0,0.02,Low Risk (<30%),12+ Months (Loyal)
0.0,25.0,3,Mobile Phone,1,Married,4,0,2.0,136.69,0,0-6 Months (New),Far,Active,0.0,0.0,Low Risk (<30%),0-3 Months (High Risk)
26.0,14.0,4,Fashion,4,Single,9,0,3.0,229.45,0,24+ Months (Loyal),Moderate,Active,780.0,0.0,Low Risk (<30%),12+ Months (Loyal)
8.0,8.0,5,Fashion,3,Married,3,1,7.0,195.83,0,6-24 Months (Regular),Near,Active,240.0,0.01,Low Risk (<30%),7-12 Months (Moderate)
14.0,19.0,4,Laptop & Accessory,5,Married,4,0,8.0,169.48,0,6-24 Months (Regular),Moderate,Active,420.0,0.0,Low Risk (<30%),12+ Months (Loyal)
0.0,31.0,1,Mobile Phone,1,Single,2,1,1.0,129.94,0,0-6 Months (New),Far,Active,0.0,0.1,Low Risk (<30%),0-3 Months (High Risk)
11.0,8.0,3,Laptop & Accessory,5,Married,4,0,7.0,168.93,0,6-24 Months (Regular),Near,Active,330.0,0.0,Low Risk (<30%),7-12 Months (Moderate)
9.0,11.0,5,Mobile Phone,1,Married,3,0,3.0,148.76,0,6-24 Months (Regular),Moderate,Active,270.0,0.01,Low Risk (<30%),7-12 Months (Moderate)
4.0,13.0,3,Laptop & Accessory,5,Married,2,0,12.0,143.06,0,0-6 Months (New),Moderate,Active,120.0,0.0,Low Risk (<30%),4-6 Months (Mid-High)
9.0,6.0,4,Mobile Phone,4,Single,2,1,2.0,121.74,1,6-24 Months (Regular),Near,Active,270.0,0.82,High Risk (>70%),7-12 Months (Moderate)
1.0,15.0,6,Mobile Phone,3,Married,3,0,3.0,171.21,0,0-6 Months (New),Moderate,Active,30.0,0.08,Low Risk (<30%),0-3 Months (High Risk)
9.0,13.0,6,Laptop & Accessory,1,Single,3,0,9.0,191.46,0,6-24 Months (Regular),Moderate,Active,270.0,0.0,Low Risk (<30%),7-12 Months (Moderate)
9.0,14.0,4,Mobile Phone,4,Single,2,0,0.0,112.61,1,6-24 Months (Regular),Moderate,Active,270.0,0.58,Medium Risk (30-70%),7-12 Months (Moderate)
8.0,14.0,1,Mobile Phone,4,Married,1,0,3.0,124.259999999999,0,6-24 Months (Regular),Moderate,Active,240.0,0.0,Low Risk (<30%),7-12 Months (Moderate)
14.0,16.0,5,Laptop & Accessory,2,Divorced,11,0,3.0,173.76,0,6-24 Months (Regular),Moderate,Active,420.0,0.05,Low Risk (<30%),12+ Months (Loyal)
9.0,17.0,3,Fashion,1,Married,1,0,8.0,197.38,0,6-24 Months (Regular),Moderate,Active,270.0,0.02,Low Risk (<30%),7-12 Months (Moderate)
22.0,24.0,4,Others,3,Married,2,1,9.0,295.02,0,6-24 Months (Regular),Far,Active,660.0,0.02,Low Risk (<30%),12+ Months (Loyal)
15.0,17.0,4,Laptop & Accessory,2,Single,9,0,11.0,187.3,0,6-24 Months (Regular),Moderate,Active,450.0,0.01,Low Risk (<30%),12+ Months (Loyal)
19.0,11.0,3,Laptop & Accessory,4,Married,2,1,2.0,150.21,0,6-24 Months (Regular),Moderate,Active,570.0,0.11,Low Risk (<30%),12+ Months (Loyal)
22.0,14.0,4,Laptop & Accessory,5,Married,6,0,3.0,179.86,0,6-24 Months (Regular),Moderate,Active,660.0,0.0,Low Risk (<30%),12+ Months (Loyal)
2.0,8.0,6,Laptop & Accessory,1,Married,2,0,6.0,191.74,0,0-6 Months (New),Near,Active,60.0,0.0,Low Risk (<30%),0-3 Months (High Risk)
23.0,34.0,3,Grocery,5,Divorced,5,1,2.0,268.8,0,6-24 Months (Regular),Far,Active,690.0,0.0,Low Risk (<30%),12+ Months (Loyal)
9.0,9.0,3,Laptop & Accessory,4,Single,4,1,1.0,192.78,0,6-24 Months (Regular),Near,Active,270.0,0.02,Low Risk (<30%),7-12 Months (Moderate)
11.0,13.0,4,Laptop & Accessory,2,Single,1,0,5.0,140.28,0,6-24 Months (Regular),Moderate,Active,330.0,0.0,Low Risk (<30%),7-12 Months (Moderate)
1.0,16.0,4,Laptop & Accessory,5,Single,2,1,4.0,207.24,1,0-6 Months (New),Moderate,Active,30.0,0.93,High Risk (>70%),0-3 Months (High Risk)
0.0,21.0,3,Fashion,3,Married,8,1,7.0,236.1,1,0-6 Months (New),Far,Active,0.0,0.92,High Risk (>70%),0-3 Months (High Risk)
7.0,7.0,3,Laptop & Accessory,1,Married,10,0,1.0,154.84,0,6-24 Months (Regular),Near,Active,210.0,0.0,Low Risk (<30%),7-12 Months (Moderate)
26.0,26.0,4,Mobile Phone,1,Married,2,0,3.0,167.58,0,24+ Months (Loyal),Far,Active,780.0,0.0,Low Risk (<30%),12+ Months (Loyal)
10.0,17.0,5,Laptop & Accessory,3,Married,3,1,8.0,181.73,0,6-24 Months (Regular),Moderate,Active,300.0,0.0,Low Risk (<30%),7-12 Months (Moderate)
7.0,34.0,4,Laptop & Accessory,3,Married,2,0,7.0,167.12,0,6-24 Months (Regular),Far,Active,210.0,0.01,Low Risk (<30%),7-12 Months (Moderate)
13.0,22.0,4,Laptop & Accessory,3,Single,7,0,0.0,150.94,0,6-24 Months (Regular),Far,Active,390.0,0.01,Low Risk (<30%),12+ Months (Loyal)
7.0,12.0,4,Laptop & Accessory,2,Divorced,8,0,3.0,224.98,0,6-24 Months (Regular),Moderate,Active,210.0,0.0,Low Risk (<30%),7-12 Months (Moderate)
3.0,6.0,5,Mobile Phone,3,Divorced,4,0,2.0,138.33,0,0-6 Months (New),Near,Active,90.0,0.02,Low Risk (<30%),0-3 Months (High Risk)
23.0,6.0,3,Others,2,Married,4,0,6.0,295.17,0,6-24 Months (Regular),Near,Active,690.0,0.01,Low Risk (<30%),12+ Months (Loyal)
2.0,7.0,5,Laptop & Accessory,1,Married,3,1,8.0,193.34,0,0-6 Months (New),Near,Active,60.0,0.01,Low Risk (<30%),0-3 Months (High Risk)
15.0,32.0,3,Fashion,5,Divorced,4,1,0.0,231.91,0,6-24 Months (Regular),Far,Active,450.0,0.0,Low Risk (<30%),12+ Months (Loyal)
0.0,31.0,3,Mobile Phone,1,Single,2,1,1.0,127.949999999999,1,0-6 Months (New),Far,Active,0.0,0.93,High Risk (>70%),0-3 Months (High Risk)
0.0,14.0,3,Mobile Phone,5,Single,2,0,0.0,125.52,0,0-6 Months (New),Moderate,Active,0.0,0.37,Medium Risk (30-70%),0-3 Months (High Risk)
1.0,16.0,4,Mobile Phone,5,Married,3,0,3.0,150.0,0,0-6 Months (New),Moderate,Active,30.0,0.1225,Low Risk (<30%),0-3 Months (High Risk)
0.0,8.0,5,Laptop & Accessory,1,Single,4,0,0.0,150.71,0,0-6 Months (New),Near,Active,0.0,0.28,Low Risk (<30%),0-3 Months (High Risk)
15.0,17.0,6,Laptop & Accessory,4,Single,3,0,10.0,186.51,0,6-24 Months (Regular),Moderate,Active,450.0,0.07,Low Risk (<30%),12+ Months (Loyal)
3.0,16.0,2,Mobile Phone,3,Married,8,0,1.0,149.51,0,0-6 Months (New),Moderate,Active,90.0,0.01,Low Risk (<30%),0-3 Months (High Risk)
16.0,16.0,5,Others,1,Single,10,0,2.0,321.13,0,6-24 Months (Regular),Moderate,Active,480.0,0.04,Low Risk (<30%),12+ Months (Loyal)
0.0,14.0,3,Mobile Phone,3,Married,2,0,0.0,123.77,1,0-6 Months (New),Moderate,Active,0.0,0.69,Medium Risk (30-70%),0-3 Months (High Risk)
9.0,13.0,4,Mobile Phone,4,Married,2,0,1.0,121.41,0,6-24 Months (Regular),Moderate,Active,270.0,0.01,Low Risk (<30%),7-12 Months (Moderate)
4.0,16.0,3,Laptop & Accessory,1,Married,3,1,4.0,165.83,0,0-6 Months (New),Moderate,Active,120.0,0.02,Low Risk (<30%),4-6 Months (Mid-High)
9.0,19.0,3,Mobile Phone,4,Married,5,0,4.0,121.43,0,6-24 Months (Regular),Moderate,Active,270.0,0.0,Low Risk (<30%),7-12 Months (Moderate)
9.0,13.0,3,Mobile Phone,1,Single,3,0,1.0,146.78,0,6-24 Months (Regular),Moderate,Active,270.0,0.0,Low Risk (<30%),7-12 Months (Moderate)
12.0,30.0,5,Fashion,3,Single,2,0,3.0,220.26,0,6-24 Months (Regular),Far,Active,360.0,0.0,Low Risk (<30%),7-12 Months (Moderate)
17.0,16.0,4,Laptop & Accessory,3,Married,5,1,8.0,181.79,0,6-24 Months (Regular),Moderate,Active,510.0,0.02,Low Risk (<30%),12+ Months (Loyal)
3.0,10.0,4,Mobile Phone,5,Single,3,1,6.0,172.23,0,0-6 Months (New),Near,Active,90.0,0.01,Low Risk (<30%),0-3 Months (High Risk)
2.0,14.0,4,Laptop & Accessory,2,Divorced,2,1,2.0,150.56,0,0-6 Months (New),Moderate,Active,60.0,0.03,Low Risk (<30%),0-3 Months (High Risk)
7.0,16.0,3,Mobile Phone,3,Married,2,1,0.0,138.15,0,6-24 Months (Regular),Moderate,Active,210.0,0.24,Low Risk (<30%),7-12 Months (Moderate)
16.0,14.0,3,Mobile Phone,3,Single,5,0,2.0,124.38,0,6-24 Months (Regular),Moderate,Active,480.0,0.0,Low Risk (<30%),12+ Months (Loyal)
7.0,9.0,3,Laptop & Accessory,2,Single,1,0,4.0,177.56,0,6-24 Months (Regular),Near,Active,210.0,0.0,Low Risk (<30%),7-12 Months (Moderate)
10.0,8.0,5,Laptop & Accessory,3,Married,2,0,3.0,168.74,0,6-24 Months (Regular),Near,Active,300.0,0.0,Low Risk (<30%),7-12 Months (Moderate)
9.0,17.0,3,Mobile Phone,5,Married,1,0,4.0,120.99,0,6-24 Months (Regular),Moderate,Active,270.0,0.0,Low Risk (<30%),7-12 Months (Moderate)
18.0,6.0,2,Others,2,Divorced,1,0,7.0,292.02,0,6-24 Months (Regular),Near,Active,540.0,0.0,Low Risk (<30%),12+ Months (Loyal)
9.0,6.0,4,Mobile Phone,5,Divorced,2,0,2.0,122.18,0,6-24 Months (Regular),Near,Active,270.0,0.0,Low Risk (<30%),7-12 Months (Moderate)
18.0,7.0,4,Laptop & Accessory,1,Married,6,1,3.0,182.43,0,6-24 Months (Regular),Near,Active,540.0,0.0,Low Risk (<30%),12+ Months (Loyal)
0.0,11.0,3,Mobile Phone,3,Single,2,1,2.0,134.41,1,0-6 Months (New),Moderate,Active,0.0,0.89,High Risk (>70%),0-3 Months (High Risk)
13.0,13.0,4,Fashion,4,Single,6,0,3.0,208.76,0,6-24 Months (Regular),Moderate,Active,390.0,0.01,Low Risk (<30%),12+ Months (Loyal)
4.0,23.0,4,Laptop & Accessory,3,Divorced,10,0,3.0,178.01,0,0-6 Months (New),Far,Active,120.0,0.0,Low Risk (<30%),4-6 Months (Mid-High)
9.0,10.0,3,Mobile Phone,2,Single,19,1,0.0,122.85,1,6-24 Months (Regular),Near,Active,270.0,0.98,High Risk (>70%),7-12 Months (Moderate)
3.0,17.0,4,Mobile Phone,4,Married,3,0,3.0,147.97,0,0-6 Months (New),Moderate,Active,90.0,0.0,Low Risk (<30%),0-3 Months (High Risk)
1.0,28.0,2,Mobile Phone,1,Single,3,0,3.0,151.78,0,0-6 Months (New),Far,Active,30.0,0.01,Low Risk (<30%),0-3 Months (High Risk)
15.0,9.0,4,Grocery,4,Single,3,0,5.0,285.15,0,6-24 Months (Regular),Near,Active,450.0,0.0,Low Risk (<30%),12+ Months (Loyal)
30.0,30.0,4,Grocery,4,Married,6,1,10.0,259.02,0,24+ Months (Loyal),Far,Active,900.0,0.0,Low Risk (<30%),12+ Months (Loyal)
21.0,23.0,2,Laptop & Accessory,3,Married,3,1,8.0,175.67,0,6-24 Months (Regular),Far,Active,630.0,0.04,Low Risk (<30%),12+ Months (Loyal)
13.0,19.0,4,Laptop & Accessory,4,Married,6,0,1.0,177.95,0,6-24 Months (Regular),Moderate,Active,390.0,0.0,Low Risk (<30%),12+ Months (Loyal)
10.0,11.0,3,Laptop & Accessory,2,Married,8,0,4.0,163.47,0,6-24 Months (Regular),Moderate,Active,300.0,0.0,Low Risk (<30%),7-12 Months (Moderate)
14.0,25.0,3,Laptop & Accessory,5,Married,3,0,0.0,130.72,0,6-24 Months (Regular),Far,Active,420.0,0.0,Low Risk (<30%),12+ Months (Loyal)
0.0,14.0,2,Laptop & Accessory,4,Divorced,1,0,2.0,148.51,0,0-6 Months (New),Moderate,Active,0.0,0.22,Low Risk (<30%),0-3 Months (High Risk)
9.0,12.0,3,Laptop & Accessory,3,Divorced,3,1,5.0,123.06,0,6-24 Months (Regular),Moderate,Active,270.0,0.06,Low Risk (<30%),7-12 Months (Moderate)
1.0,10.0,4,Mobile Phone,5,Single,7,1,5.0,151.57,1,0-6 Months (New),Near,Active,30.0,0.83,High Risk (>70%),0-3 Months (High Risk)
19.0,8.0,3,Laptop & Accessory,2,Married,3,0,4.0,173.79,0,6-24 Months (Regular),Near,Active,570.0,0.03,Low Risk (<30%),12+ Months (Loyal)
19.0,24.0,3,Fashion,3,Married,6,0,2.0,205.27,0,6-24 Months (Regular),Far,Active,570.0,0.01,Low Risk (<30%),12+ Months (Loyal)
1.0,14.0,4,Mobile Phone,1,Married,3,1,3.0,147.75,1,0-6 Months (New),Moderate,Active,30.0,1.0,High Risk (>70%),0-3 Months (High Risk)
23.0,12.0,4,Laptop & Accessory,3,Married,4,0,3.0,191.51,0,6-24 Months (Regular),Moderate,Active,690.0,0.0,Low Risk (<30%),12+ Months (Loyal)
18.0,24.0,6,Mobile Phone,3,Single,4,0,1.0,147.9,0,6-24 Months (Regular),Far,Active,540.0,0.04,Low Risk (<30%),12+ Months (Loyal)
4.0,29.0,5,Laptop & Accessory,3,Married,4,1,1.0,188.8,1,0-6 Months (New),Far,Active,120.0,0.86,High Risk (>70%),4-6 Months (Mid-High)
18.0,26.0,5,Fashion,5,Married,3,1,7.0,208.51,0,6-24 Months (Regular),Far,Active,540.0,0.03,Low Risk (<30%),12+ Months (Loyal)
16.0,25.0,4,Laptop & Accessory,5,Married,8,1,3.0,179.1,0,6-24 Months (Regular),Far,Active,480.0,0.04,Low Risk (<30%),12+ Months (Loyal)
17.0,15.0,4,Laptop & Accessory,4,Married,6,0,1.0,172.65,0,6-24 Months (Regular),Moderate,Active,510.0,0.0,Low Risk (<30%),12+ Months (Loyal)
1.0,7.0,4,Mobile Phone,4,Single,3,0,2.0,145.96,0,0-6 Months (New),Near,Active,30.0,0.0,Low Risk (<30%),0-3 Months (High Risk)
24.0,14.0,4,Fashion,4,Married,6,0,3.0,224.899999999999,0,6-24 Months (Regular),Moderate,Active,720.0,0.0,Low Risk (<30%),12+ Months (Loyal)
19.0,8.0,3,Fashion,1,Married,4,0,7.0,185.78,0,6-24 Months (Regular),Near,Active,570.0,0.02,Low Risk (<30%),12+ Months (Loyal)
1.0,27.0,4,Fashion,3,Married,5,0,3.0,223.24,1,0-6 Months (New),Far,Active,30.0,0.94,High Risk (>70%),0-3 Months (High Risk)
1.0,9.0,5,Mobile Phone,3,Single,3,0,3.0,145.44,1,0-6 Months (New),Near,Active,30.0,0.86,High Risk (>70%),0-3 Months (High Risk)
25.0,5.0,3,Fashion,4,Single,8,0,0.0,204.45,0,24+ Months (Loyal),Near,Active,750.0,0.0,Low Risk (<30%),12+ Months (Loyal)
12.0,27.0,4,Laptop & Accessory,1,Married,4,1,4.0,161.2,0,6-24 Months (Regular),Far,Active,360.0,0.0,Low Risk (<30%),7-12 Months (Moderate)
19.0,13.0,4,Fashion,5,Married,6,1,1.0,257.45,0,6-24 Months (Regular),Moderate,Active,570.0,0.01,Low Risk (<30%),12+ Months (Loyal)
9.0,27.0,4,Mobile Phone,4,Single,2,1,0.0,121.21,1,6-24 Months (Regular),Far,Active,270.0,0.95,High Risk (>70%),7-12 Months (Moderate)
14.0,21.0,4,Laptop & Accessory,5,Married,3,0,3.0,171.39,0,6-24 Months (Regular),Far,Active,420.0,0.0,Low Risk (<30%),12+ Months (Loyal)
17.0,26.0,3,Mobile Phone,4,Single,2,0,3.0,134.2,0,6-24 Months (Regular),Far,Active,510.0,0.0,Low Risk (<30%),12+ Months (Loyal)
12.0,22.0,5,Fashion,1,Married,2,1,10.0,240.1,0,6-24 Months (Regular),Far,Active,360.0,0.17,Low Risk (<30%),7-12 Months (Moderate)
7.0,10.0,4,Mobile Phone,4,Married,5,1,4.0,147.77,0,6-24 Months (Regular),Near,Active,210.0,0.14,Low Risk (<30%),7-12 Months (Moderate)
5.0,7.0,4,Laptop & Accessory,5,Divorced,3,0,4.0,166.48,0,0-6 Months (New),Near,Active,150.0,0.0,Low Risk (<30%),4-6 Months (Mid-High)
5.0,7.0,4,Laptop & Accessory,2,Single,10,1,6.0,184.93,1,0-6 Months (New),Near,Active,150.0,0.74,High Risk (>70%),4-6 Months (Mid-High)
6.0,10.0,4,Mobile Phone,4,Married,9,0,2.0,138.38,0,0-6 Months (New),Near,Active,180.0,0.0,Low Risk (<30%),4-6 Months (Mid-High)
29.0,9.0,4,Grocery,1,Single,4,1,3.0,291.59,0,24+ Months (Loyal),Near,Active,870.0,0.0,Low Risk (<30%),12+ Months (Loyal)
8.0,14.0,4,Mobile Phone,2,Divorced,2,0,2.0,123.759999999999,0,6-24 Months (Regular),Moderate,Active,240.0,0.01,Low Risk (<30%),7-12 Months (Moderate)
0.0,6.0,4,Mobile Phone,5,Married,2,0,3.0,139.55,0,0-6 Months (New),Near,Active,0.0,0.05,Low Risk (<30%),0-3 Months (High Risk)
19.0,14.0,4,Laptop & Accessory,5,Married,9,1,7.0,146.15,0,6-24 Months (Regular),Moderate,Active,570.0,0.03,Low Risk (<30%),12+ Months (Loyal)
11.0,16.0,3,Mobile Phone,3,Divorced,1,0,2.0,126.84,0,6-24 Months (Regular),Moderate,Active,330.0,0.0,Low Risk (<30%),7-12 Months (Moderate)
9.0,11.0,3,Laptop & Accessory,2,Divorced,4,0,0.0,120.86,1,6-24 Months (Regular),Moderate,Active,270.0,0.88,High Risk (>70%),7-12 Months (Moderate)
10.0,8.0,4,Laptop & Accessory,1,Married,6,0,0.0,151.63,0,6-24 Months (Regular),Near,Active,300.0,0.01,Low Risk (<30%),7-12 Months (Moderate)
13.0,13.0,2,Fashion,3,Married,4,0,7.0,207.37,0,6-24 Months (Regular),Moderate,Active,390.0,0.0,Low Risk (<30%),12+ Months (Loyal)
1.0,25.0,4,Mobile Phone,2,Single,3,0,1.0,151.93,1,0-6 Months (New),Far,Active,30.0,0.82,High Risk (>70%),0-3 Months (High Risk)
2.0,9.0,3,Mobile Phone,5,Single,2,1,5.0,147.23,0,0-6 Months (New),Near,Active,60.0,0.06,Low Risk (<30%),0-3 Months (High Risk)
14.0,33.0,5,Laptop & Accessory,1,Married,5,1,1.0,169.22,0,6-24 Months (Regular),Far,Active,420.0,0.25,Low Risk (<30%),12+ Months (Loyal)
3.0,27.0,4,Laptop & Accessory,1,Married,4,0,3.0,194.31,0,0-6 Months (New),Far,Active,90.0,0.0,Low Risk (<30%),0-3 Months (High Risk)
19.0,15.0,4,Laptop & Accessory,1,Married,11,0,9.0,161.97,0,6-24 Months (Regular),Moderate,Active,570.0,0.0,Low Risk (<30%),12+ Months (Loyal)
26.0,7.0,4,Grocery,2,Divorced,4,0,9.0,295.99,0,24+ Months (Loyal),Near,Active,780.0,0.0,Low Risk (<30%),12+ Months (Loyal)
19.0,20.0,3,Mobile Phone,4,Married,10,1,3.0,149.63,1,6-24 Months (Regular),Moderate,Active,570.0,0.82,High Risk (>70%),12+ Months (Loyal)
27.0,9.0,5,Fashion,4,Married,4,0,13.0,200.25,0,24+ Months (Loyal),Near,Active,810.0,0.0,Low Risk (<30%),12+ Months (Loyal)
3.0,15.0,3,Laptop & Accessory,5,Married,2,0,10.0,130.72,0,0-6 Months (New),Moderate,Active,90.0,0.0,Low Risk (<30%),0-3 Months (High Risk)
0.0,10.0,4,Mobile Phone,3,Single,6,0,2.0,138.94,1,0-6 Months (New),Near,Active,0.0,0.71,High Risk (>70%),0-3 Months (High Risk)
22.0,11.0,3,Laptop & Accessory,3,Divorced,3,0,2.0,166.51,0,6-24 Months (Regular),Moderate,Active,660.0,0.0,Low Risk (<30%),12+ Months (Loyal)
0.0,8.0,3,Mobile Phone,3,Single,3,0,0.0,134.85,1,0-6 Months (New),Near,Active,0.0,0.87,High Risk (>70%),0-3 Months (High Risk)
1.0,11.0,5,Mobile Phone,3,Single,7,0,3.0,163.94,1,0-6 Months (New),Moderate,Active,30.0,0.82,High Risk (>70%),0-3 Months (High Risk)
1.0,9.0,4,Mobile Phone,5,Divorced,9,0,8.0,152.07,1,0-6 Months (New),Near,Active,30.0,0.91,High Risk (>70%),0-3 Months (High Risk)
1.0,11.0,5,Laptop & Accessory,1,Single,3,1,4.0,169.87,0,0-6 Months (New),Moderate,Active,30.0,0.07,Low Risk (<30%),0-3 Months (High Risk)
9.0,9.0,4,Mobile Phone,1,Married,4,0,0.0,121.77,0,6-24 Months (Regular),Near,Active,270.0,0.02,Low Risk (<30%),7-12 Months (Moderate)
8.0,10.0,4,Mobile Phone,2,Divorced,2,0,3.0,162.37,0,6-24 Months (Regular),Near,Active,240.0,0.0,Low Risk (<30%),7-12 Months (Moderate)
19.0,24.0,3,Fashion,3,Divorced,6,0,2.0,205.27,0,6-24 Months (Regular),Far,Active,570.0,0.01,Low Risk (<30%),12+ Months (Loyal)
1.0,24.0,5,Mobile Phone,1,Married,7,0,4.0,148.67,1,0-6 Months (New),Far,Active,30.0,0.75,High Risk (>70%),0-3 Months (High Risk)
7.0,17.0,5,Laptop & Accessory,1,Single,5,0,2.0,171.82,0,6-24 Months (Regular),Moderate,Active,210.0,0.0,Low Risk (<30%),7-12 Months (Moderate)
14.0,11.0,5,Fashion,1,Married,9,0,12.0,233.55,0,6-24 Months (Regular),Moderate,Active,420.0,0.0,Low Risk (<30%),12+ Months (Loyal)
28.0,26.0,4,Laptop & Accessory,5,Married,11,1,5.0,179.85,0,24+ Months (Loyal),Far,Active,840.0,0.0,Low Risk (<30%),12+ Months (Loyal)
9.0,16.0,4,Laptop & Accessory,3,Married,2,1,7.0,156.73,0,6-24 Months (Regular),Moderate,Active,270.0,0.02,Low Risk (<30%),7-12 Months (Moderate)
1.0,13.0,3,Laptop & Accessory,5,Single,1,0,3.0,148.98,0,0-6 Months (New),Moderate,Active,30.0,0.06,Low Risk (<30%),0-3 Months (High Risk)
10.0,10.0,5,Fashion,1,Married,2,0,5.0,201.44,0,6-24 Months (Regular),Near,Active,300.0,0.03,Low Risk (<30%),7-12 Months (Moderate)
30.0,16.0,4,Mobile Phone,3,Married,4,0,4.0,154.42,0,24+ Months (Loyal),Moderate,Active,900.0,0.0,Low Risk (<30%),12+ Months (Loyal)
4.0,17.0,5,Laptop & Accessory,3,Married,3,0,5.0,190.78,0,0-6 Months (New),Moderate,Active,120.0,0.0,Low Risk (<30%),4-6 Months (Mid-High)
15.0,9.0,1,Laptop & Accessory,2,Divorced,3,1,3.0,152.31,0,6-24 Months (Regular),Near,Active,450.0,0.03,Low Risk (<30%),12+ Months (Loyal)
28.0,8.0,3,Grocery,1,Single,3,1,2.0,266.59,0,24+ Months (Loyal),Near,Active,840.0,0.0,Low Risk (<30%),12+ Months (Loyal)
1.0,13.0,6,Mobile Phone,3,Married,2,0,1.0,148.51,1,0-6 Months (New),Moderate,Active,30.0,0.95,High Risk (>70%),0-3 Months (High Risk)
9.0,15.0,5,Fashion,2,Divorced,6,1,3.0,228.77,0,6-24 Months (Regular),Moderate,Active,270.0,0.03,Low Risk (<30%),7-12 Months (Moderate)
9.0,14.0,4,Fashion,3,Single,5,0,3.0,227.21,0,6-24 Months (Regular),Moderate,Active,270.0,0.075,Low Risk (<30%),7-12 Months (Moderate)
9.0,8.0,1,Mobile Phone,2,Divorced,2,0,7.0,120.11,0,6-24 Months (Regular),Near,Active,270.0,0.01,Low Risk (<30%),7-12 Months (Moderate)
6.0,14.0,3,Mobile Phone,1,Single,5,0,0.0,124.96,0,0-6 Months (New),Moderate,Active,180.0,0.01,Low Risk (<30%),4-6 Months (Mid-High)
9.0,19.0,3,Mobile Phone,4,Divorced,4,0,4.0,121.43,0,6-24 Months (Regular),Moderate,Active,270.0,0.0,Low Risk (<30%),7-12 Months (Moderate)
15.0,19.0,1,Laptop & Accessory,5,Married,6,0,0.0,155.38,0,6-24 Months (Regular),Moderate,Active,450.0,0.0,Low Risk (<30%),12+ Months (Loyal)
1.0,9.0,4,Mobile Phone,3,Single,4,0,1.0,159.85,1,0-6 Months (New),Near,Active,30.0,0.86,High Risk (>70%),0-3 Months (High Risk)
9.0,25.0,4,Laptop & Accessory,3,Married,3,0,1.0,171.01,0,6-24 Months (Regular),Far,Active,270.0,0.0,Low Risk (<30%),7-12 Months (Moderate)
7.0,35.0,4,Laptop & Accessory,3,Married,3,1,8.0,177.07,0,6-24 Months (Regular),Far,Active,210.0,0.0,Low Risk (<30%),7-12 Months (Moderate)
7.0,10.0,3,Laptop & Accessory,3,Divorced,10,0,2.0,165.38,0,6-24 Months (Regular),Near,Active,210.0,0.0,Low Risk (<30%),7-12 Months (Moderate)
20.0,7.0,5,Fashion,5,Married,4,1,6.0,231.73,0,6-24 Months (Regular),Near,Active,600.0,0.05,Low Risk (<30%),12+ Months (Loyal)
3.0,13.0,4,Mobile Phone,2,Divorced,3,0,9.0,156.31,0,0-6 Months (New),Moderate,Active,90.0,0.0,Low Risk (<30%),0-3 Months (High Risk)
1.0,8.0,4,Mobile Phone,3,Married,5,0,3.0,154.09,1,0-6 Months (New),Near,Active,30.0,0.9,High Risk (>70%),0-3 Months (High Risk)
1.0,10.0,4,Mobile Phone,1,Married,3,0,1.0,145.61,0,0-6 Months (New),Near,Active,30.0,0.09,Low Risk (<30%),0-3 Months (High Risk)
9.0,12.0,3,Mobile Phone,3,Divorced,9,0,2.0,122.669999999999,0,6-24 Months (Regular),Moderate,Active,270.0,0.0,Low Risk (<30%),7-12 Months (Moderate)
11.0,12.0,2,Mobile Phone,3,Single,2,0,4.0,160.0,0,6-24 Months (Regular),Moderate,Active,330.0,0.0,Low Risk (<30%),7-12 Months (Moderate)
1.0,27.0,4,Fashion,3,Divorced,5,0,3.0,223.24,1,0-6 Months (New),Far,Active,30.0,0.94,High Risk (>70%),0-3 Months (High Risk)
20.0,9.0,4,Others,1,Married,9,1,3.0,318.28,0,6-24 Months (Regular),Near,Active,600.0,0.11,Low Risk (<30%),12+ Months (Loyal)
25.0,35.0,3,Mobile Phone,1,Married,3,0,0.0,134.82,0,24+ Months (Loyal),Far,Active,750.0,0.0,Low Risk (<30%),12+ Months (Loyal)
0.0,10.0,4,Laptop & Accessory,5,Married,2,0,3.0,142.56,0,0-6 Months (New),Near,Active,0.0,0.07,Low Risk (<30%),0-3 Months (High Risk)
14.0,10.0,5,Laptop & Accessory,4,Married,7,0,2.0,164.3,0,6-24 Months (Regular),Near,Active,420.0,0.0,Low Risk (<30%),12+ Months (Loyal)
1.0,15.0,2,Mobile Phone,3,Married,9,0,3.0,160.17,0,0-6 Months (New),Moderate,Active,30.0,0.0,Low Risk (<30%),0-3 Months (High Risk)
19.0,9.0,4,Laptop & Accessory,1,Single,6,0,4.0,176.6,1,6-24 Months (Regular),Near,Active,570.0,0.84,High Risk (>70%),12+ Months (Loyal)
31.0,23.0,4,Laptop & Accessory,5,Single,10,0,3.0,179.05,0,24+ Months (Loyal),Far,Active,930.0,0.0,Low Risk (<30%),12+ Months (Loyal)
8.0,9.0,4,Mobile Phone,3,Married,8,0,3.0,147.31,0,6-24 Months (Regular),Near,Active,240.0,0.02,Low Risk (<30%),7-12 Months (Moderate)
7.0,6.0,1,Laptop & Accessory,2,Married,1,0,9.0,197.25,0,6-24 Months (Regular),Near,Active,210.0,0.0,Low Risk (<30%),7-12 Months (Moderate)
1.0,11.0,3,Mobile Phone,5,Divorced,4,0,3.0,153.19,0,0-6 Months (New),Moderate,Active,30.0,0.09,Low Risk (<30%),0-3 Months (High Risk)
8.0,6.0,4,Mobile Phone,3,Single,2,0,4.0,128.59,0,6-24 Months (Regular),Near,Active,240.0,0.0,Low Risk (<30%),7-12 Months (Moderate)
6.0,15.0,4,Fashion,1,Single,3,0,3.0,214.98,0,0-6 Months (New),Moderate,Active,180.0,0.0,Low Risk (<30%),4-6 Months (Mid-High)
4.0,26.0,1,Mobile Phone,2,Divorced,1,0,2.0,127.91,0,0-6 Months (New),Far,Active,120.0,0.0,Low Risk (<30%),4-6 Months (Mid-High)
4.0,7.0,6,Mobile Phone,3,Married,5,0,3.0,163.33,0,0-6 Months (New),Near,Active,120.0,0.0,Low Risk (<30%),4-6 Months (Mid-High)
9.0,7.0,5,Laptop & Accessory,2,Divorced,2,0,1.0,178.63,0,6-24 Months (Regular),Near,Active,270.0,0.0,Low Risk (<30%),7-12 Months (Moderate)
2.0,8.0,3,Laptop & Accessory,3,Married,2,0,2.0,146.49,0,0-6 Months (New),Near,Active,60.0,0.0,Low Risk (<30%),0-3 Months (High Risk)
30.0,7.0,5,Fashion,1,Married,4,0,0.0,208.829999999999,0,24+ Months (Loyal),Near,Active,900.0,0.01,Low Risk (<30%),12+ Months (Loyal)
1.0,23.0,4,Fashion,3,Married,4,0,1.0,206.61,1,0-6 Months (New),Far,Active,30.0,0.92,High Risk (>70%),0-3 Months (High Risk)
30.0,14.0,3,Mobile Phone,3,Married,2,0,2.0,123.72,0,24+ Months (Loyal),Moderate,Active,900.0,0.0,Low Risk (<30%),12+ Months (Loyal)
23.0,18.0,3,Fashion,1,Single,5,0,1.0,192.08,0,6-24 Months (Regular),Moderate,Active,690.0,0.0,Low Risk (<30%),12+ Months (Loyal)
9.0,6.0,3,Mobile Phone,1,Married,2,0,3.0,120.44,0,6-24 Months (Regular),Near,Active,270.0,0.06,Low Risk (<30%),7-12 Months (Moderate)
2.0,7.0,4,Mobile Phone,1,Married,3,0,3.0,152.06,0,0-6 Months (New),Near,Active,60.0,0.0,Low Risk (<30%),0-3 Months (High Risk)
18.0,35.0,3,Fashion,1,Divorced,5,1,2.0,193.8,0,6-24 Months (Regular),Far,Active,540.0,0.02,Low Risk (<30%),12+ Months (Loyal)
17.0,11.0,3,Others,4,Married,8,0,10.0,282.13,0,6-24 Months (Regular),Moderate,Active,510.0,0.0,Low Risk (<30%),12+ Months (Loyal)
19.0,16.0,4,Laptop & Accessory,4,Married,10,0,16.0,148.48,0,6-24 Months (Regular),Moderate,Active,570.0,0.06,Low Risk (<30%),12+ Months (Loyal)
5.0,8.0,3,Laptop & Accessory,4,Married,1,0,6.0,154.7,0,0-6 Months (New),Near,Active,150.0,0.0,Low Risk (<30%),4-6 Months (Mid-High)
10.0,9.0,5,Laptop & Accessory,1,Single,3,0,9.0,163.86,0,6-24 Months (Regular),Near,Active,300.0,0.0,Low Risk (<30%),7-12 Months (Moderate)
0.0,32.0,3,Laptop & Accessory,2,Single,2,0,4.0,161.8,0,0-6 Months (New),Far,Active,0.0,0.01,Low Risk (<30%),0-3 Months (High Risk)
26.0,36.0,4,Mobile Phone,1,Married,4,0,1.0,159.82,0,24+ Months (Loyal),Far,Active,780.0,0.0,Low Risk (<30%),12+ Months (Loyal)
0.0,14.0,5,Mobile Phone,5,Divorced,2,0,1.0,124.509999999999,0,0-6 Months (New),Moderate,Active,0.0,0.14,Low Risk (<30%),0-3 Months (High Risk)
24.0,18.0,4,Others,4,Single,5,0,5.0,324.26,0,6-24 Months (Regular),Moderate,Active,720.0,0.01,Low Risk (<30%),12+ Months (Loyal)
1.0,13.0,6,Laptop & Accessory,3,Divorced,6,1,8.0,186.72,1,0-6 Months (New),Moderate,Active,30.0,0.94,High Risk (>70%),0-3 Months (High Risk)
10.0,15.0,3,Fashion,5,Divorced,11,0,6.0,242.13,0,6-24 Months (Regular),Moderate,Active,300.0,0.075,Low Risk (<30%),7-12 Months (Moderate)
9.0,15.0,3,Mobile Phone,2,Divorced,2,0,4.0,120.699999999999,0,6-24 Months (Regular),Moderate,Active,270.0,0.0,Low Risk (<30%),7-12 Months (Moderate)
14.0,13.0,4,Grocery,3,Single,9,0,14.0,257.37,0,6-24 Months (Regular),Moderate,Active,420.0,0.0,Low Risk (<30%),12+ Months (Loyal)
9.0,13.0,3,Mobile Phone,4,Single,3,0,3.0,120.13,0,6-24 Months (Regular),Moderate,Active,270.0,0.0,Low Risk (<30%),7-12 Months (Moderate)
8.0,14.0,4,Mobile Phone,1,Single,3,0,1.0,154.72,0,6-24 Months (Regular),Moderate,Active,240.0,0.0,Low Risk (<30%),7-12 Months (Moderate)
9.0,33.0,3,Laptop & Accessory,3,Married,7,0,7.0,152.37,0,6-24 Months (Regular),Far,Active,270.0,0.0,Low Risk (<30%),7-12 Months (Moderate)
4.0,14.0,4,Mobile Phone,4,Single,2,0,3.0,154.83,0,0-6 Months (New),Moderate,Active,120.0,0.01,Low Risk (<30%),4-6 Months (Mid-High)
9.0,9.0,3,Mobile Phone,1,Married,2,0,0.0,120.61,0,6-24 Months (Regular),Near,Active,270.0,0.12,Low Risk (<30%),7-12 Months (Moderate)
2.0,12.0,4,Laptop & Accessory,2,Single,3,0,3.0,174.08,0,0-6 Months (New),Moderate,Active,60.0,0.01,Low Risk (<30%),0-3 Months (High Risk)
17.0,34.0,1,Grocery,1,Married,4,1,11.0,233.2,0,6-24 Months (Regular),Far,Active,510.0,0.04,Low Risk (<30%),12+ Months (Loyal)
5.0,13.0,2,Laptop & Accessory,1,Married,6,0,8.0,179.6,0,0-6 Months (New),Moderate,Active,150.0,0.0,Low Risk (<30%),4-6 Months (Mid-High)
1.0,27.0,4,Mobile Phone,4,Married,2,1,5.0,146.48,1,0-6 Months (New),Far,Active,30.0,0.94,High Risk (>70%),0-3 Months (High Risk)
5.0,11.0,4,Laptop & Accessory,4,Single,3,0,3.0,218.55,1,0-6 Months (New),Moderate,Active,150.0,0.64,Medium Risk (30-70%),4-6 Months (Mid-High)
3.0,15.0,5,Laptop & Accessory,2,Divorced,3,1,3.0,175.56,0,0-6 Months (New),Moderate,Active,90.0,0.09,Low Risk (<30%),0-3 Months (High Risk)
24.0,6.0,3,Mobile Phone,1,Married,2,0,0.0,127.229999999999,0,6-24 Months (Regular),Near,Active,720.0,0.01,Low Risk (<30%),12+ Months (Loyal)
1.0,17.0,5,Mobile Phone,3,Single,3,0,1.0,137.0,0,0-6 Months (New),Moderate,Active,30.0,0.37,Medium Risk (30-70%),0-3 Months (High Risk)
12.0,14.0,3,Laptop & Accessory,5,Married,3,1,8.0,181.05,0,6-24 Months (Regular),Moderate,Active,360.0,0.0,Low Risk (<30%),7-12 Months (Moderate)
20.0,6.0,3,Fashion,4,Married,1,0,3.0,219.57,0,6-24 Months (Regular),Near,Active,600.0,0.01,Low Risk (<30%),12+ Months (Loyal)
0.0,14.0,5,Mobile Phone,1,Single,2,1,0.0,123.4,1,0-6 Months (New),Moderate,Active,0.0,1.0,High Risk (>70%),0-3 Months (High Risk)
20.0,9.0,4,Grocery,3,Married,8,0,2.0,303.61,0,6-24 Months (Regular),Near,Active,600.0,0.0,Low Risk (<30%),12+ Months (Loyal)
18.0,12.0,5,Mobile Phone,3,Single,5,0,4.0,156.62,0,6-24 Months (Regular),Moderate,Active,540.0,0.0,Low Risk (<30%),12+ Months (Loyal)
12.0,9.0,4,Mobile Phone,4,Married,7,0,9.0,150.92,0,6-24 Months (Regular),Near,Active,360.0,0.01,Low Risk (<30%),7-12 Months (Moderate)
15.0,14.0,3,Others,2,Married,2,0,9.0,284.3,0,6-24 Months (Regular),Moderate,Active,450.0,0.0,Low Risk (<30%),12+ Months (Loyal)
28.0,8.0,3,Grocery,2,Single,3,1,2.0,266.59,0,24+ Months (Loyal),Near,Active,840.0,0.0,Low Risk (<30%),12+ Months (Loyal)
10.0,10.0,4,Laptop & Accessory,4,Single,6,0,8.0,169.85,0,6-24 Months (Regular),Near,Active,300.0,0.0,Low Risk (<30%),7-12 Months (Moderate)
27.0,25.0,3,Laptop & Accessory,5,Married,10,1,4.0,154.85,0,24+ Months (Loyal),Far,Active,810.0,0.05,Low Risk (<30%),12+ Months (Loyal)
20.0,8.0,3,Laptop & Accessory,2,Married,6,0,4.0,150.7,0,6-24 Months (Regular),Near,Active,600.0,0.02,Low Risk (<30%),12+ Months (Loyal)
0.0,33.0,3,Laptop & Accessory,1,Single,2,1,7.0,158.13,1,0-6 Months (New),Far,Active,0.0,0.98,High Risk (>70%),0-3 Months (High Risk)
0.0,33.0,3,Fashion,1,Married,2,0,9.0,176.39,1,0-6 Months (New),Far,Active,0.0,0.96,High Risk (>70%),0-3 Months (High Risk)
9.0,8.0,3,Mobile Phone,3,Married,3,0,2.0,120.009999999999,0,6-24 Months (Regular),Near,Active,270.0,0.0,Low Risk (<30%),7-12 Months (Moderate)
7.0,7.0,4,Laptop & Accessory,5,Single,1,0,9.0,153.43,0,6-24 Months (Regular),Near,Active,210.0,0.0,Low Risk (<30%),7-12 Months (Moderate)
10.0,16.0,4,Fashion,1,Married,6,0,3.0,225.96,1,6-24 Months (Regular),Moderate,Active,300.0,0.47061904761904766,Medium Risk (30-70%),7-12 Months (Moderate)
8.0,34.0,4,Mobile Phone,4,Single,4,0,3.0,148.11,0,6-24 Months (Regular),Far,Active,240.0,0.11,Low Risk (<30%),7-12 Months (Moderate)
1.0,7.0,6,Mobile Phone,5,Single,2,0,1.0,148.25,1,0-6 Months (New),Near,Active,30.0,0.94,High Risk (>70%),0-3 Months (High Risk)
14.0,14.0,3,Mobile Phone,3,Married,5,0,8.0,124.509999999999,0,6-24 Months (Regular),Moderate,Active,420.0,0.01,Low Risk (<30%),12+ Months (Loyal)
1.0,9.0,2,Laptop & Accessory,3,Single,2,0,8.0,190.0,0,0-6 Months (New),Near,Active,30.0,0.08,Low Risk (<30%),0-3 Months (High Risk)
1.0,35.0,3,Laptop & Accessory,5,Married,8,1,0.0,166.73,1,0-6 Months (New),Far,Active,30.0,0.97,High Risk (>70%),0-3 Months (High Risk)
4.0,6.0,5,Laptop & Accessory,5,Married,2,0,7.0,150.03,0,0-6 Months (New),Near,Active,120.0,0.0,Low Risk (<30%),4-6 Months (Mid-High)
14.0,9.0,4,Laptop & Accessory,2,Single,3,0,9.0,171.61,0,6-24 Months (Regular),Near,Active,420.0,0.0,Low Risk (<30%),12+ Months (Loyal)
6.0,11.0,3,Laptop & Accessory,2,Divorced,7,0,2.0,199.98,0,0-6 Months (New),Moderate,Active,180.0,0.03,Low Risk (<30%),4-6 Months (Mid-High)
19.0,32.0,5,Laptop & Accessory,1,Married,2,0,9.0,184.06,0,6-24 Months (Regular),Far,Active,570.0,0.0,Low Risk (<30%),12+ Months (Loyal)
0.0,14.0,3,Mobile Phone,4,Single,2,1,2.0,124.78,0,0-6 Months (New),Moderate,Active,0.0,0.11,Low Risk (<30%),0-3 Months (High Risk)
19.0,9.0,4,Laptop & Accessory,3,Married,6,0,8.0,176.54,0,6-24 Months (Regular),Near,Active,570.0,0.03,Low Risk (<30%),12+ Months (Loyal)
11.0,21.0,4,Mobile Phone,5,Married,3,0,18.0,155.34,0,6-24 Months (Regular),Far,Active,330.0,0.0,Low Risk (<30%),7-12 Months (Moderate)
1.0,21.0,4,Mobile Phone,2,Divorced,7,1,5.0,149.36,1,0-6 Months (New),Far,Active,30.0,0.93,High Risk (>70%),0-3 Months (High Risk)
15.0,19.0,4,Mobile Phone,2,Divorced,5,1,1.0,172.66,0,6-24 Months (Regular),Moderate,Active,450.0,0.21,Low Risk (<30%),12+ Months (Loyal)
1.0,26.0,2,Laptop & Accessory,1,Single,10,1,5.0,178.04,1,0-6 Months (New),Far,Active,30.0,0.74,High Risk (>70%),0-3 Months (High Risk)
13.0,15.0,4,Mobile Phone,3,Married,3,0,8.0,162.55,0,6-24 Months (Regular),Moderate,Active,390.0,0.0,Low Risk (<30%),12+ Months (Loyal)
21.0,10.0,4,Grocery,1,Married,3,0,2.0,252.019999999999,0,6-24 Months (Regular),Near,Active,630.0,0.0,Low Risk (<30%),12+ Months (Loyal)
0.0,11.0,1,Laptop & Accessory,5,Married,2,0,5.0,140.0,0,0-6 Months (New),Moderate,Active,0.0,0.03,Low Risk (<30%),0-3 Months (High Risk)
6.0,11.0,5,Laptop & Accessory,3,Married,3,0,9.0,186.62,0,0-6 Months (New),Moderate,Active,180.0,0.0,Low Risk (<30%),4-6 Months (Mid-High)
15.0,8.0,3,Fashion,1,Married,3,1,9.0,201.24,0,6-24 Months (Regular),Near,Active,450.0,0.03,Low Risk (<30%),12+ Months (Loyal)
4.0,35.0,4,Laptop & Accessory,2,Divorced,3,0,10.0,182.75,0,0-6 Months (New),Far,Active,120.0,0.0,Low Risk (<30%),4-6 Months (Mid-High)
12.0,9.0,4,Mobile Phone,2,Divorced,3,1,1.0,142.02,0,6-24 Months (Regular),Near,Active,360.0,0.01,Low Risk (<30%),7-12 Months (Moderate)
4.0,8.0,3,Mobile Phone,2,Married,1,1,2.0,126.949999999999,0,0-6 Months (New),Near,Active,120.0,0.17,Low Risk (<30%),4-6 Months (Mid-High)
0.0,19.0,3,Laptop & Accessory,4,Single,6,0,0.0,157.65,1,0-6 Months (New),Moderate,Active,0.0,0.94,High Risk (>70%),0-3 Months (High Risk)
24.0,20.0,3,Laptop & Accessory,2,Divorced,5,0,7.0,149.36,0,6-24 Months (Regular),Moderate,Active,720.0,0.0,Low Risk (<30%),12+ Months (Loyal)
12.0,30.0,4,Laptop & Accessory,1,Married,11,0,3.0,182.45,0,6-24 Months (Regular),Far,Active,360.0,0.0,Low Risk (<30%),7-12 Months (Moderate)
0.0,19.0,3,Laptop & Accessory,5,Married,3,0,2.0,142.33,1,0-6 Months (New),Moderate,Active,0.0,0.68,Medium Risk (30-70%),0-3 Months (High Risk)
14.0,6.0,2,Fashion,5,Divorced,2,0,7.0,183.92,0,6-24 Months (Regular),Near,Active,420.0,0.0,Low Risk (<30%),12+ Months (Loyal)
8.0,15.0,4,Laptop & Accessory,4,Single,10,0,0.0,165.4,0,6-24 Months (Regular),Moderate,Active,240.0,0.0,Low Risk (<30%),7-12 Months (Moderate)
17.0,15.0,4,Laptop & Accessory,3,Married,6,1,3.0,170.22,0,6-24 Months (Regular),Moderate,Active,510.0,0.02,Low Risk (<30%),12+ Months (Loyal)
9.0,9.0,3,Mobile Phone,1,Married,6,0,0.0,128.35,0,6-24 Months (Regular),Near,Active,270.0,0.03,Low Risk (<30%),7-12 Months (Moderate)
14.0,23.0,4,Mobile Phone,3,Married,11,0,1.0,160.44,0,6-24 Months (Regular),Far,Active,420.0,0.0,Low Risk (<30%),12+ Months (Loyal)
5.0,14.0,1,Laptop & Accessory,1,Married,2,0,8.0,162.09,0,0-6 Months (New),Moderate,Active,150.0,0.0,Low Risk (<30%),4-6 Months (Mid-High)
11.0,8.0,1,Laptop & Accessory,5,Single,7,1,12.0,159.8,0,6-24 Months (Regular),Near,Active,330.0,0.02,Low Risk (<30%),7-12 Months (Moderate)
21.0,12.0,4,Laptop & Accessory,3,Single,3,0,2.0,142.4,0,6-24 Months (Regular),Moderate,Active,630.0,0.02,Low Risk (<30%),12+ Months (Loyal)
10.0,9.0,4,Mobile Phone,3,Married,6,0,3.0,150.43,0,6-24 Months (Regular),Near,Active,300.0,0.0,Low Risk (<30%),7-12 Months (Moderate)
19.0,8.0,3,Others,5,Single,4,0,1.0,289.47,0,6-24 Months (Regular),Near,Active,570.0,0.0,Low Risk (<30%),12+ Months (Loyal)
0.0,7.0,4,Mobile Phone,3,Married,2,1,0.0,129.33,0,0-6 Months (New),Near,Active,0.0,0.37,Medium Risk (30-70%),0-3 Months (High Risk)
16.0,33.0,4,Grocery,4,Divorced,7,0,9.0,260.25,0,6-24 Months (Regular),Far,Active,480.0,0.0,Low Risk (<30%),12+ Months (Loyal)
7.0,14.0,1,Mobile Phone,3,Divorced,1,0,0.0,125.85,0,6-24 Months (Regular),Moderate,Active,210.0,0.02,Low Risk (<30%),7-12 Months (Moderate)
6.0,13.0,4,Laptop & Accessory,3,Single,3,0,8.0,175.1,0,0-6 Months (New),Moderate,Active,180.0,0.0,Low Risk (<30%),4-6 Months (Mid-High)
18.0,16.0,4,Mobile Phone,5,Married,3,1,2.0,150.59,0,6-24 Months (Regular),Moderate,Active,540.0,0.0,Low Risk (<30%),12+ Months (Loyal)
6.0,9.0,4,Mobile Phone,4,Divorced,3,0,8.0,148.7,0,0-6 Months (New),Near,Active,180.0,0.0,Low Risk (<30%),4-6 Months (Mid-High)
17.0,10.0,3,Laptop & Accessory,4,Single,10,0,3.0,159.33,0,6-24 Months (Regular),Near,Active,510.0,0.0,Low Risk (<30%),12+ Months (Loyal)
17.0,22.0,5,Laptop & Accessory,2,Divorced,5,0,3.0,193.04,0,6-24 Months (Regular),Far,Active,510.0,0.0,Low Risk (<30%),12+ Months (Loyal)
2.0,8.0,5,Mobile Phone,3,Married,3,0,1.0,140.63,0,0-6 Months (New),Near,Active,60.0,0.05,Low Risk (<30%),0-3 Months (High Risk)
31.0,12.0,5,Fashion,4,Married,4,1,3.0,230.52,0,24+ Months (Loyal),Moderate,Active,930.0,0.02,Low Risk (<30%),12+ Months (Loyal)
17.0,8.0,1,Fashion,1,Married,2,1,7.0,178.79,0,6-24 Months (Regular),Near,Active,510.0,0.04,Low Risk (<30%),12+ Months (Loyal)
4.0,7.0,4,Mobile Phone,3,Married,2,0,4.0,145.64,0,0-6 Months (New),Near,Active,120.0,0.01,Low Risk (<30%),4-6 Months (Mid-High)
0.0,29.0,4,Laptop & Accessory,3,Married,2,0,8.0,135.4,0,0-6 Months (New),Far,Active,0.0,0.2,Low Risk (<30%),0-3 Months (High Risk)
7.0,16.0,4,Laptop & Accessory,3,Married,2,0,7.0,150.63,0,6-24 Months (Regular),Moderate,Active,210.0,0.0,Low Risk (<30%),7-12 Months (Moderate)
10.0,9.0,3,Fashion,3,Married,2,0,8.0,194.34,0,6-24 Months (Regular),Near,Active,300.0,0.0,Low Risk (<30%),7-12 Months (Moderate)
19.0,6.0,3,Others,1,Married,10,0,2.0,296.27,0,6-24 Months (Regular),Near,Active,570.0,0.0,Low Risk (<30%),12+ Months (Loyal)
7.0,28.0,4,Laptop & Accessory,1,Married,2,1,11.0,157.47,0,6-24 Months (Regular),Far,Active,210.0,0.01,Low Risk (<30%),7-12 Months (Moderate)
8.0,8.0,4,Mobile Phone,1,Single,1,1,4.0,149.3,0,6-24 Months (Regular),Near,Active,240.0,0.29,Low Risk (<30%),7-12 Months (Moderate)
16.0,9.0,2,Laptop & Accessory,5,Married,9,0,4.0,187.72,0,6-24 Months (Regular),Near,Active,480.0,0.0,Low Risk (<30%),12+ Months (Loyal)
7.0,28.0,2,Mobile Phone,4,Married,3,0,14.0,145.28,0,6-24 Months (Regular),Far,Active,210.0,0.0,Low Risk (<30%),7-12 Months (Moderate)
0.0,31.0,1,Mobile Phone,2,Single,2,1,1.0,129.94,0,0-6 Months (New),Far,Active,0.0,0.1,Low Risk (<30%),0-3 Months (High Risk)
1.0,16.0,4,Laptop & Accessory,1,Single,3,0,8.0,166.05,0,0-6 Months (New),Moderate,Active,30.0,0.25,Low Risk (<30%),0-3 Months (High Risk)
8.0,31.0,4,Fashion,4,Divorced,4,0,8.0,209.029999999999,0,6-24 Months (Regular),Far,Active,240.0,0.0,Low Risk (<30%),7-12 Months (Moderate)
5.0,9.0,4,Laptop & Accessory,1,Single,6,1,6.0,190.82,0,0-6 Months (New),Near,Active,150.0,0.23,Low Risk (<30%),4-6 Months (Mid-High)
4.0,8.0,3,Mobile Phone,3,Married,2,0,3.0,134.77,0,0-6 Months (New),Near,Active,120.0,0.0,Low Risk (<30%),4-6 Months (Mid-High)
1.0,32.0,4,Mobile Phone,2,Single,3,1,2.0,152.95,1,0-6 Months (New),Far,Active,30.0,0.72,High Risk (>70%),0-3 Months (High Risk)
12.0,25.0,3,Laptop & Accessory,1,Married,9,0,2.0,139.02,0,6-24 Months (Regular),Far,Active,360.0,0.01,Low Risk (<30%),7-12 Months (Moderate)
7.0,11.0,4,Laptop & Accessory,1,Married,2,0,13.0,139.86,0,6-24 Months (Regular),Moderate,Active,210.0,0.0,Low Risk (<30%),7-12 Months (Moderate)
4.0,13.0,3,Laptop & Accessory,1,Married,4,0,7.0,159.15,0,0-6 Months (New),Moderate,Active,120.0,0.01,Low Risk (<30%),4-6 Months (Mid-High)
0.0,25.0,1,Laptop & Accessory,1,Single,9,1,4.0,153.04,1,0-6 Months (New),Far,Active,0.0,0.65,Medium Risk (30-70%),0-3 Months (High Risk)
1.0,8.0,5,Laptop & Accessory,3,Single,3,0,3.0,171.17,0,0-6 Months (New),Near,Active,30.0,0.03,Low Risk (<30%),0-3 Months (High Risk)
1.0,13.0,4,Mobile Phone,2,Divorced,3,1,3.0,151.59,0,0-6 Months (New),Moderate,Active,30.0,0.12,Low Risk (<30%),0-3 Months (High Risk)
1.0,12.0,4,Mobile Phone,4,Single,2,0,3.0,149.22,1,0-6 Months (New),Moderate,Active,30.0,0.6025,Medium Risk (30-70%),0-3 Months (High Risk)
0.0,19.0,3,Laptop & Accessory,3,Single,4,1,2.0,198.54,1,0-6 Months (New),Moderate,Active,0.0,1.0,High Risk (>70%),0-3 Months (High Risk)
13.0,28.0,6,Laptop & Accessory,3,Married,8,0,3.0,182.36,0,6-24 Months (Regular),Far,Active,390.0,0.0,Low Risk (<30%),12+ Months (Loyal)
1.0,9.0,4,Mobile Phone,5,Married,2,0,3.0,155.41,1,0-6 Months (New),Near,Active,30.0,0.77,High Risk (>70%),0-3 Months (High Risk)
28.0,6.0,3,Others,5,Single,1,1,13.0,290.45,0,24+ Months (Loyal),Near,Active,840.0,0.0,Low Risk (<30%),12+ Months (Loyal)
13.0,9.0,4,Mobile Phone,3,Divorced,2,1,2.0,126.83,1,6-24 Months (Regular),Near,Active,390.0,0.93,High Risk (>70%),12+ Months (Loyal)
16.0,21.0,4,Laptop & Accessory,1,Married,4,0,2.0,168.04,0,6-24 Months (Regular),Far,Active,480.0,0.0,Low Risk (<30%),12+ Months (Loyal)
4.0,7.0,4,Mobile Phone,4,Married,3,0,8.0,162.48,0,0-6 Months (New),Near,Active,120.0,0.0,Low Risk (<30%),4-6 Months (Mid-High)
20.0,8.0,4,Mobile Phone,2,Single,2,1,2.0,132.94,0,6-24 Months (Regular),Near,Active,600.0,0.01,Low Risk (<30%),12+ Months (Loyal)
0.0,33.0,3,Fashion,2,Divorced,2,0,9.0,176.39,1,0-6 Months (New),Far,Active,0.0,0.96,High Risk (>70%),0-3 Months (High Risk)
9.0,14.0,4,Mobile Phone,5,Married,1,0,3.0,123.419999999999,0,6-24 Months (Regular),Moderate,Active,270.0,0.0,Low Risk (<30%),7-12 Months (Moderate)
3.0,35.0,3,Laptop & Accessory,5,Married,9,0,3.0,141.15,0,0-6 Months (New),Far,Active,90.0,0.05,Low Risk (<30%),0-3 Months (High Risk)
3.0,30.0,2,Mobile Phone,3,Married,3,0,8.0,152.0,0,0-6 Months (New),Far,Active,90.0,0.0,Low Risk (<30%),0-3 Months (High Risk)
14.0,13.0,4,Grocery,1,Single,3,1,8.0,289.37,0,6-24 Months (Regular),Moderate,Active,420.0,0.01,Low Risk (<30%),12+ Months (Loyal)
19.0,19.0,3,Laptop & Accessory,4,Single,7,0,9.0,155.62,0,6-24 Months (Regular),Moderate,Active,570.0,0.0,Low Risk (<30%),12+ Months (Loyal)
9.0,29.0,3,Laptop & Accessory,4,Married,5,0,2.0,120.419999999999,0,6-24 Months (Regular),Far,Active,270.0,0.06,Low Risk (<30%),7-12 Months (Moderate)
9.0,9.0,3,Mobile Phone,3,Married,2,0,0.0,120.83,0,6-24 Months (Regular),Near,Active,270.0,0.37,Medium Risk (30-70%),7-12 Months (Moderate)
9.0,14.0,3,Mobile Phone,3,Single,5,0,9.0,125.19,0,6-24 Months (Regular),Moderate,Active,270.0,0.0,Low Risk (<30%),7-12 Months (Moderate)
0.0,13.0,4,Fashion,2,Married,10,0,3.0,215.57,0,0-6 Months (New),Moderate,Active,0.0,0.3,Medium Risk (30-70%),0-3 Months (High Risk)
4.0,12.0,2,Laptop & Accessory,2,Married,5,0,7.0,154.6,0,0-6 Months (New),Moderate,Active,120.0,0.0,Low Risk (<30%),4-6 Months (Mid-High)
31.0,7.0,5,Laptop & Accessory,3,Single,9,0,4.0,179.73,0,24+ Months (Loyal),Near,Active,930.0,0.0,Low Risk (<30%),12+ Months (Loyal)
25.0,25.0,3,Mobile Phone,1,Married,1,0,2.0,142.58,0,24+ Months (Loyal),Far,Active,750.0,0.0,Low Risk (<30%),12+ Months (Loyal)
8.0,13.0,3,Fashion,3,Single,4,0,6.0,202.21,0,6-24 Months (Regular),Moderate,Active,240.0,0.17,Low Risk (<30%),7-12 Months (Moderate)
0.0,24.0,1,Mobile Phone,5,Married,1,0,0.0,129.56,1,0-6 Months (New),Far,Active,0.0,0.89,High Risk (>70%),0-3 Months (High Risk)
0.0,15.0,4,Mobile Phone,3,Divorced,1,1,0.0,133.88,1,0-6 Months (New),Moderate,Active,0.0,0.8,High Risk (>70%),0-3 Months (High Risk)
9.0,25.0,4,Laptop & Accessory,5,Married,2,0,5.0,25.0,0,6-24 Months (Regular),Far,Active,270.0,0.08,Low Risk (<30%),7-12 Months (Moderate)
11.0,14.0,4,Fashion,3,Single,6,0,3.0,261.64,0,6-24 Months (Regular),Moderate,Active,330.0,0.03666666666666667,Low Risk (<30%),7-12 Months (Moderate)
9.0,26.0,3,Laptop & Accessory,3,Single,1,0,2.0,122.72,0,6-24 Months (Regular),Far,Active,270.0,0.0,Low Risk (<30%),7-12 Months (Moderate)
1.0,17.0,4,Laptop & Accessory,5,Single,3,0,9.0,167.13,1,0-6 Months (New),Moderate,Active,30.0,0.83,High Risk (>70%),0-3 Months (High Risk)
0.0,14.0,3,Mobile Phone,3,Single,2,1,7.0,123.94,1,0-6 Months (New),Moderate,Active,0.0,0.98,High Risk (>70%),0-3 Months (High Risk)
2.0,8.0,4,Laptop & Accessory,4,Married,3,0,0.0,166.44,0,0-6 Months (New),Near,Active,60.0,0.01,Low Risk (<30%),0-3 Months (High Risk)
5.0,8.0,3,Laptop & Accessory,3,Single,5,1,7.0,149.98,0,0-6 Months (New),Near,Active,150.0,0.03,Low Risk (<30%),4-6 Months (Mid-High)
9.0,6.0,5,Fashion,5,Married,3,1,7.0,202.52,0,6-24 Months (Regular),Near,Active,270.0,0.01,Low Risk (<30%),7-12 Months (Moderate)
2.0,11.0,4,Laptop & Accessory,4,Married,2,1,9.0,141.87,0,0-6 Months (New),Moderate,Active,60.0,0.02,Low Risk (<30%),0-3 Months (High Risk)
14.0,12.0,3,Fashion,2,Single,4,1,0.0,235.91,0,6-24 Months (Regular),Moderate,Active,420.0,0.01,Low Risk (<30%),12+ Months (Loyal)
1.0,14.0,4,Mobile Phone,3,Married,5,1,8.0,158.39,1,0-6 Months (New),Moderate,Active,30.0,1.0,High Risk (>70%),0-3 Months (High Risk)
16.0,35.0,5,Laptop & Accessory,2,Divorced,2,0,5.0,170.23,0,6-24 Months (Regular),Far,Active,480.0,0.04,Low Risk (<30%),12+ Months (Loyal)
11.0,7.0,4,Fashion,1,Single,6,0,3.0,199.91,0,6-24 Months (Regular),Near,Active,330.0,0.01,Low Risk (<30%),7-12 Months (Moderate)
1.0,13.0,2,Mobile Phone,5,Divorced,3,1,1.0,141.01,1,0-6 Months (New),Moderate,Active,30.0,0.89,High Risk (>70%),0-3 Months (High Risk)
12.0,9.0,5,Mobile Phone,4,Married,6,0,6.0,149.68,0,6-24 Months (Regular),Near,Active,360.0,0.01,Low Risk (<30%),7-12 Months (Moderate)
1.0,12.0,4,Mobile Phone,4,Single,3,1,1.0,143.78,1,0-6 Months (New),Moderate,Active,30.0,1.0,High Risk (>70%),0-3 Months (High Risk)
1.0,29.0,4,Mobile Phone,3,Single,3,0,3.0,159.47,0,0-6 Months (New),Far,Active,30.0,0.01,Low Risk (<30%),0-3 Months (High Risk)
26.0,19.0,2,Laptop & Accessory,5,Married,2,0,3.0,144.5,0,24+ Months (Loyal),Moderate,Active,780.0,0.0,Low Risk (<30%),12+ Months (Loyal)
16.0,7.0,5,Laptop & Accessory,1,Married,11,1,3.0,185.62,0,6-24 Months (Regular),Near,Active,480.0,0.0,Low Risk (<30%),12+ Months (Loyal)
0.0,14.0,4,Laptop & Accessory,5,Single,7,0,2.0,153.26,1,0-6 Months (New),Moderate,Active,0.0,0.69,Medium Risk (30-70%),0-3 Months (High Risk)
17.0,14.0,1,Mobile Phone,1,Married,3,1,2.0,128.18,0,6-24 Months (Regular),Moderate,Active,510.0,0.01,Low Risk (<30%),12+ Months (Loyal)
31.0,8.0,6,Fashion,1,Married,5,0,1.0,233.829999999999,0,24+ Months (Loyal),Near,Active,930.0,0.01,Low Risk (<30%),12+ Months (Loyal)
5.0,14.0,4,Laptop & Accessory,2,Married,6,0,8.0,200.47,0,0-6 Months (New),Moderate,Active,150.0,0.09,Low Risk (<30%),4-6 Months (Mid-High)
19.0,9.0,5,Mobile Phone,3,Single,3,0,1.0,147.74,0,6-24 Months (Regular),Near,Active,570.0,0.05,Low Risk (<30%),12+ Months (Loyal)
8.0,9.0,5,Mobile Phone,3,Married,5,0,8.0,152.68,0,6-24 Months (Regular),Near,Active,240.0,0.0,Low Risk (<30%),7-12 Months (Moderate)
31.0,7.0,4,Fashion,1,Married,5,1,5.0,244.04,0,24+ Months (Loyal),Near,Active,930.0,0.0,Low Risk (<30%),12+ Months (Loyal)
9.0,13.0,3,Mobile Phone,5,Single,4,0,2.0,120.62,0,6-24 Months (Regular),Moderate,Active,270.0,0.03,Low Risk (<30%),7-12 Months (Moderate)
6.0,16.0,4,Laptop & Accessory,1,Single,4,0,1.0,146.82,0,0-6 Months (New),Moderate,Active,180.0,0.03,Low Risk (<30%),4-6 Months (Mid-High)
10.0,9.0,4,Mobile Phone,1,Single,5,1,3.0,151.44,0,6-24 Months (Regular),Near,Active,300.0,0.04,Low Risk (<30%),7-12 Months (Moderate)
1.0,15.0,4,Laptop & Accessory,3,Married,2,1,5.0,174.07,0,0-6 Months (New),Moderate,Active,30.0,0.14,Low Risk (<30%),0-3 Months (High Risk)
18.0,8.0,5,Laptop & Accessory,3,Single,1,0,1.0,166.32,0,6-24 Months (Regular),Near,Active,540.0,0.0,Low Risk (<30%),12+ Months (Loyal)
5.0,10.0,4,Fashion,3,Married,11,0,3.0,261.75,0,0-6 Months (New),Near,Active,150.0,0.04,Low Risk (<30%),4-6 Months (Mid-High)
3.0,8.0,4,Laptop & Accessory,2,Single,6,1,0.0,168.77,0,0-6 Months (New),Near,Active,90.0,0.1,Low Risk (<30%),0-3 Months (High Risk)
3.0,13.0,4,Mobile Phone,1,Married,3,0,9.0,156.31,0,0-6 Months (New),Moderate,Active,90.0,0.0,Low Risk (<30%),0-3 Months (High Risk)
27.0,31.0,2,Fashion,1,Married,5,0,3.0,195.05,0,24+ Months (Loyal),Far,Active,810.0,0.0,Low Risk (<30%),12+ Months (Loyal)
13.0,13.0,3,Others,4,Single,2,0,8.0,298.33,0,6-24 Months (Regular),Moderate,Active,390.0,0.03,Low Risk (<30%),12+ Months (Loyal)
9.0,6.0,4,Mobile Phone,3,Divorced,7,0,7.0,122.58,0,6-24 Months (Regular),Near,Active,270.0,0.0,Low Risk (<30%),7-12 Months (Moderate)
8.0,31.0,3,Fashion,3,Married,2,1,1.0,203.88,0,6-24 Months (Regular),Far,Active,240.0,0.0,Low Risk (<30%),7-12 Months (Moderate)
23.0,6.0,4,Mobile Phone,3,Married,3,0,2.0,136.9,0,6-24 Months (Regular),Near,Active,690.0,0.0,Low Risk (<30%),12+ Months (Loyal)
12.0,21.0,4,Laptop & Accessory,4,Married,2,0,3.0,224.24,0,6-24 Months (Regular),Far,Active,360.0,0.0,Low Risk (<30%),7-12 Months (Moderate)
0.0,14.0,4,Mobile Phone,5,Single,1,1,2.0,123.21,1,0-6 Months (New),Moderate,Active,0.0,0.97,High Risk (>70%),0-3 Months (High Risk)
19.0,7.0,2,Others,1,Married,2,0,8.0,317.02,0,6-24 Months (Regular),Near,Active,570.0,0.0,Low Risk (<30%),12+ Months (Loyal)
15.0,14.0,3,Laptop & Accessory,4,Married,1,0,2.0,168.25,0,6-24 Months (Regular),Moderate,Active,450.0,0.0,Low Risk (<30%),12+ Months (Loyal)
15.0,8.0,4,Laptop & Accessory,5,Married,2,0,8.0,166.03,0,6-24 Months (Regular),Near,Active,450.0,0.0,Low Risk (<30%),12+ Months (Loyal)
16.0,33.0,4,Grocery,4,Married,7,0,9.0,260.25,0,6-24 Months (Regular),Far,Active,480.0,0.0,Low Risk (<30%),12+ Months (Loyal)
9.0,8.0,3,Mobile Phone,4,Married,5,0,2.0,121.87,0,6-24 Months (Regular),Near,Active,270.0,0.0,Low Risk (<30%),7-12 Months (Moderate)
14.0,9.0,4,Mobile Phone,5,Married,6,0,3.0,158.77,0,6-24 Months (Regular),Near,Active,420.0,0.0,Low Risk (<30%),12+ Months (Loyal)
1.0,9.0,5,Laptop & Accessory,4,Single,9,1,3.0,224.07,1,0-6 Months (New),Near,Active,30.0,0.99,High Risk (>70%),0-3 Months (High Risk)
0.0,10.0,2,Mobile Phone,5,Divorced,3,0,2.0,128.19,0,0-6 Months (New),Near,Active,0.0,0.1,Low Risk (<30%),0-3 Months (High Risk)
26.0,18.0,4,Laptop & Accessory,3,Divorced,10,0,5.0,156.49,0,24+ Months (Loyal),Moderate,Active,780.0,0.0,Low Risk (<30%),12+ Months (Loyal)
7.0,17.0,4,Laptop & Accessory,4,Married,5,0,8.0,144.9,0,6-24 Months (Regular),Moderate,Active,210.0,0.0,Low Risk (<30%),7-12 Months (Moderate)
3.0,17.0,5,Laptop & Accessory,4,Married,3,1,8.0,207.68,0,0-6 Months (New),Moderate,Active,90.0,0.01,Low Risk (<30%),0-3 Months (High Risk)
7.0,11.0,5,Mobile Phone,4,Divorced,8,0,2.0,151.22,0,6-24 Months (Regular),Moderate,Active,210.0,0.0,Low Risk (<30%),7-12 Months (Moderate)
6.0,16.0,3,Laptop & Accessory,3,Single,2,0,9.0,154.87,0,0-6 Months (New),Moderate,Active,180.0,0.0,Low Risk (<30%),4-6 Months (Mid-High)
5.0,7.0,5,Mobile Phone,5,Divorced,3,0,3.0,147.18,0,0-6 Months (New),Near,Active,150.0,0.0,Low Risk (<30%),4-6 Months (Mid-High)
23.0,6.0,4,Mobile Phone,3,Divorced,3,0,2.0,136.9,0,6-24 Months (Regular),Near,Active,690.0,0.0,Low Risk (<30%),12+ Months (Loyal)
0.0,9.0,4,Fashion,2,Divorced,2,1,7.0,203.25,1,0-6 Months (New),Near,Active,0.0,1.0,High Risk (>70%),0-3 Months (High Risk)
20.0,15.0,5,Laptop & Accessory,5,Married,10,1,8.0,171.15,0,6-24 Months (Regular),Moderate,Active,600.0,0.0,Low Risk (<30%),12+ Months (Loyal)
9.0,23.0,4,Fashion,4,Married,2,0,10.0,205.2,0,6-24 Months (Regular),Far,Active,270.0,0.0,Low Risk (<30%),7-12 Months (Moderate)
27.0,16.0,3,Laptop & Accessory,5,Single,7,1,4.0,144.4,0,24+ Months (Loyal),Moderate,Active,810.0,0.02,Low Risk (<30%),12+ Months (Loyal)
8.0,6.0,3,Fashion,4,Divorced,2,0,6.0,172.95,0,6-24 Months (Regular),Near,Active,240.0,0.02,Low Risk (<30%),7-12 Months (Moderate)
29.0,15.0,5,Grocery,4,Married,3,1,1.0,260.77,0,24+ Months (Loyal),Moderate,Active,870.0,0.05,Low Risk (<30%),12+ Months (Loyal)
2.0,14.0,1,Mobile Phone,3,Married,7,0,0.0,124.509999999999,0,0-6 Months (New),Moderate,Active,60.0,0.01,Low Risk (<30%),0-3 Months (High Risk)
29.0,15.0,3,Grocery,1,Married,8,0,3.0,211.029999999999,0,24+ Months (Loyal),Moderate,Active,870.0,0.0,Low Risk (<30%),12+ Months (Loyal)
22.0,17.0,5,Others,4,Married,6,0,10.0,321.65,0,6-24 Months (Regular),Moderate,Active,660.0,0.0,Low Risk (<30%),12+ Months (Loyal)
11.0,12.0,4,Laptop & Accessory,3,Married,3,0,7.0,153.21,0,6-24 Months (Regular),Moderate,Active,330.0,0.0,Low Risk (<30%),7-12 Months (Moderate)
1.0,14.0,5,Laptop & Accessory,5,Single,10,0,8.0,193.11,0,0-6 Months (New),Moderate,Active,30.0,0.19,Low Risk (<30%),0-3 Months (High Risk)
9.0,27.0,3,Laptop & Accessory,4,Married,5,0,7.0,189.26,1,6-24 Months (Regular),Far,Active,270.0,0.72,High Risk (>70%),7-12 Months (Moderate)
17.0,13.0,5,Grocery,2,Married,6,1,1.0,291.27,0,6-24 Months (Regular),Moderate,Active,510.0,0.11,Low Risk (<30%),12+ Months (Loyal)
11.0,24.0,5,Laptop & Accessory,1,Married,4,1,0.0,158.11,0,6-24 Months (Regular),Far,Active,330.0,0.18,Low Risk (<30%),7-12 Months (Moderate)
15.0,6.0,3,Laptop & Accessory,3,Married,2,0,6.0,149.07,0,6-24 Months (Regular),Near,Active,450.0,0.01,Low Risk (<30%),12+ Months (Loyal)
0.0,14.0,3,Mobile Phone,2,Divorced,2,1,0.0,125.15,1,0-6 Months (New),Moderate,Active,0.0,0.99,High Risk (>70%),0-3 Months (High Risk)
14.0,6.0,1,Fashion,5,Married,2,0,7.0,183.92,0,6-24 Months (Regular),Near,Active,420.0,0.0,Low Risk (<30%),12+ Months (Loyal)
8.0,24.0,1,Laptop & Accessory,5,Married,2,0,10.0,152.08,0,6-24 Months (Regular),Far,Active,240.0,0.0,Low Risk (<30%),7-12 Months (Moderate)
9.0,13.0,3,Mobile Phone,3,Married,1,1,7.0,123.08,0,6-24 Months (Regular),Moderate,Active,270.0,0.12,Low Risk (<30%),7-12 Months (Moderate)
1.0,11.0,4,Mobile Phone,2,Single,3,1,3.0,153.75,0,0-6 Months (New),Moderate,Active,30.0,0.1,Low Risk (<30%),0-3 Months (High Risk)
9.0,6.0,3,Mobile Phone,2,Married,4,0,2.0,122.699999999999,0,6-24 Months (Regular),Near,Active,270.0,0.0,Low Risk (<30%),7-12 Months (Moderate)
6.0,12.0,3,Laptop & Accessory,1,Married,4,0,7.0,177.25,0,0-6 Months (New),Moderate,Active,180.0,0.05,Low Risk (<30%),4-6 Months (Mid-High)
0.0,26.0,5,Laptop & Accessory,3,Married,4,1,2.0,145.59,1,0-6 Months (New),Far,Active,0.0,0.99,High Risk (>70%),0-3 Months (High Risk)
23.0,9.0,4,Others,1,Married,5,0,4.0,316.61,0,6-24 Months (Regular),Near,Active,690.0,0.0,Low Risk (<30%),12+ Months (Loyal)
19.0,8.0,4,Laptop & Accessory,3,Single,6,0,4.0,178.99,0,6-24 Months (Regular),Near,Active,570.0,0.12,Low Risk (<30%),12+ Months (Loyal)
19.0,12.0,6,Laptop & Accessory,5,Single,3,1,5.0,182.69,0,6-24 Months (Regular),Moderate,Active,570.0,0.01,Low Risk (<30%),12+ Months (Loyal)
10.0,7.0,5,Laptop & Accessory,1,Married,2,0,3.0,195.25,0,6-24 Months (Regular),Near,Active,300.0,0.0,Low Risk (<30%),7-12 Months (Moderate)
0.0,8.0,4,Mobile Phone,2,Single,8,0,0.0,127.85,1,0-6 Months (New),Near,Active,0.0,0.9,High Risk (>70%),0-3 Months (High Risk)
2.0,14.0,4,Laptop & Accessory,5,Single,2,0,4.0,173.98,0,0-6 Months (New),Moderate,Active,60.0,0.02,Low Risk (<30%),0-3 Months (High Risk)
2.0,16.0,3,Mobile Phone,4,Married,1,0,1.0,132.91,0,0-6 Months (New),Moderate,Active,60.0,0.0,Low Risk (<30%),0-3 Months (High Risk)
27.0,11.0,3,Others,5,Married,5,0,2.0,294.06,0,24+ Months (Loyal),Moderate,Active,810.0,0.0,Low Risk (<30%),12+ Months (Loyal)
22.0,10.0,4,Others,3,Divorced,3,0,0.0,287.11,0,6-24 Months (Regular),Near,Active,660.0,0.0,Low Risk (<30%),12+ Months (Loyal)
1.0,32.0,4,Laptop & Accessory,5,Divorced,2,0,4.0,147.24,0,0-6 Months (New),Far,Active,30.0,0.01,Low Risk (<30%),0-3 Months (High Risk)
0.0,29.0,3,Fashion,5,Married,10,1,2.0,199.5,1,0-6 Months (New),Far,Active,0.0,1.0,High Risk (>70%),0-3 Months (High Risk)
12.0,36.0,4,Laptop & Accessory,1,Single,3,0,10.0,149.06,0,6-24 Months (Regular),Far,Active,360.0,0.0,Low Risk (<30%),7-12 Months (Moderate)
1.0,7.0,4,Mobile Phone,4,Single,3,1,5.0,157.02,1,0-6 Months (New),Near,Active,30.0,0.84,High Risk (>70%),0-3 Months (High Risk)
1.0,6.0,5,Laptop & Accessory,2,Divorced,1,0,5.0,166.74,0,0-6 Months (New),Near,Active,30.0,0.03,Low Risk (<30%),0-3 Months (High Risk)
17.0,14.0,4,Fashion,5,Divorced,10,0,3.0,224.85,0,6-24 Months (Regular),Moderate,Active,510.0,0.01,Low Risk (<30%),12+ Months (Loyal)
20.0,21.0,4,Mobile Phone,4,Married,11,1,4.0,174.63,1,6-24 Months (Regular),Far,Active,600.0,0.86,High Risk (>70%),12+ Months (Loyal)
9.0,30.0,3,Laptop & Accessory,4,Married,8,0,8.0,156.74,0,6-24 Months (Regular),Far,Active,270.0,0.0,Low Risk (<30%),7-12 Months (Moderate)
8.0,14.0,3,Mobile Phone,2,Divorced,2,0,2.0,125.72,0,6-24 Months (Regular),Moderate,Active,240.0,0.0,Low Risk (<30%),7-12 Months (Moderate)
0.0,8.0,4,Mobile Phone,2,Single,2,0,0.0,111.02,1,0-6 Months (New),Near,Active,0.0,0.91,High Risk (>70%),0-3 Months (High Risk)
0.0,12.0,5,Laptop & Accessory,3,Divorced,5,1,7.0,161.72,1,0-6 Months (New),Moderate,Active,0.0,0.99,High Risk (>70%),0-3 Months (High Risk)
1.0,29.0,4,Laptop & Accessory,3,Married,3,1,8.0,186.79,1,0-6 Months (New),Far,Active,30.0,0.98,High Risk (>70%),0-3 Months (High Risk)
7.0,11.0,5,Mobile Phone,4,Divorced,10,0,3.0,163.38,0,6-24 Months (Regular),Moderate,Active,210.0,0.0,Low Risk (<30%),7-12 Months (Moderate)
5.0,14.0,4,Laptop & Accessory,4,Divorced,2,1,9.0,152.28,0,0-6 Months (New),Moderate,Active,150.0,0.01,Low Risk (<30%),4-6 Months (Mid-High)
0.0,15.0,3,Mobile Phone,1,Single,2,0,0.0,110.81,1,0-6 Months (New),Moderate,Active,0.0,0.68,Medium Risk (30-70%),0-3 Months (High Risk)
10.0,6.0,5,Laptop & Accessory,1,Married,2,0,3.0,195.25,0,6-24 Months (Regular),Near,Active,300.0,0.0,Low Risk (<30%),7-12 Months (Moderate)
22.0,14.0,4,Laptop & Accessory,4,Married,2,0,7.0,151.3,0,6-24 Months (Regular),Moderate,Active,660.0,0.0,Low Risk (<30%),12+ Months (Loyal)
7.0,10.0,3,Fashion,1,Married,3,1,0.0,197.13,0,6-24 Months (Regular),Near,Active,210.0,0.01,Low Risk (<30%),7-12 Months (Moderate)
13.0,14.0,3,Mobile Phone,4,Married,4,0,3.0,123.87,0,6-24 Months (Regular),Moderate,Active,390.0,0.01,Low Risk (<30%),12+ Months (Loyal)
6.0,9.0,4,Mobile Phone,4,Married,3,0,8.0,148.7,0,0-6 Months (New),Near,Active,180.0,0.0,Low Risk (<30%),4-6 Months (Mid-High)
0.0,21.0,3,Mobile Phone,1,Single,2,0,0.0,128.71,0,0-6 Months (New),Far,Active,0.0,0.35,Medium Risk (30-70%),0-3 Months (High Risk)
27.0,14.0,4,Others,3,Married,5,0,8.0,311.06,0,24+ Months (Loyal),Moderate,Active,810.0,0.0,Low Risk (<30%),12+ Months (Loyal)
4.0,18.0,3,Mobile Phone,2,Divorced,9,1,2.0,139.29,0,0-6 Months (New),Moderate,Active,120.0,0.01,Low Risk (<30%),4-6 Months (Mid-High)
6.0,9.0,4,Laptop & Accessory,4,Divorced,2,1,3.0,165.78,0,0-6 Months (New),Near,Active,180.0,0.01,Low Risk (<30%),4-6 Months (Mid-High)
14.0,9.0,4,Laptop & Accessory,4,Married,9,0,4.0,182.15,0,6-24 Months (Regular),Near,Active,420.0,0.0,Low Risk (<30%),12+ Months (Loyal)
0.0,16.0,4,Laptop & Accessory,1,Married,2,1,4.0,157.69,0,0-6 Months (New),Moderate,Active,0.0,0.4,Medium Risk (30-70%),0-3 Months (High Risk)
13.0,6.0,5,Others,2,Divorced,3,0,4.0,317.72,0,6-24 Months (Regular),Near,Active,390.0,0.05,Low Risk (<30%),12+ Months (Loyal)
0.0,15.0,4,Mobile Phone,5,Married,4,0,2.0,144.0,1,0-6 Months (New),Moderate,Active,0.0,0.72,High Risk (>70%),0-3 Months (High Risk)
1.0,18.0,4,Mobile Phone,5,Divorced,2,0,5.0,145.99,0,0-6 Months (New),Moderate,Active,30.0,0.01,Low Risk (<30%),0-3 Months (High Risk)
1.0,35.0,5,Laptop & Accessory,3,Married,4,0,3.0,211.39,0,0-6 Months (New),Far,Active,30.0,0.33,Medium Risk (30-70%),0-3 Months (High Risk)
16.0,30.0,5,Laptop & Accessory,3,Single,3,0,8.0,168.32,0,6-24 Months (Regular),Far,Active,480.0,0.01,Low Risk (<30%),12+ Months (Loyal)
9.0,25.0,4,Fashion,1,Single,4,0,3.0,218.62,0,6-24 Months (Regular),Far,Active,270.0,0.11,Low Risk (<30%),7-12 Months (Moderate)
23.0,6.0,3,Laptop & Accessory,3,Married,1,0,13.0,163.47,0,6-24 Months (Regular),Near,Active,690.0,0.0,Low Risk (<30%),12+ Months (Loyal)
30.0,13.0,3,Others,5,Married,6,0,10.0,295.66,0,24+ Months (Loyal),Moderate,Active,900.0,0.0,Low Risk (<30%),12+ Months (Loyal)
24.0,16.0,4,Others,3,Married,6,1,1.0,318.31,0,6-24 Months (Regular),Moderate,Active,720.0,0.02,Low Risk (<30%),12+ Months (Loyal)
1.0,16.0,4,Mobile Phone,4,Married,8,0,3.0,145.24,0,0-6 Months (New),Moderate,Active,30.0,0.06,Low Risk (<30%),0-3 Months (High Risk)
20.0,25.0,4,Laptop & Accessory,3,Married,4,0,9.0,173.1,0,6-24 Months (Regular),Far,Active,600.0,0.04,Low Risk (<30%),12+ Months (Loyal)
16.0,18.0,4,Grocery,4,Married,2,0,9.0,243.36,0,6-24 Months (Regular),Moderate,Active,480.0,0.0,Low Risk (<30%),12+ Months (Loyal)
10.0,6.0,3,Fashion,1,Single,5,0,2.0,174.91,0,6-24 Months (Regular),Near,Active,300.0,0.01,Low Risk (<30%),7-12 Months (Moderate)
16.0,10.0,4,Fashion,1,Single,4,0,17.0,202.31,0,6-24 Months (Regular),Near,Active,480.0,0.01,Low Risk (<30%),12+ Months (Loyal)
18.0,15.0,3,Fashion,5,Married,5,1,2.0,207.61,0,6-24 Months (Regular),Moderate,Active,540.0,0.09,Low Risk (<30%),12+ Months (Loyal)
6.0,23.0,3,Grocery,3,Single,2,0,0.0,274.44,0,0-6 Months (New),Far,Active,180.0,0.01,Low Risk (<30%),4-6 Months (Mid-High)
8.0,26.0,4,Laptop & Accessory,4,Married,6,0,11.0,169.44,0,6-24 Months (Regular),Far,Active,240.0,0.0,Low Risk (<30%),7-12 Months (Moderate)
10.0,7.0,4,Laptop & Accessory,4,Divorced,2,0,6.0,177.28,0,6-24 Months (Regular),Near,Active,300.0,0.02,Low Risk (<30%),7-12 Months (Moderate)
26.0,7.0,5,Others,3,Married,2,0,10.0,324.99,0,24+ Months (Loyal),Near,Active,780.0,0.01,Low Risk (<30%),12+ Months (Loyal)
27.0,23.0,3,Fashion,3,Divorced,9,0,8.0,207.39,0,24+ Months (Loyal),Far,Active,810.0,0.0,Low Risk (<30%),12+ Months (Loyal)
29.0,21.0,3,Others,4,Single,10,0,16.0,312.22,0,24+ Months (Loyal),Far,Active,870.0,0.0,Low Risk (<30%),12+ Months (Loyal)
3.0,11.0,5,Mobile Phone,5,Married,3,0,1.0,146.09,0,0-6 Months (New),Moderate,Active,90.0,0.18,Low Risk (<30%),0-3 Months (High Risk)
13.0,20.0,4,Others,3,Single,2,0,9.0,296.26,0,6-24 Months (Regular),Moderate,Active,390.0,0.02,Low Risk (<30%),12+ Months (Loyal)
6.0,12.0,2,Mobile Phone,1,Married,5,0,3.0,158.12,0,0-6 Months (New),Moderate,Active,180.0,0.0,Low Risk (<30%),4-6 Months (Mid-High)
2.0,26.0,3,Laptop & Accessory,1,Married,3,0,2.0,169.31,0,0-6 Months (New),Far,Active,60.0,0.0,Low Risk (<30%),0-3 Months (High Risk)
6.0,9.0,3,Laptop & Accessory,2,Single,9,0,8.0,175.55,0,0-6 Months (New),Near,Active,180.0,0.0,Low Risk (<30%),4-6 Months (Mid-High)
9.0,6.0,3,Laptop & Accessory,4,Divorced,1,0,5.0,152.28,0,6-24 Months (Regular),Near,Active,270.0,0.02,Low Risk (<30%),7-12 Months (Moderate)
9.0,10.0,3,Laptop & Accessory,4,Married,8,0,2.0,151.31,0,6-24 Months (Regular),Near,Active,270.0,0.0,Low Risk (<30%),7-12 Months (Moderate)
22.0,11.0,4,Fashion,2,Single,3,0,9.0,203.98,0,6-24 Months (Regular),Moderate,Active,660.0,0.01,Low Risk (<30%),12+ Months (Loyal)
11.0,21.0,4,Fashion,1,Married,1,1,3.0,215.1,0,6-24 Months (Regular),Far,Active,330.0,0.0,Low Risk (<30%),7-12 Months (Moderate)
10.0,10.0,3,Mobile Phone,3,Married,8,1,3.0,129.96,0,6-24 Months (Regular),Near,Active,300.0,0.04,Low Risk (<30%),7-12 Months (Moderate)
9.0,8.0,4,Laptop & Accessory,1,Single,2,0,8.0,138.86,0,6-24 Months (Regular),Near,Active,270.0,0.0,Low Risk (<30%),7-12 Months (Moderate)
1.0,9.0,5,Mobile Phone,2,Single,3,0,1.0,150.64,1,0-6 Months (New),Near,Active,30.0,0.97,High Risk (>70%),0-3 Months (High Risk)
4.0,14.0,4,Mobile Phone,4,Single,1,1,2.0,126.57,0,0-6 Months (New),Moderate,Active,120.0,0.14,Low Risk (<30%),4-6 Months (Mid-High)
1.0,23.0,4,Mobile Phone,4,Married,11,0,3.0,153.11,0,0-6 Months (New),Far,Active,30.0,0.03,Low Risk (<30%),0-3 Months (High Risk)
9.0,7.0,5,Mobile Phone,3,Divorced,8,0,8.0,147.58,0,6-24 Months (Regular),Near,Active,270.0,0.01,Low Risk (<30%),7-12 Months (Moderate)
8.0,11.0,4,Laptop & Accessory,3,Married,11,0,3.0,190.38,0,6-24 Months (Regular),Moderate,Active,240.0,0.0,Low Risk (<30%),7-12 Months (Moderate)
9.0,16.0,4,Laptop & Accessory,3,Single,3,0,9.0,175.98,0,6-24 Months (Regular),Moderate,Active,270.0,0.0,Low Risk (<30%),7-12 Months (Moderate)
24.0,9.0,4,Grocery,3,Divorced,7,0,4.0,301.39,0,6-24 Months (Regular),Near,Active,720.0,0.0,Low Risk (<30%),12+ Months (Loyal)
0.0,14.0,4,Mobile Phone,4,Married,2,0,0.0,125.96,1,0-6 Months (New),Moderate,Active,0.0,1.0,High Risk (>70%),0-3 Months (High Risk)
9.0,35.0,5,Mobile Phone,3,Married,2,0,3.0,149.3,0,6-24 Months (Regular),Far,Active,270.0,0.0,Low Risk (<30%),7-12 Months (Moderate)
7.0,25.0,3,Laptop & Accessory,4,Married,5,0,10.0,144.44,0,6-24 Months (Regular),Far,Active,210.0,0.0,Low Risk (<30%),7-12 Months (Moderate)
1.0,26.0,4,Mobile Phone,1,Married,5,0,3.0,161.69,0,0-6 Months (New),Far,Active,30.0,0.0,Low Risk (<30%),0-3 Months (High Risk)
11.0,15.0,4,Laptop & Accessory,4,Married,4,0,8.0,165.71,0,6-24 Months (Regular),Moderate,Active,330.0,0.0,Low Risk (<30%),7-12 Months (Moderate)
7.0,15.0,4,Laptop & Accessory,3,Married,2,0,3.0,196.04,0,6-24 Months (Regular),Moderate,Active,210.0,0.01,Low Risk (<30%),7-12 Months (Moderate)
5.0,14.0,4,Mobile Phone,4,Divorced,7,0,2.0,123.32,0,0-6 Months (New),Moderate,Active,150.0,0.0,Low Risk (<30%),4-6 Months (Mid-High)
9.0,25.0,4,Laptop & Accessory,3,Divorced,3,0,1.0,171.01,0,6-24 Months (Regular),Far,Active,270.0,0.0,Low Risk (<30%),7-12 Months (Moderate)
3.0,14.0,4,Mobile Phone,5,Single,5,0,3.0,145.62,0,0-6 Months (New),Moderate,Active,90.0,0.0,Low Risk (<30%),0-3 Months (High Risk)
14.0,9.0,5,Mobile Phone,2,Single,2,1,4.0,148.42,0,6-24 Months (Regular),Near,Active,420.0,0.22,Low Risk (<30%),12+ Months (Loyal)
0.0,35.0,4,Mobile Phone,4,Single,1,0,4.0,134.79,1,0-6 Months (New),Far,Active,0.0,0.81,High Risk (>70%),0-3 Months (High Risk)
13.0,31.0,4,Laptop & Accessory,1,Single,9,0,8.0,166.08,0,6-24 Months (Regular),Far,Active,390.0,0.0,Low Risk (<30%),12+ Months (Loyal)
17.0,6.0,3,Laptop & Accessory,3,Divorced,8,0,0.0,147.68,0,6-24 Months (Regular),Near,Active,510.0,0.0,Low Risk (<30%),12+ Months (Loyal)
0.0,29.0,4,Fashion,5,Married,2,0,10.0,173.36,1,0-6 Months (New),Far,Active,0.0,0.93,High Risk (>70%),0-3 Months (High Risk)
19.0,35.0,5,Grocery,4,Single,3,0,7.0,292.04,0,6-24 Months (Regular),Far,Active,570.0,0.0,Low Risk (<30%),12+ Months (Loyal)
18.0,8.0,4,Laptop & Accessory,1,Married,2,0,9.0,157.7,0,6-24 Months (Regular),Near,Active,540.0,0.0,Low Risk (<30%),12+ Months (Loyal)
13.0,18.0,4,Fashion,2,Divorced,3,0,8.0,201.54,1,6-24 Months (Regular),Moderate,Active,390.0,0.93,High Risk (>70%),12+ Months (Loyal)
0.0,11.0,3,Mobile Phone,2,Single,2,0,0.0,110.509999999999,0,0-6 Months (New),Moderate,Active,0.0,0.1,Low Risk (<30%),0-3 Months (High Risk)
13.0,18.0,4,Fashion,1,Married,3,0,8.0,201.54,1,6-24 Months (Regular),Moderate,Active,390.0,0.93,High Risk (>70%),12+ Months (Loyal)
8.0,7.0,2,Laptop & Accessory,2,Married,2,0,3.0,222.25,0,6-24 Months (Regular),Near,Active,240.0,0.0,Low Risk (<30%),7-12 Months (Moderate)
16.0,7.0,4,Laptop & Accessory,3,Married,3,0,7.0,174.07,0,6-24 Months (Regular),Near,Active,480.0,0.04,Low Risk (<30%),12+ Months (Loyal)
7.0,8.0,4,Laptop & Accessory,5,Married,7,0,9.0,159.57,0,6-24 Months (Regular),Near,Active,210.0,0.0,Low Risk (<30%),7-12 Months (Moderate)
0.0,29.0,4,Laptop & Accessory,3,Divorced,4,1,1.0,159.16,1,0-6 Months (New),Far,Active,0.0,1.0,High Risk (>70%),0-3 Months (High Risk)
8.0,8.0,4,Fashion,1,Single,3,0,3.0,223.88,0,6-24 Months (Regular),Near,Active,240.0,0.01,Low Risk (<30%),7-12 Months (Moderate)
2.0,8.0,3,Laptop & Accessory,2,Single,2,0,9.0,145.54,0,0-6 Months (New),Near,Active,60.0,0.0,Low Risk (<30%),0-3 Months (High Risk)
20.0,14.0,4,Mobile Phone,1,Married,10,1,0.0,123.8,1,6-24 Months (Regular),Moderate,Active,600.0,0.81,High Risk (>70%),12+ Months (Loyal)
2.0,24.0,4,Laptop & Accessory,5,Married,3,0,9.0,170.58,0,0-6 Months (New),Far,Active,60.0,0.04,Low Risk (<30%),0-3 Months (High Risk)
0.0,14.0,4,Mobile Phone,3,Married,2,1,7.0,123.66,1,0-6 Months (New),Moderate,Active,0.0,0.96,High Risk (>70%),0-3 Months (High Risk)
8.0,15.0,4,Fashion,3,Married,2,1,15.0,206.85,0,6-24 Months (Regular),Moderate,Active,240.0,0.01,Low Risk (<30%),7-12 Months (Moderate)
4.0,32.0,4,Laptop & Accessory,3,Divorced,9,1,3.0,172.36,0,0-6 Months (New),Far,Active,120.0,0.01,Low Risk (<30%),4-6 Months (Mid-High)
15.0,8.0,4,Mobile Phone,1,Married,5,0,1.0,152.82,0,6-24 Months (Regular),Near,Active,450.0,0.0,Low Risk (<30%),12+ Months (Loyal)
13.0,16.0,4,Laptop & Accessory,4,Single,22,0,4.0,192.82,0,6-24 Months (Regular),Moderate,Active,390.0,0.01,Low Risk (<30%),12+ Months (Loyal)
4.0,13.0,1,Laptop & Accessory,1,Married,5,0,7.0,169.29,0,0-6 Months (New),Moderate,Active,120.0,0.0,Low Risk (<30%),4-6 Months (Mid-High)
1.0,9.0,4,Mobile Phone,4,Married,11,0,3.0,159.68,0,0-6 Months (New),Near,Active,30.0,0.01,Low Risk (<30%),0-3 Months (High Risk)
0.0,17.0,2,Laptop & Accessory,3,Divorced,9,0,2.0,147.07,1,0-6 Months (New),Moderate,Active,0.0,0.79,High Risk (>70%),0-3 Months (High Risk)
3.0,30.0,3,Mobile Phone,3,Married,2,0,0.0,126.93,0,0-6 Months (New),Far,Active,90.0,0.0,Low Risk (<30%),0-3 Months (High Risk)
24.0,9.0,4,Grocery,3,Married,7,0,4.0,301.39,0,6-24 Months (Regular),Near,Active,720.0,0.0,Low Risk (<30%),12+ Months (Loyal)
7.0,8.0,3,Laptop & Accessory,2,Single,2,0,4.0,162.74,0,6-24 Months (Regular),Near,Active,210.0,0.0,Low Risk (<30%),7-12 Months (Moderate)
8.0,7.0,2,Mobile Phone,1,Single,4,0,4.0,157.8,0,6-24 Months (Regular),Near,Active,240.0,0.0,Low Risk (<30%),7-12 Months (Moderate)
7.0,7.0,2,Laptop & Accessory,4,Married,3,1,3.0,179.88,0,6-24 Months (Regular),Near,Active,210.0,0.03,Low Risk (<30%),7-12 Months (Moderate)
0.0,9.0,4,Mobile Phone,1,Married,1,1,0.0,128.53,1,0-6 Months (New),Near,Active,0.0,0.98,High Risk (>70%),0-3 Months (High Risk)
16.0,9.0,4,Mobile Phone,3,Married,2,1,1.0,151.96,0,6-24 Months (Regular),Near,Active,480.0,0.11,Low Risk (<30%),12+ Months (Loyal)
9.0,9.0,3,Laptop & Accessory,4,Single,5,0,7.0,144.85,0,6-24 Months (Regular),Near,Active,270.0,0.0,Low Risk (<30%),7-12 Months (Moderate)
28.0,18.0,4,Grocery,1,Married,5,0,13.0,285.32,0,24+ Months (Loyal),Moderate,Active,840.0,0.0,Low Risk (<30%),12+ Months (Loyal)
0.0,6.0,4,Laptop & Accessory,2,Divorced,7,0,2.0,147.75,0,0-6 Months (New),Near,Active,0.0,0.03,Low Risk (<30%),0-3 Months (High Risk)
1.0,22.0,4,Fashion,3,Married,9,1,8.0,261.1,1,0-6 Months (New),Far,Active,30.0,0.93,High Risk (>70%),0-3 Months (High Risk)
9.0,9.0,3,Mobile Phone,4,Married,2,0,7.0,136.92,0,6-24 Months (Regular),Near,Active,270.0,0.0,Low Risk (<30%),7-12 Months (Moderate)
29.0,27.0,4,Laptop & Accessory,1,Married,5,1,9.0,179.15,0,24+ Months (Loyal),Far,Active,870.0,0.0,Low Risk (<30%),12+ Months (Loyal)
8.0,17.0,4,Laptop & Accessory,3,Married,3,1,8.0,165.01,0,6-24 Months (Regular),Moderate,Active,240.0,0.01,Low Risk (<30%),7-12 Months (Moderate)
2.0,13.0,3,Laptop & Accessory,1,Married,2,1,0.0,166.23,0,0-6 Months (New),Moderate,Active,60.0,0.12,Low Risk (<30%),0-3 Months (High Risk)
29.0,9.0,5,Grocery,5,Single,9,0,3.0,292.56,0,24+ Months (Loyal),Near,Active,870.0,0.0,Low Risk (<30%),12+ Months (Loyal)
7.0,24.0,4,Grocery,3,Single,3,0,1.0,299.44,0,6-24 Months (Regular),Far,Active,210.0,0.01,Low Risk (<30%),7-12 Months (Moderate)
20.0,10.0,4,Grocery,3,Divorced,5,0,10.0,299.65,0,6-24 Months (Regular),Near,Active,600.0,0.0,Low Risk (<30%),12+ Months (Loyal)
6.0,36.0,4,Mobile Phone,3,Single,11,0,8.0,165.25,0,0-6 Months (New),Far,Active,180.0,0.0,Low Risk (<30%),4-6 Months (Mid-High)
27.0,8.0,4,Fashion,3,Divorced,7,0,0.0,206.86,0,24+ Months (Loyal),Near,Active,810.0,0.0,Low Risk (<30%),12+ Months (Loyal)
3.0,7.0,4,Laptop & Accessory,5,Married,2,0,3.0,178.73,0,0-6 Months (New),Near,Active,90.0,0.0,Low Risk (<30%),0-3 Months (High Risk)
31.0,14.0,2,Laptop & Accessory,2,Married,2,1,10.0,177.2,0,24+ Months (Loyal),Moderate,Active,930.0,0.0,Low Risk (<30%),12+ Months (Loyal)
9.0,12.0,1,Mobile Phone,5,Married,2,1,0.0,116.009999999999,1,6-24 Months (Regular),Moderate,Active,270.0,0.97,High Risk (>70%),7-12 Months (Moderate)
30.0,9.0,4,Laptop & Accessory,2,Single,6,0,5.0,151.71,0,24+ Months (Loyal),Near,Active,900.0,0.0,Low Risk (<30%),12+ Months (Loyal)
9.0,9.0,3,Mobile Phone,4,Single,5,0,2.0,120.88,0,6-24 Months (Regular),Near,Active,270.0,0.01,Low Risk (<30%),7-12 Months (Moderate)
1.0,23.0,4,Laptop & Accessory,5,Single,7,0,3.0,178.24,1,0-6 Months (New),Far,Active,30.0,0.71,High Risk (>70%),0-3 Months (High Risk)
15.0,21.0,4,Mobile Phone,3,Married,6,0,9.0,149.51,0,6-24 Months (Regular),Far,Active,450.0,0.04,Low Risk (<30%),12+ Months (Loyal)
18.0,36.0,4,Laptop & Accessory,1,Single,3,0,18.0,170.41,0,6-24 Months (Regular),Far,Active,540.0,0.0,Low Risk (<30%),12+ Months (Loyal)
15.0,14.0,3,Others,1,Married,2,0,9.0,284.3,0,6-24 Months (Regular),Moderate,Active,450.0,0.0,Low Risk (<30%),12+ Months (Loyal)
4.0,32.0,4,Laptop & Accessory,3,Married,9,1,3.0,172.36,0,0-6 Months (New),Far,Active,120.0,0.01,Low Risk (<30%),4-6 Months (Mid-High)
2.0,12.0,4,Mobile Phone,4,Married,2,0,0.0,128.04,0,0-6 Months (New),Moderate,Active,60.0,0.01,Low Risk (<30%),0-3 Months (High Risk)
0.0,15.0,3,Mobile Phone,5,Single,8,0,4.0,142.0,1,0-6 Months (New),Moderate,Active,0.0,0.69,Medium Risk (30-70%),0-3 Months (High Risk)
9.0,10.0,5,Mobile Phone,3,Married,3,0,1.0,137.81,0,6-24 Months (Regular),Near,Active,270.0,0.04,Low Risk (<30%),7-12 Months (Moderate)
1.0,21.0,4,Mobile Phone,5,Married,3,1,9.0,147.35,0,0-6 Months (New),Far,Active,30.0,0.15,Low Risk (<30%),0-3 Months (High Risk)
6.0,16.0,6,Laptop & Accessory,1,Married,2,0,8.0,171.68,0,0-6 Months (New),Moderate,Active,180.0,0.0,Low Risk (<30%),4-6 Months (Mid-High)
1.0,31.0,6,Mobile Phone,2,Single,3,1,1.0,136.18,1,0-6 Months (New),Far,Active,30.0,1.0,High Risk (>70%),0-3 Months (High Risk)
20.0,8.0,3,Laptop & Accessory,1,Married,6,0,4.0,150.7,0,6-24 Months (Regular),Near,Active,600.0,0.02,Low Risk (<30%),12+ Months (Loyal)
31.0,13.0,4,Mobile Phone,3,Married,10,0,3.0,147.67,0,24+ Months (Loyal),Moderate,Active,930.0,0.0,Low Risk (<30%),12+ Months (Loyal)
1.0,21.0,4,Mobile Phone,1,Married,7,1,5.0,149.36,1,0-6 Months (New),Far,Active,30.0,0.93,High Risk (>70%),0-3 Months (High Risk)
1.0,7.0,4,Laptop & Accessory,3,Divorced,2,0,3.0,173.98,0,0-6 Months (New),Near,Active,30.0,0.08,Low Risk (<30%),0-3 Months (High Risk)
10.0,31.0,3,Laptop & Accessory,3,Married,4,1,7.0,144.49,0,6-24 Months (Regular),Far,Active,300.0,0.0,Low Risk (<30%),7-12 Months (Moderate)
3.0,10.0,5,Fashion,3,Divorced,3,0,8.0,244.35,0,0-6 Months (New),Near,Active,90.0,0.02,Low Risk (<30%),0-3 Months (High Risk)
4.0,11.0,3,Mobile Phone,4,Married,2,0,2.0,127.889999999999,0,0-6 Months (New),Moderate,Active,120.0,0.0,Low Risk (<30%),4-6 Months (Mid-High)
4.0,7.0,4,Mobile Phone,4,Divorced,2,1,8.0,160.79,0,0-6 Months (New),Near,Active,120.0,0.01,Low Risk (<30%),4-6 Months (Mid-High)
5.0,9.0,6,Mobile Phone,1,Married,3,1,1.0,136.29,0,0-6 Months (New),Near,Active,150.0,0.22,Low Risk (<30%),4-6 Months (Mid-High)
6.0,17.0,4,Fashion,1,Single,4,0,1.0,237.44,0,0-6 Months (New),Moderate,Active,180.0,0.0,Low Risk (<30%),4-6 Months (Mid-High)
0.0,14.0,3,Mobile Phone,1,Single,3,0,2.0,125.8,0,0-6 Months (New),Moderate,Active,0.0,0.17495238095238097,Low Risk (<30%),0-3 Months (High Risk)
28.0,8.0,4,Mobile Phone,1,Married,9,0,4.0,126.62,0,24+ Months (Loyal),Near,Active,840.0,0.01,Low Risk (<30%),12+ Months (Loyal)
22.0,8.0,3,Others,1,Married,4,0,3.0,291.61,0,6-24 Months (Regular),Near,Active,660.0,0.0,Low Risk (<30%),12+ Months (Loyal)
5.0,16.0,5,Mobile Phone,4,Single,2,1,3.0,151.57,0,0-6 Months (New),Moderate,Active,150.0,0.1,Low Risk (<30%),4-6 Months (Mid-High)
19.0,6.0,1,Grocery,5,Single,2,0,12.0,275.67,0,6-24 Months (Regular),Near,Active,570.0,0.0,Low Risk (<30%),12+ Months (Loyal)
7.0,21.0,3,Grocery,5,Married,8,0,9.0,270.07,0,6-24 Months (Regular),Far,Active,210.0,0.03,Low Risk (<30%),7-12 Months (Moderate)
2.0,8.0,3,Laptop & Accessory,1,Single,2,0,9.0,145.54,0,0-6 Months (New),Near,Active,60.0,0.0,Low Risk (<30%),0-3 Months (High Risk)
28.0,32.0,4,Others,1,Married,2,0,13.0,295.86,0,24+ Months (Loyal),Far,Active,840.0,0.0,Low Risk (<30%),12+ Months (Loyal)
1.0,22.0,6,Laptop & Accessory,1,Married,8,1,3.0,179.4,1,0-6 Months (New),Far,Active,30.0,0.96,High Risk (>70%),0-3 Months (High Risk)
17.0,17.0,4,Mobile Phone,2,Single,2,0,8.0,149.55,0,6-24 Months (Regular),Moderate,Active,510.0,0.0,Low Risk (<30%),12+ Months (Loyal)
16.0,12.0,4,Others,3,Married,8,0,14.0,293.92,0,6-24 Months (Regular),Moderate,Active,480.0,0.0,Low Risk (<30%),12+ Months (Loyal)
7.0,19.0,3,Fashion,3,Married,2,0,1.0,186.28,0,6-24 Months (Regular),Moderate,Active,210.0,0.0,Low Risk (<30%),7-12 Months (Moderate)
8.0,15.0,2,Laptop & Accessory,3,Married,4,0,3.0,169.04,0,6-24 Months (Regular),Moderate,Active,240.0,0.0,Low Risk (<30%),7-12 Months (Moderate)
0.0,7.0,3,Mobile Phone,1,Married,5,0,2.0,132.29,0,0-6 Months (New),Near,Active,0.0,0.02,Low Risk (<30%),0-3 Months (High Risk)
9.0,6.0,5,Mobile Phone,4,Single,8,1,7.0,122.16,1,6-24 Months (Regular),Near,Active,270.0,0.78,High Risk (>70%),7-12 Months (Moderate)
15.0,23.0,2,Laptop & Accessory,5,Single,4,1,2.0,165.45,0,6-24 Months (Regular),Far,Active,450.0,0.02,Low Risk (<30%),12+ Months (Loyal)
7.0,9.0,3,Laptop & Accessory,4,Married,2,0,9.0,154.33,0,6-24 Months (Regular),Near,Active,210.0,0.0,Low Risk (<30%),7-12 Months (Moderate)
16.0,13.0,4,Fashion,5,Married,11,0,8.0,258.48,0,6-24 Months (Regular),Moderate,Active,480.0,0.0,Low Risk (<30%),12+ Months (Loyal)
16.0,22.0,3,Grocery,2,Divorced,6,1,9.0,260.64,0,6-24 Months (Regular),Far,Active,480.0,0.02,Low Risk (<30%),12+ Months (Loyal)
0.0,35.0,3,Mobile Phone,5,Married,2,0,2.0,139.07,0,0-6 Months (New),Far,Active,0.0,0.19,Low Risk (<30%),0-3 Months (High Risk)
2.0,36.0,4,Laptop & Accessory,5,Divorced,9,1,1.0,191.73,1,0-6 Months (New),Far,Active,60.0,0.92,High Risk (>70%),0-3 Months (High Risk)
8.0,14.0,3,Mobile Phone,1,Married,2,0,2.0,125.72,0,6-24 Months (Regular),Moderate,Active,240.0,0.0,Low Risk (<30%),7-12 Months (Moderate)
1.0,7.0,4,Mobile Phone,2,Single,3,0,1.0,141.11,0,0-6 Months (New),Near,Active,30.0,0.03,Low Risk (<30%),0-3 Months (High Risk)
1.0,18.0,4,Mobile Phone,4,Married,3,0,3.0,147.44,0,0-6 Months (New),Moderate,Active,30.0,0.0,Low Risk (<30%),0-3 Months (High Risk)
6.0,10.0,4,Laptop & Accessory,5,Divorced,3,0,4.0,192.25,0,0-6 Months (New),Near,Active,180.0,0.01,Low Risk (<30%),4-6 Months (Mid-High)
11.0,36.0,4,Fashion,4,Married,3,1,10.0,243.49,1,6-24 Months (Regular),Far,Active,330.0,0.91,High Risk (>70%),7-12 Months (Moderate)
19.0,14.0,3,Mobile Phone,1,Single,2,0,0.0,125.87,1,6-24 Months (Regular),Moderate,Active,570.0,0.67,Medium Risk (30-70%),12+ Months (Loyal)
6.0,8.0,4,Fashion,1,Married,3,0,3.0,229.22,0,0-6 Months (New),Near,Active,180.0,0.04,Low Risk (<30%),4-6 Months (Mid-High)
19.0,30.0,4,Laptop & Accessory,5,Divorced,3,1,9.0,161.33,0,6-24 Months (Regular),Far,Active,570.0,0.01,Low Risk (<30%),12+ Months (Loyal)
31.0,31.0,3,Fashion,2,Married,5,1,3.0,219.39,0,24+ Months (Loyal),Far,Active,930.0,0.01,Low Risk (<30%),12+ Months (Loyal)
5.0,15.0,3,Laptop & Accessory,1,Married,2,1,5.0,163.22,0,0-6 Months (New),Moderate,Active,150.0,0.02,Low Risk (<30%),4-6 Months (Mid-High)
1.0,12.0,2,Mobile Phone,3,Single,5,1,4.0,149.32,1,0-6 Months (New),Moderate,Active,30.0,0.68,Medium Risk (30-70%),0-3 Months (High Risk)
8.0,17.0,2,Laptop & Accessory,1,Married,3,0,3.0,172.24,0,6-24 Months (Regular),Moderate,Active,240.0,0.0,Low Risk (<30%),7-12 Months (Moderate)
8.0,9.0,4,Laptop & Accessory,1,Single,3,0,5.0,187.74,0,6-24 Months (Regular),Near,Active,240.0,0.0,Low Risk (<30%),7-12 Months (Moderate)
27.0,10.0,4,Grocery,3,Divorced,5,1,4.0,300.84,0,24+ Months (Loyal),Near,Active,810.0,0.03,Low Risk (<30%),12+ Months (Loyal)
21.0,9.0,5,Mobile Phone,2,Single,3,1,3.0,157.94,0,6-24 Months (Regular),Near,Active,630.0,0.03,Low Risk (<30%),12+ Months (Loyal)
4.0,14.0,4,Laptop & Accessory,5,Married,9,0,3.0,172.79,0,0-6 Months (New),Moderate,Active,120.0,0.01,Low Risk (<30%),4-6 Months (Mid-High)
28.0,8.0,3,Fashion,4,Married,4,0,3.0,209.76,0,24+ Months (Loyal),Near,Active,840.0,0.0,Low Risk (<30%),12+ Months (Loyal)
5.0,18.0,4,Mobile Phone,2,Divorced,5,1,3.0,148.56,0,0-6 Months (New),Moderate,Active,150.0,0.07,Low Risk (<30%),4-6 Months (Mid-High)
10.0,11.0,3,Laptop & Accessory,1,Married,8,0,4.0,163.47,0,6-24 Months (Regular),Moderate,Active,300.0,0.0,Low Risk (<30%),7-12 Months (Moderate)
0.0,22.0,3,Laptop & Accessory,5,Single,6,0,2.0,153.24,1,0-6 Months (New),Far,Active,0.0,0.62,Medium Risk (30-70%),0-3 Months (High Risk)
16.0,17.0,4,Mobile Phone,3,Married,5,0,4.0,154.36,0,6-24 Months (Regular),Moderate,Active,480.0,0.0,Low Risk (<30%),12+ Months (Loyal)
4.0,9.0,4,Mobile Phone,1,Single,2,0,8.0,150.64,0,0-6 Months (New),Near,Active,120.0,0.0,Low Risk (<30%),4-6 Months (Mid-High)
5.0,21.0,3,Laptop & Accessory,1,Married,6,0,2.0,166.67,0,0-6 Months (New),Far,Active,150.0,0.0,Low Risk (<30%),4-6 Months (Mid-High)
1.0,19.0,4,Laptop & Accessory,1,Single,5,1,8.0,170.81,1,0-6 Months (New),Moderate,Active,30.0,0.84,High Risk (>70%),0-3 Months (High Risk)
8.0,7.0,4,Mobile Phone,5,Married,7,0,4.0,154.96,0,6-24 Months (Regular),Near,Active,240.0,0.0,Low Risk (<30%),7-12 Months (Moderate)
1.0,17.0,4,Laptop & Accessory,2,Single,2,0,2.0,174.5,0,0-6 Months (New),Moderate,Active,30.0,0.08,Low Risk (<30%),0-3 Months (High Risk)
10.0,15.0,5,Fashion,5,Single,3,0,10.0,200.87,0,6-24 Months (Regular),Moderate,Active,300.0,0.02,Low Risk (<30%),7-12 Months (Moderate)
1.0,19.0,3,Mobile Phone,4,Single,3,0,1.0,152.16,1,0-6 Months (New),Moderate,Active,30.0,0.87,High Risk (>70%),0-3 Months (High Risk)
14.0,10.0,5,Mobile Phone,3,Married,3,1,3.0,151.83,1,6-24 Months (Regular),Near,Active,420.0,0.63,Medium Risk (30-70%),12+ Months (Loyal)
1.0,9.0,4,Mobile Phone,3,Single,8,0,2.0,168.82,1,0-6 Months (New),Near,Active,30.0,0.69,Medium Risk (30-70%),0-3 Months (High Risk)
1.0,12.0,5,Mobile Phone,3,Single,2,0,1.0,154.66,0,0-6 Months (New),Moderate,Active,30.0,0.24,Low Risk (<30%),0-3 Months (High Risk)
9.0,16.0,4,Mobile Phone,4,Single,2,1,0.0,118.59,1,6-24 Months (Regular),Moderate,Active,270.0,0.99,High Risk (>70%),7-12 Months (Moderate)
9.0,14.0,1,Mobile Phone,1,Married,2,0,1.0,122.69,0,6-24 Months (Regular),Moderate,Active,270.0,0.02,Low Risk (<30%),7-12 Months (Moderate)
12.0,9.0,4,Laptop & Accessory,3,Married,1,0,7.0,130.69,0,6-24 Months (Regular),Near,Active,360.0,0.03,Low Risk (<30%),7-12 Months (Moderate)
7.0,8.0,3,Laptop & Accessory,1,Single,2,0,11.0,166.87,0,6-24 Months (Regular),Near,Active,210.0,0.0,Low Risk (<30%),7-12 Months (Moderate)
6.0,9.0,3,Mobile Phone,3,Married,2,1,0.0,129.09,0,0-6 Months (New),Near,Active,180.0,0.31,Medium Risk (30-70%),4-6 Months (Mid-High)
9.0,8.0,6,Mobile Phone,1,Married,3,0,2.0,154.77,0,6-24 Months (Regular),Near,Active,270.0,0.0,Low Risk (<30%),7-12 Months (Moderate)
21.0,7.0,4,Others,1,Single,7,0,0.0,282.65,0,6-24 Months (Regular),Near,Active,630.0,0.0,Low Risk (<30%),12+ Months (Loyal)
9.0,9.0,4,Mobile Phone,1,Single,1,0,1.0,120.449999999999,0,6-24 Months (Regular),Near,Active,270.0,0.06,Low Risk (<30%),7-12 Months (Moderate)
10.0,9.0,4,Laptop & Accessory,4,Single,11,1,13.0,179.1,0,6-24 Months (Regular),Near,Active,300.0,0.0,Low Risk (<30%),7-12 Months (Moderate)
8.0,15.0,4,Laptop & Accessory,3,Single,5,0,4.0,186.42,0,6-24 Months (Regular),Moderate,Active,240.0,0.0,Low Risk (<30%),7-12 Months (Moderate)
3.0,11.0,3,Fashion,1,Married,3,0,4.0,194.19,0,0-6 Months (New),Moderate,Active,90.0,0.03,Low Risk (<30%),0-3 Months (High Risk)
10.0,16.0,3,Mobile Phone,5,Married,7,0,3.0,134.52,0,6-24 Months (Regular),Moderate,Active,300.0,0.0,Low Risk (<30%),7-12 Months (Moderate)
1.0,9.0,5,Mobile Phone,3,Single,8,1,1.0,145.9,1,0-6 Months (New),Near,Active,30.0,0.97,High Risk (>70%),0-3 Months (High Risk)
0.0,13.0,3,Mobile Phone,3,Divorced,2,1,2.0,128.86,1,0-6 Months (New),Moderate,Active,0.0,0.64,Medium Risk (30-70%),0-3 Months (High Risk)
25.0,21.0,4,Laptop & Accessory,2,Divorced,6,0,8.0,174.36,0,24+ Months (Loyal),Far,Active,750.0,0.0,Low Risk (<30%),12+ Months (Loyal)
14.0,9.0,2,Laptop & Accessory,3,Married,7,0,9.0,188.77,0,6-24 Months (Regular),Near,Active,420.0,0.0,Low Risk (<30%),12+ Months (Loyal)
1.0,25.0,4,Mobile Phone,5,Married,2,0,3.0,131.96,0,0-6 Months (New),Far,Active,30.0,0.01,Low Risk (<30%),0-3 Months (High Risk)
1.0,16.0,4,Mobile Phone,1,Single,3,0,3.0,151.1,0,0-6 Months (New),Moderate,Active,30.0,0.5080357142857143,Medium Risk (30-70%),0-3 Months (High Risk)
11.0,8.0,3,Laptop & Accessory,3,Married,10,0,0.0,165.53,0,6-24 Months (Regular),Near,Active,330.0,0.0,Low Risk (<30%),7-12 Months (Moderate)
10.0,17.0,3,Mobile Phone,3,Single,5,0,2.0,136.29,0,6-24 Months (Regular),Moderate,Active,300.0,0.0,Low Risk (<30%),7-12 Months (Moderate)
9.0,11.0,4,Mobile Phone,5,Married,7,0,0.0,121.07,1,6-24 Months (Regular),Moderate,Active,270.0,0.68,Medium Risk (30-70%),7-12 Months (Moderate)
9.0,7.0,3,Mobile Phone,4,Single,2,1,2.0,123.02,1,6-24 Months (Regular),Near,Active,270.0,0.93,High Risk (>70%),7-12 Months (Moderate)
3.0,15.0,6,Laptop & Accessory,5,Married,5,0,3.0,222.15,0,0-6 Months (New),Moderate,Active,90.0,0.02,Low Risk (<30%),0-3 Months (High Risk)
4.0,12.0,5,Laptop & Accessory,3,Married,3,0,3.0,186.18,0,0-6 Months (New),Moderate,Active,120.0,0.0,Low Risk (<30%),4-6 Months (Mid-High)
30.0,6.0,3,Others,5,Divorced,4,1,5.0,297.01,0,24+ Months (Loyal),Near,Active,900.0,0.02,Low Risk (<30%),12+ Months (Loyal)
1.0,17.0,4,Mobile Phone,3,Single,3,1,2.0,135.09,1,0-6 Months (New),Moderate,Active,30.0,0.78,High Risk (>70%),0-3 Months (High Risk)
9.0,9.0,3,Mobile Phone,2,Divorced,2,0,0.0,117.06,0,6-24 Months (Regular),Near,Active,270.0,0.11,Low Risk (<30%),7-12 Months (Moderate)
10.0,34.0,4,Laptop & Accessory,3,Married,8,0,8.0,177.37,0,6-24 Months (Regular),Far,Active,300.0,0.0,Low Risk (<30%),7-12 Months (Moderate)
1.0,8.0,6,Mobile Phone,3,Single,3,0,1.0,138.59,1,0-6 Months (New),Near,Active,30.0,1.0,High Risk (>70%),0-3 Months (High Risk)
5.0,19.0,4,Others,3,Married,3,0,9.0,320.45,1,0-6 Months (New),Moderate,Active,150.0,0.87,High Risk (>70%),4-6 Months (Mid-High)
10.0,6.0,3,Fashion,2,Single,5,0,2.0,174.91,0,6-24 Months (Regular),Near,Active,300.0,0.01,Low Risk (<30%),7-12 Months (Moderate)
15.0,11.0,3,Fashion,4,Single,10,1,7.0,184.46,1,6-24 Months (Regular),Moderate,Active,450.0,0.68,Medium Risk (30-70%),12+ Months (Loyal)
6.0,11.0,4,Fashion,2,Married,5,0,2.0,171.19,0,0-6 Months (New),Moderate,Active,180.0,0.0,Low Risk (<30%),4-6 Months (Mid-High)
1.0,9.0,4,Mobile Phone,1,Married,8,1,3.0,162.22,1,0-6 Months (New),Near,Active,30.0,0.81,High Risk (>70%),0-3 Months (High Risk)
28.0,24.0,3,Laptop & Accessory,4,Married,4,1,7.0,163.85,0,24+ Months (Loyal),Far,Active,840.0,0.0,Low Risk (<30%),12+ Months (Loyal)
7.0,13.0,3,Mobile Phone,1,Single,2,0,0.0,129.72,0,6-24 Months (Regular),Moderate,Active,210.0,0.03,Low Risk (<30%),7-12 Months (Moderate)
18.0,8.0,3,Laptop & Accessory,4,Divorced,1,0,7.0,148.05,0,6-24 Months (Regular),Near,Active,540.0,0.0,Low Risk (<30%),12+ Months (Loyal)
19.0,30.0,4,Laptop & Accessory,5,Married,3,1,9.0,161.33,0,6-24 Months (Regular),Far,Active,570.0,0.01,Low Risk (<30%),12+ Months (Loyal)
1.0,30.0,5,Laptop & Accessory,1,Married,9,1,1.0,166.57,0,0-6 Months (New),Far,Active,30.0,0.23,Low Risk (<30%),0-3 Months (High Risk)
19.0,8.0,3,Others,1,Married,8,1,2.0,293.28,0,6-24 Months (Regular),Near,Active,570.0,0.1,Low Risk (<30%),12+ Months (Loyal)
15.0,26.0,4,Laptop & Accessory,5,Married,4,0,1.0,155.72,0,6-24 Months (Regular),Far,Active,450.0,0.0,Low Risk (<30%),12+ Months (Loyal)
30.0,30.0,4,Grocery,4,Divorced,6,1,10.0,259.02,0,24+ Months (Loyal),Far,Active,900.0,0.0,Low Risk (<30%),12+ Months (Loyal)
22.0,13.0,4,Fashion,3,Single,9,0,0.0,145.0,0,6-24 Months (Regular),Moderate,Active,660.0,0.0,Low Risk (<30%),12+ Months (Loyal)
1.0,9.0,4,Mobile Phone,5,Married,5,0,1.0,148.22,0,0-6 Months (New),Near,Active,30.0,0.04,Low Risk (<30%),0-3 Months (High Risk)
3.0,12.0,4,Laptop & Accessory,2,Divorced,5,0,1.0,145.86,1,0-6 Months (New),Moderate,Active,90.0,0.92,High Risk (>70%),0-3 Months (High Risk)
5.0,15.0,4,Fashion,2,Married,3,0,10.0,232.93,0,0-6 Months (New),Moderate,Active,150.0,0.0,Low Risk (<30%),4-6 Months (Mid-High)
1.0,10.0,5,Mobile Phone,3,Single,3,0,3.0,155.33,0,0-6 Months (New),Near,Active,30.0,0.08,Low Risk (<30%),0-3 Months (High Risk)
11.0,18.0,4,Fashion,1,Married,3,1,8.0,246.85,0,6-24 Months (Regular),Moderate,Active,330.0,0.01,Low Risk (<30%),7-12 Months (Moderate)
13.0,14.0,3,Mobile Phone,3,Married,3,0,2.0,123.449999999999,0,6-24 Months (Regular),Moderate,Active,390.0,0.04,Low Risk (<30%),12+ Months (Loyal)
23.0,7.0,4,Grocery,3,Single,6,0,1.0,278.79,0,6-24 Months (Regular),Near,Active,690.0,0.0,Low Risk (<30%),12+ Months (Loyal)
9.0,7.0,3,Mobile Phone,1,Married,2,0,3.0,120.44,0,6-24 Months (Regular),Near,Active,270.0,0.06,Low Risk (<30%),7-12 Months (Moderate)
1.0,29.0,4,Mobile Phone,3,Single,3,1,1.0,141.75,1,0-6 Months (New),Far,Active,30.0,1.0,High Risk (>70%),0-3 Months (High Risk)
1.0,11.0,4,Mobile Phone,3,Single,3,0,1.0,148.18,0,0-6 Months (New),Moderate,Active,30.0,0.03,Low Risk (<30%),0-3 Months (High Risk)
9.0,9.0,4,Fashion,1,Married,1,0,4.0,176.44,0,6-24 Months (Regular),Near,Active,270.0,0.04,Low Risk (<30%),7-12 Months (Moderate)
4.0,8.0,3,Laptop & Accessory,5,Single,8,0,3.0,153.32,0,0-6 Months (New),Near,Active,120.0,0.0,Low Risk (<30%),4-6 Months (Mid-High)
1.0,11.0,3,Laptop & Accessory,5,Single,1,0,3.0,184.63,0,0-6 Months (New),Moderate,Active,30.0,0.07,Low Risk (<30%),0-3 Months (High Risk)
10.0,7.0,4,Laptop & Accessory,4,Married,2,0,6.0,177.28,0,6-24 Months (Regular),Near,Active,300.0,0.02,Low Risk (<30%),7-12 Months (Moderate)
1.0,17.0,4,Fashion,5,Married,3,0,3.0,212.93,0,0-6 Months (New),Moderate,Active,30.0,0.16,Low Risk (<30%),0-3 Months (High Risk)
11.0,6.0,4,Laptop & Accessory,2,Single,5,0,1.0,186.86,0,6-24 Months (Regular),Near,Active,330.0,0.0,Low Risk (<30%),7-12 Months (Moderate)
3.0,14.0,4,Laptop & Accessory,1,Married,3,1,1.0,191.23,0,0-6 Months (New),Moderate,Active,90.0,0.14,Low Risk (<30%),0-3 Months (High Risk)
4.0,36.0,4,Laptop & Accessory,5,Married,10,0,4.0,166.15,0,0-6 Months (New),Far,Active,120.0,0.0,Low Risk (<30%),4-6 Months (Mid-High)
14.0,13.0,1,Mobile Phone,3,Married,2,0,8.0,133.76,0,6-24 Months (Regular),Moderate,Active,420.0,0.0,Low Risk (<30%),12+ Months (Loyal)
1.0,21.0,4,Mobile Phone,3,Single,3,0,1.0,140.14,0,0-6 Months (New),Far,Active,30.0,0.29,Low Risk (<30%),0-3 Months (High Risk)
9.0,27.0,3,Mobile Phone,2,Divorced,8,0,2.0,122.58,0,6-24 Months (Regular),Far,Active,270.0,0.0,Low Risk (<30%),7-12 Months (Moderate)
2.0,6.0,3,Laptop & Accessory,3,Married,2,0,9.0,143.19,0,0-6 Months (New),Near,Active,60.0,0.0,Low Risk (<30%),0-3 Months (High Risk)
1.0,28.0,5,Mobile Phone,5,Married,2,0,1.0,147.96,0,0-6 Months (New),Far,Active,30.0,0.18,Low Risk (<30%),0-3 Months (High Risk)
9.0,31.0,3,Mobile Phone,4,Married,2,1,8.0,120.22,1,6-24 Months (Regular),Far,Active,270.0,0.85,High Risk (>70%),7-12 Months (Moderate)
5.0,10.0,4,Laptop & Accessory,3,Divorced,2,0,8.0,161.62,0,0-6 Months (New),Near,Active,150.0,0.0,Low Risk (<30%),4-6 Months (Mid-High)
2.0,14.0,4,Mobile Phone,2,Married,7,0,3.0,125.32,0,0-6 Months (New),Moderate,Active,60.0,0.0,Low Risk (<30%),0-3 Months (High Risk)
1.0,9.0,4,Laptop & Accessory,1,Married,2,0,3.0,167.27,0,0-6 Months (New),Near,Active,30.0,0.39,Medium Risk (30-70%),0-3 Months (High Risk)
14.0,9.0,4,Laptop & Accessory,4,Married,3,0,4.0,189.38,0,6-24 Months (Regular),Near,Active,420.0,0.0,Low Risk (<30%),12+ Months (Loyal)
9.0,10.0,4,Laptop & Accessory,2,Single,2,0,8.0,158.1,0,6-24 Months (Regular),Near,Active,270.0,0.0,Low Risk (<30%),7-12 Months (Moderate)
9.0,30.0,4,Mobile Phone,5,Married,5,1,3.0,165.14,0,6-24 Months (Regular),Far,Active,270.0,0.02,Low Risk (<30%),7-12 Months (Moderate)
27.0,11.0,3,Others,5,Divorced,5,0,2.0,294.06,0,24+ Months (Loyal),Moderate,Active,810.0,0.0,Low Risk (<30%),12+ Months (Loyal)
9.0,6.0,3,Laptop & Accessory,2,Single,5,0,0.0,166.53,0,6-24 Months (Regular),Near,Active,270.0,0.0,Low Risk (<30%),7-12 Months (Moderate)
0.0,28.0,3,Laptop & Accessory,3,Married,2,1,7.0,161.79,1,0-6 Months (New),Far,Active,0.0,0.98,High Risk (>70%),0-3 Months (High Risk)
1.0,13.0,2,Mobile Phone,1,Married,2,0,8.0,150.44,0,0-6 Months (New),Moderate,Active,30.0,0.05,Low Risk (<30%),0-3 Months (High Risk)
20.0,10.0,3,Laptop & Accessory,1,Single,2,1,7.0,141.63,0,6-24 Months (Regular),Near,Active,600.0,0.03,Low Risk (<30%),12+ Months (Loyal)
31.0,7.0,4,Laptop & Accessory,3,Married,4,0,3.0,192.55,0,24+ Months (Loyal),Near,Active,930.0,0.01,Low Risk (<30%),12+ Months (Loyal)
13.0,15.0,4,Mobile Phone,3,Divorced,3,0,8.0,162.55,0,6-24 Months (Regular),Moderate,Active,390.0,0.0,Low Risk (<30%),12+ Months (Loyal)
6.0,14.0,3,Mobile Phone,4,Divorced,3,0,4.0,152.94,0,0-6 Months (New),Moderate,Active,180.0,0.0,Low Risk (<30%),4-6 Months (Mid-High)
5.0,6.0,3,Mobile Phone,2,Married,1,0,2.0,123.139999999999,0,0-6 Months (New),Near,Active,150.0,0.12,Low Risk (<30%),4-6 Months (Mid-High)
13.0,17.0,4,Laptop & Accessory,5,Married,4,0,8.0,178.77,0,6-24 Months (Regular),Moderate,Active,390.0,0.05,Low Risk (<30%),12+ Months (Loyal)
5.0,14.0,1,Laptop & Accessory,2,Divorced,2,0,8.0,162.09,0,0-6 Months (New),Moderate,Active,150.0,0.0,Low Risk (<30%),4-6 Months (Mid-High)
8.0,8.0,5,Mobile Phone,4,Married,7,0,3.0,157.94,0,6-24 Months (Regular),Near,Active,240.0,0.0,Low Risk (<30%),7-12 Months (Moderate)
3.0,10.0,4,Laptop & Accessory,3,Married,6,1,1.0,177.38,1,0-6 Months (New),Near,Active,90.0,0.88,High Risk (>70%),0-3 Months (High Risk)
0.0,10.0,4,Mobile Phone,1,Married,1,0,4.0,131.62,0,0-6 Months (New),Near,Active,0.0,0.09,Low Risk (<30%),0-3 Months (High Risk)
18.0,14.0,3,Laptop & Accessory,1,Married,10,0,8.0,136.97,0,6-24 Months (Regular),Moderate,Active,540.0,0.0,Low Risk (<30%),12+ Months (Loyal)
2.0,29.0,3,Mobile Phone,5,Single,1,0,3.0,139.04,1,0-6 Months (New),Far,Active,60.0,0.7,High Risk (>70%),0-3 Months (High Risk)
7.0,14.0,3,Mobile Phone,5,Divorced,5,0,2.0,123.62,1,6-24 Months (Regular),Moderate,Active,210.0,0.87,High Risk (>70%),7-12 Months (Moderate)
7.0,7.0,2,Laptop & Accessory,5,Married,3,0,9.0,165.37,0,6-24 Months (Regular),Near,Active,210.0,0.0,Low Risk (<30%),7-12 Months (Moderate)
6.0,15.0,2,Laptop & Accessory,2,Divorced,3,0,9.0,187.09,0,0-6 Months (New),Moderate,Active,180.0,0.0,Low Risk (<30%),4-6 Months (Mid-High)
2.0,23.0,2,Laptop & Accessory,5,Single,2,0,8.0,181.61,0,0-6 Months (New),Far,Active,60.0,0.0,Low Risk (<30%),0-3 Months (High Risk)
1.0,23.0,3,Laptop & Accessory,5,Married,2,0,8.0,145.58,0,0-6 Months (New),Far,Active,30.0,0.17,Low Risk (<30%),0-3 Months (High Risk)
6.0,14.0,3,Laptop & Accessory,3,Married,1,0,2.0,171.04,0,0-6 Months (New),Moderate,Active,180.0,0.0,Low Risk (<30%),4-6 Months (Mid-High)
25.0,16.0,4,Mobile Phone,1,Married,5,0,4.0,145.75,0,24+ Months (Loyal),Moderate,Active,750.0,0.0,Low Risk (<30%),12+ Months (Loyal)
9.0,16.0,5,Fashion,3,Divorced,3,1,16.0,231.85,0,6-24 Months (Regular),Moderate,Active,270.0,0.01,Low Risk (<30%),7-12 Months (Moderate)
7.0,14.0,3,Mobile Phone,5,Married,5,0,2.0,123.62,1,6-24 Months (Regular),Moderate,Active,210.0,0.87,High Risk (>70%),7-12 Months (Moderate)
13.0,10.0,3,Laptop & Accessory,4,Divorced,11,0,7.0,188.89,0,6-24 Months (Regular),Near,Active,390.0,0.08,Low Risk (<30%),12+ Months (Loyal)
0.0,30.0,4,Laptop & Accessory,4,Single,1,1,10.0,145.99,1,0-6 Months (New),Far,Active,0.0,0.78,High Risk (>70%),0-3 Months (High Risk)
25.0,14.0,3,Mobile Phone,5,Divorced,10,0,4.0,129.5,0,24+ Months (Loyal),Moderate,Active,750.0,0.0,Low Risk (<30%),12+ Months (Loyal)
6.0,14.0,3,Laptop & Accessory,3,Single,3,1,0.0,163.88,0,0-6 Months (New),Moderate,Active,180.0,0.05,Low Risk (<30%),4-6 Months (Mid-High)
5.0,15.0,4,Laptop & Accessory,1,Single,3,0,9.0,169.24,0,0-6 Months (New),Moderate,Active,150.0,0.0,Low Risk (<30%),4-6 Months (Mid-High)
11.0,7.0,6,Laptop & Accessory,1,Married,3,0,3.0,220.25,0,6-24 Months (Regular),Near,Active,330.0,0.02,Low Risk (<30%),7-12 Months (Moderate)
15.0,7.0,3,Fashion,5,Divorced,3,0,8.0,208.92,0,6-24 Months (Regular),Near,Active,450.0,0.02,Low Risk (<30%),12+ Months (Loyal)
14.0,6.0,4,Others,3,Married,2,0,10.0,291.89,0,6-24 Months (Regular),Near,Active,420.0,0.0,Low Risk (<30%),12+ Months (Loyal)
1.0,11.0,4,Fashion,5,Single,2,1,3.0,220.82,1,0-6 Months (New),Moderate,Active,30.0,0.99,High Risk (>70%),0-3 Months (High Risk)
1.0,33.0,5,Mobile Phone,3,Married,3,1,4.0,153.14,0,0-6 Months (New),Far,Active,30.0,0.26,Low Risk (<30%),0-3 Months (High Risk)
0.0,14.0,5,Mobile Phone,5,Married,2,0,1.0,124.509999999999,0,0-6 Months (New),Moderate,Active,0.0,0.14,Low Risk (<30%),0-3 Months (High Risk)
11.0,18.0,4,Fashion,2,Married,3,1,8.0,246.85,0,6-24 Months (Regular),Moderate,Active,330.0,0.01,Low Risk (<30%),7-12 Months (Moderate)
23.0,25.0,4,Laptop & Accessory,2,Married,3,1,8.0,193.04,0,6-24 Months (Regular),Far,Active,690.0,0.0,Low Risk (<30%),12+ Months (Loyal)
5.0,12.0,4,Laptop & Accessory,5,Single,2,0,3.0,224.36,0,0-6 Months (New),Moderate,Active,150.0,0.06,Low Risk (<30%),4-6 Months (Mid-High)
17.0,7.0,1,Laptop & Accessory,5,Married,3,0,2.0,150.33,0,6-24 Months (Regular),Near,Active,510.0,0.0,Low Risk (<30%),12+ Months (Loyal)
16.0,15.0,4,Others,2,Married,3,0,10.0,309.3,0,6-24 Months (Regular),Moderate,Active,480.0,0.0,Low Risk (<30%),12+ Months (Loyal)
1.0,7.0,5,Laptop & Accessory,5,Divorced,7,0,1.0,167.98,0,0-6 Months (New),Near,Active,30.0,0.04,Low Risk (<30%),0-3 Months (High Risk)
8.0,17.0,4,Mobile Phone,3,Married,3,1,1.0,147.2,0,6-24 Months (Regular),Moderate,Active,240.0,0.02,Low Risk (<30%),7-12 Months (Moderate)
16.0,9.0,6,Others,1,Married,3,0,10.0,323.45,1,6-24 Months (Regular),Near,Active,480.0,0.66,Medium Risk (30-70%),12+ Months (Loyal)
9.0,9.0,3,Mobile Phone,3,Single,2,0,0.0,114.199999999999,1,6-24 Months (Regular),Near,Active,270.0,0.83,High Risk (>70%),7-12 Months (Moderate)
7.0,15.0,5,Mobile Phone,1,Single,2,0,3.0,148.42,0,6-24 Months (Regular),Moderate,Active,210.0,0.0,Low Risk (<30%),7-12 Months (Moderate)
23.0,13.0,5,Grocery,3,Married,4,1,13.0,264.66,0,6-24 Months (Regular),Moderate,Active,690.0,0.01,Low Risk (<30%),12+ Months (Loyal)
4.0,23.0,2,Laptop & Accessory,3,Married,5,0,8.0,177.94,0,0-6 Months (New),Far,Active,120.0,0.01,Low Risk (<30%),4-6 Months (Mid-High)
23.0,6.0,3,Others,1,Married,4,0,6.0,295.17,0,6-24 Months (Regular),Near,Active,690.0,0.01,Low Risk (<30%),12+ Months (Loyal)
23.0,14.0,4,Fashion,4,Married,5,0,3.0,229.66,0,6-24 Months (Regular),Moderate,Active,690.0,0.0,Low Risk (<30%),12+ Months (Loyal)
1.0,17.0,2,Mobile Phone,3,Married,4,0,3.0,145.73,0,0-6 Months (New),Moderate,Active,30.0,0.06,Low Risk (<30%),0-3 Months (High Risk)
23.0,29.0,4,Grocery,4,Married,5,0,3.0,289.13,0,6-24 Months (Regular),Far,Active,690.0,0.0,Low Risk (<30%),12+ Months (Loyal)
4.0,15.0,3,Fashion,4,Married,2,0,8.0,206.48,0,0-6 Months (New),Moderate,Active,120.0,0.05,Low Risk (<30%),4-6 Months (Mid-High)
6.0,9.0,4,Mobile Phone,5,Married,3,0,1.0,153.27,0,0-6 Months (New),Near,Active,180.0,0.01,Low Risk (<30%),4-6 Months (Mid-High)
21.0,22.0,3,Laptop & Accessory,3,Married,9,0,7.0,164.39,0,6-24 Months (Regular),Far,Active,630.0,0.01,Low Risk (<30%),12+ Months (Loyal)
6.0,7.0,5,Mobile Phone,4,Married,8,0,3.0,148.32,0,0-6 Months (New),Near,Active,180.0,0.0,Low Risk (<30%),4-6 Months (Mid-High)
19.0,6.0,3,Mobile Phone,5,Single,7,0,7.0,134.23,0,6-24 Months (Regular),Near,Active,570.0,0.0,Low Risk (<30%),12+ Months (Loyal)
20.0,9.0,4,Others,5,Single,5,0,2.0,314.47,0,6-24 Months (Regular),Near,Active,600.0,0.0,Low Risk (<30%),12+ Months (Loyal)
1.0,12.0,3,Mobile Phone,4,Married,3,1,3.0,148.28,0,0-6 Months (New),Moderate,Active,30.0,0.18,Low Risk (<30%),0-3 Months (High Risk)
7.0,22.0,4,Laptop & Accessory,1,Married,2,1,2.0,37.0,0,6-24 Months (Regular),Far,Active,210.0,0.22,Low Risk (<30%),7-12 Months (Moderate)
0.0,8.0,3,Mobile Phone,5,Divorced,8,0,7.0,127.07,1,0-6 Months (New),Near,Active,0.0,0.75,High Risk (>70%),0-3 Months (High Risk)
18.0,8.0,4,Grocery,1,Married,10,0,8.0,267.92,0,6-24 Months (Regular),Near,Active,540.0,0.0,Low Risk (<30%),12+ Months (Loyal)
15.0,34.0,4,Laptop & Accessory,1,Married,1,0,4.0,145.23,0,6-24 Months (Regular),Far,Active,450.0,0.0,Low Risk (<30%),12+ Months (Loyal)
26.0,9.0,5,Mobile Phone,1,Single,9,0,3.0,157.12,0,24+ Months (Loyal),Near,Active,780.0,0.0,Low Risk (<30%),12+ Months (Loyal)
5.0,14.0,5,Fashion,3,Divorced,3,0,3.0,214.43,0,0-6 Months (New),Moderate,Active,150.0,0.04,Low Risk (<30%),4-6 Months (Mid-High)
14.0,26.0,4,Laptop & Accessory,1,Married,10,1,8.0,152.41,0,6-24 Months (Regular),Far,Active,420.0,0.01,Low Risk (<30%),12+ Months (Loyal)
9.0,13.0,1,Mobile Phone,1,Married,5,0,2.0,120.889999999999,0,6-24 Months (Regular),Moderate,Active,270.0,0.0,Low Risk (<30%),7-12 Months (Moderate)
0.0,14.0,4,Mobile Phone,5,Married,5,1,0.0,123.35,1,0-6 Months (New),Moderate,Active,0.0,1.0,High Risk (>70%),0-3 Months (High Risk)
1.0,30.0,2,Mobile Phone,1,Married,3,1,5.0,152.25,0,0-6 Months (New),Far,Active,30.0,0.17,Low Risk (<30%),0-3 Months (High Risk)
13.0,12.0,3,Grocery,1,Single,2,1,7.0,264.37,0,6-24 Months (Regular),Moderate,Active,390.0,0.08,Low Risk (<30%),12+ Months (Loyal)
14.0,21.0,5,Others,3,Single,3,0,10.0,321.26,0,6-24 Months (Regular),Far,Active,420.0,0.07,Low Risk (<30%),12+ Months (Loyal)
0.0,8.0,5,Mobile Phone,2,Divorced,6,1,2.0,134.64,1,0-6 Months (New),Near,Active,0.0,0.99,High Risk (>70%),0-3 Months (High Risk)
19.0,7.0,3,Mobile Phone,5,Single,7,0,7.0,134.23,0,6-24 Months (Regular),Near,Active,570.0,0.0,Low Risk (<30%),12+ Months (Loyal)
8.0,8.0,4,Fashion,4,Married,3,0,4.0,202.74,0,6-24 Months (Regular),Near,Active,240.0,0.05,Low Risk (<30%),7-12 Months (Moderate)
17.0,35.0,3,Laptop & Accessory,1,Single,2,0,17.0,145.41,0,6-24 Months (Regular),Far,Active,510.0,0.0,Low Risk (<30%),12+ Months (Loyal)
4.0,23.0,4,Mobile Phone,1,Married,3,0,9.0,153.62,0,0-6 Months (New),Far,Active,120.0,0.0,Low Risk (<30%),4-6 Months (Mid-High)
8.0,9.0,4,Laptop & Accessory,5,Single,2,1,3.0,170.38,0,6-24 Months (Regular),Near,Active,240.0,0.08,Low Risk (<30%),7-12 Months (Moderate)
1.0,16.0,5,Mobile Phone,4,Married,3,0,1.0,151.94,0,0-6 Months (New),Moderate,Active,30.0,0.33,Medium Risk (30-70%),0-3 Months (High Risk)
14.0,23.0,4,Fashion,1,Single,8,1,4.0,204.45,0,6-24 Months (Regular),Far,Active,420.0,0.13,Low Risk (<30%),12+ Months (Loyal)
23.0,23.0,4,Mobile Phone,5,Married,6,1,3.0,150.87,0,6-24 Months (Regular),Far,Active,690.0,0.02,Low Risk (<30%),12+ Months (Loyal)
6.0,6.0,4,Mobile Phone,5,Single,4,1,2.0,127.99,0,0-6 Months (New),Near,Active,180.0,0.12,Low Risk (<30%),4-6 Months (Mid-High)
1.0,29.0,4,Mobile Phone,3,Married,6,1,2.0,146.32,1,0-6 Months (New),Far,Active,30.0,0.99,High Risk (>70%),0-3 Months (High Risk)
26.0,14.0,3,Laptop & Accessory,2,Single,3,0,2.0,124.5,0,24+ Months (Loyal),Moderate,Active,780.0,0.0,Low Risk (<30%),12+ Months (Loyal)
5.0,14.0,4,Laptop & Accessory,5,Divorced,3,0,13.0,168.06,0,0-6 Months (New),Moderate,Active,150.0,0.0,Low Risk (<30%),4-6 Months (Mid-High)
19.0,9.0,4,Others,5,Divorced,7,1,5.0,323.59,1,6-24 Months (Regular),Near,Active,570.0,0.6,Medium Risk (30-70%),12+ Months (Loyal)
9.0,15.0,3,Mobile Phone,1,Married,2,0,4.0,120.699999999999,0,6-24 Months (Regular),Moderate,Active,270.0,0.0,Low Risk (<30%),7-12 Months (Moderate)
15.0,10.0,3,Others,2,Divorced,2,0,15.0,292.32,0,6-24 Months (Regular),Near,Active,450.0,0.0,Low Risk (<30%),12+ Months (Loyal)
4.0,16.0,4,Laptop & Accessory,1,Married,2,1,8.0,188.47,0,0-6 Months (New),Moderate,Active,120.0,0.01,Low Risk (<30%),4-6 Months (Mid-High)
7.0,14.0,4,Laptop & Accessory,4,Married,2,0,3.0,168.02,0,6-24 Months (Regular),Moderate,Active,210.0,0.0,Low Risk (<30%),7-12 Months (Moderate)
14.0,17.0,5,Laptop & Accessory,4,Married,9,0,4.0,193.52,0,6-24 Months (Regular),Moderate,Active,420.0,0.06,Low Risk (<30%),12+ Months (Loyal)
0.0,10.0,4,Laptop & Accessory,5,Divorced,2,0,3.0,142.56,0,0-6 Months (New),Near,Active,0.0,0.07,Low Risk (<30%),0-3 Months (High Risk)
0.0,16.0,3,Laptop & Accessory,3,Married,2,1,3.0,142.6,0,0-6 Months (New),Moderate,Active,0.0,0.0,Low Risk (<30%),0-3 Months (High Risk)
1.0,10.0,5,Mobile Phone,1,Single,2,0,2.0,145.45,0,0-6 Months (New),Near,Active,30.0,0.45,Medium Risk (30-70%),0-3 Months (High Risk)
23.0,9.0,3,Others,4,Married,2,0,7.0,282.0,0,6-24 Months (Regular),Near,Active,690.0,0.0,Low Risk (<30%),12+ Months (Loyal)
1.0,14.0,4,Mobile Phone,1,Single,3,0,8.0,150.7,0,0-6 Months (New),Moderate,Active,30.0,0.29,Low Risk (<30%),0-3 Months (High Risk)
0.0,14.0,4,Mobile Phone,1,Single,2,1,0.0,124.389999999999,1,0-6 Months (New),Moderate,Active,0.0,1.0,High Risk (>70%),0-3 Months (High Risk)
6.0,20.0,4,Laptop & Accessory,1,Married,4,0,4.0,169.03,0,0-6 Months (New),Moderate,Active,180.0,0.0,Low Risk (<30%),4-6 Months (Mid-High)
6.0,6.0,1,Laptop & Accessory,5,Married,2,0,8.0,140.37,0,0-6 Months (New),Near,Active,180.0,0.0,Low Risk (<30%),4-6 Months (Mid-High)
0.0,11.0,4,Mobile Phone,3,Single,1,0,0.0,129.66,0,0-6 Months (New),Moderate,Active,0.0,0.21,Low Risk (<30%),0-3 Months (High Risk)
4.0,23.0,4,Laptop & Accessory,3,Married,10,0,3.0,178.01,0,0-6 Months (New),Far,Active,120.0,0.0,Low Risk (<30%),4-6 Months (Mid-High)
3.0,14.0,3,Mobile Phone,2,Single,1,0,7.0,125.639999999999,0,0-6 Months (New),Moderate,Active,90.0,0.0,Low Risk (<30%),0-3 Months (High Risk)
14.0,27.0,4,Fashion,1,Married,6,0,3.0,228.22,0,6-24 Months (Regular),Far,Active,420.0,0.01,Low Risk (<30%),12+ Months (Loyal)
9.0,26.0,3,Mobile Phone,4,Married,1,1,4.0,121.479999999999,1,6-24 Months (Regular),Far,Active,270.0,0.85,High Risk (>70%),7-12 Months (Moderate)
0.0,21.0,3,Fashion,3,Divorced,8,1,7.0,236.1,1,0-6 Months (New),Far,Active,0.0,0.92,High Risk (>70%),0-3 Months (High Risk)
9.0,21.0,5,Laptop & Accessory,1,Married,2,0,11.0,154.06,0,6-24 Months (Regular),Far,Active,270.0,0.0,Low Risk (<30%),7-12 Months (Moderate)
10.0,11.0,5,Laptop & Accessory,2,Single,3,0,9.0,183.1,0,6-24 Months (Regular),Moderate,Active,300.0,0.0,Low Risk (<30%),7-12 Months (Moderate)
20.0,14.0,4,Mobile Phone,3,Married,10,0,9.0,148.39,1,6-24 Months (Regular),Moderate,Active,600.0,0.71,High Risk (>70%),12+ Months (Loyal)
25.0,18.0,5,Grocery,4,Single,5,0,4.0,256.42,0,24+ Months (Loyal),Moderate,Active,750.0,0.0,Low Risk (<30%),12+ Months (Loyal)
21.0,21.0,4,Laptop & Accessory,4,Married,10,0,8.0,179.67,0,6-24 Months (Regular),Far,Active,630.0,0.0,Low Risk (<30%),12+ Months (Loyal)
12.0,7.0,2,Mobile Phone,3,Married,3,0,1.0,153.44,0,6-24 Months (Regular),Near,Active,360.0,0.0,Low Risk (<30%),7-12 Months (Moderate)
13.0,30.0,3,Laptop & Accessory,1,Married,2,0,7.0,133.19,0,6-24 Months (Regular),Far,Active,390.0,0.0,Low Risk (<30%),12+ Months (Loyal)
9.0,8.0,5,Laptop & Accessory,1,Married,2,0,1.0,178.63,0,6-24 Months (Regular),Near,Active,270.0,0.0,Low Risk (<30%),7-12 Months (Moderate)
16.0,9.0,4,Grocery,3,Divorced,2,1,11.0,303.61,0,6-24 Months (Regular),Near,Active,480.0,0.08,Low Risk (<30%),12+ Months (Loyal)
13.0,10.0,2,Laptop & Accessory,4,Married,11,0,7.0,188.89,0,6-24 Months (Regular),Near,Active,390.0,0.0,Low Risk (<30%),12+ Months (Loyal)
22.0,9.0,2,Mobile Phone,4,Single,7,0,1.0,150.59,0,6-24 Months (Regular),Near,Active,660.0,0.02,Low Risk (<30%),12+ Months (Loyal)
0.0,9.0,3,Mobile Phone,3,Single,2,0,7.0,140.84,1,0-6 Months (New),Near,Active,0.0,0.67,Medium Risk (30-70%),0-3 Months (High Risk)
13.0,7.0,5,Grocery,1,Married,3,0,9.0,252.42,0,6-24 Months (Regular),Near,Active,390.0,0.0,Low Risk (<30%),12+ Months (Loyal)
13.0,14.0,4,Fashion,4,Married,3,0,8.0,237.57,0,6-24 Months (Regular),Moderate,Active,390.0,0.11,Low Risk (<30%),12+ Months (Loyal)
3.0,12.0,5,Laptop & Accessory,4,Married,3,1,10.0,166.87,0,0-6 Months (New),Moderate,Active,90.0,0.0,Low Risk (<30%),0-3 Months (High Risk)
1.0,12.0,4,Others,3,Married,8,0,1.0,308.03,0,0-6 Months (New),Moderate,Active,30.0,0.24,Low Risk (<30%),0-3 Months (High Risk)
12.0,7.0,4,Mobile Phone,4,Married,2,1,3.0,154.91,0,6-24 Months (Regular),Near,Active,360.0,0.01,Low Risk (<30%),7-12 Months (Moderate)
4.0,8.0,4,Mobile Phone,4,Married,3,0,8.0,162.48,0,0-6 Months (New),Near,Active,120.0,0.0,Low Risk (<30%),4-6 Months (Mid-High)
9.0,6.0,3,Laptop & Accessory,1,Married,2,1,11.0,162.01,0,6-24 Months (Regular),Near,Active,270.0,0.01,Low Risk (<30%),7-12 Months (Moderate)
0.0,6.0,4,Laptop & Accessory,5,Divorced,6,0,0.0,142.98,0,0-6 Months (New),Near,Active,0.0,0.11,Low Risk (<30%),0-3 Months (High Risk)
8.0,5.0,3,Fashion,5,Married,2,0,8.0,190.69,0,6-24 Months (Regular),Near,Active,240.0,0.01,Low Risk (<30%),7-12 Months (Moderate)
1.0,15.0,4,Mobile Phone,5,Married,3,1,1.0,148.98,1,0-6 Months (New),Moderate,Active,30.0,1.0,High Risk (>70%),0-3 Months (High Risk)
10.0,15.0,4,Fashion,3,Married,3,0,3.0,225.96,0,6-24 Months (Regular),Moderate,Active,300.0,0.47061904761904766,Medium Risk (30-70%),7-12 Months (Moderate)
22.0,9.0,4,Laptop & Accessory,5,Married,5,0,2.0,147.89,0,6-24 Months (Regular),Near,Active,660.0,0.0,Low Risk (<30%),12+ Months (Loyal)
8.0,24.0,3,Laptop & Accessory,3,Married,2,1,2.0,156.89,0,6-24 Months (Regular),Far,Active,240.0,0.02,Low Risk (<30%),7-12 Months (Moderate)
1.0,19.0,4,Mobile Phone,2,Divorced,3,1,1.0,150.15,1,0-6 Months (New),Moderate,Active,30.0,0.95,High Risk (>70%),0-3 Months (High Risk)
1.0,16.0,5,Mobile Phone,5,Single,9,0,4.0,159.07,1,0-6 Months (New),Moderate,Active,30.0,0.94,High Risk (>70%),0-3 Months (High Risk)
18.0,7.0,2,Laptop & Accessory,5,Married,4,0,3.0,175.33,0,6-24 Months (Regular),Near,Active,540.0,0.01,Low Risk (<30%),12+ Months (Loyal)
4.0,7.0,4,Laptop & Accessory,1,Single,3,0,8.0,165.11,0,0-6 Months (New),Near,Active,120.0,0.0,Low Risk (<30%),4-6 Months (Mid-High)
12.0,9.0,4,Mobile Phone,3,Divorced,8,1,2.0,155.57,0,6-24 Months (Regular),Near,Active,360.0,0.0,Low Risk (<30%),7-12 Months (Moderate)
22.0,9.0,4,Laptop & Accessory,1,Married,4,0,8.0,165.51,0,6-24 Months (Regular),Near,Active,660.0,0.0,Low Risk (<30%),12+ Months (Loyal)
2.0,25.0,4,Laptop & Accessory,3,Married,2,0,4.0,186.2,0,0-6 Months (New),Far,Active,60.0,0.01,Low Risk (<30%),0-3 Months (High Risk)
1.0,10.0,3,Laptop & Accessory,2,Married,3,1,5.0,171.47,0,0-6 Months (New),Near,Active,30.0,0.25,Low Risk (<30%),0-3 Months (High Risk)
1.0,7.0,3,Mobile Phone,1,Married,2,0,2.0,127.06,0,0-6 Months (New),Near,Active,30.0,0.01,Low Risk (<30%),0-3 Months (High Risk)
3.0,34.0,4,Laptop & Accessory,3,Married,6,0,2.0,168.35,0,0-6 Months (New),Far,Active,90.0,0.0,Low Risk (<30%),0-3 Months (High Risk)
16.0,8.0,4,Fashion,1,Married,1,0,9.0,201.69,1,6-24 Months (Regular),Near,Active,480.0,0.68,Medium Risk (30-70%),12+ Months (Loyal)
14.0,13.0,3,Laptop & Accessory,3,Single,7,0,1.0,150.03,0,6-24 Months (Regular),Moderate,Active,420.0,0.01,Low Risk (<30%),12+ Months (Loyal)
10.0,10.0,3,Mobile Phone,2,Married,5,0,8.0,0.0,0,6-24 Months (Regular),Near,Active,300.0,0.03,Low Risk (<30%),7-12 Months (Moderate)
18.0,35.0,3,Mobile Phone,1,Single,6,0,3.0,134.52,0,6-24 Months (Regular),Far,Active,540.0,0.0,Low Risk (<30%),12+ Months (Loyal)
20.0,10.0,3,Laptop & Accessory,2,Single,2,1,7.0,141.63,0,6-24 Months (Regular),Near,Active,600.0,0.03,Low Risk (<30%),12+ Months (Loyal)
1.0,25.0,4,Laptop & Accessory,3,Married,2,1,3.0,171.14,1,0-6 Months (New),Far,Active,30.0,0.95,High Risk (>70%),0-3 Months (High Risk)
26.0,14.0,3,Laptop & Accessory,1,Single,3,0,2.0,124.5,0,24+ Months (Loyal),Moderate,Active,780.0,0.0,Low Risk (<30%),12+ Months (Loyal)
21.0,6.0,1,Grocery,2,Single,3,0,1.0,268.85,0,6-24 Months (Regular),Near,Active,630.0,0.0,Low Risk (<30%),12+ Months (Loyal)
2.0,8.0,3,Grocery,1,Married,8,0,3.0,221.69,1,0-6 Months (New),Near,Active,60.0,0.88,High Risk (>70%),0-3 Months (High Risk)
1.0,16.0,3,Mobile Phone,4,Married,2,0,0.0,110.52,0,0-6 Months (New),Moderate,Active,30.0,0.05,Low Risk (<30%),0-3 Months (High Risk)
30.0,7.0,4,Laptop & Accessory,3,Married,3,0,10.0,188.06,0,24+ Months (Loyal),Near,Active,900.0,0.0,Low Risk (<30%),12+ Months (Loyal)
16.0,33.0,4,Fashion,5,Married,5,1,1.0,256.91,0,6-24 Months (Regular),Far,Active,480.0,0.01,Low Risk (<30%),12+ Months (Loyal)
1.0,8.0,4,Mobile Phone,5,Single,2,0,7.0,153.67,0,0-6 Months (New),Near,Active,30.0,0.05,Low Risk (<30%),0-3 Months (High Risk)
1.0,35.0,5,Laptop & Accessory,4,Divorced,2,0,7.0,165.49,0,0-6 Months (New),Far,Active,30.0,0.02,Low Risk (<30%),0-3 Months (High Risk)
27.0,23.0,3,Fashion,3,Married,9,0,8.0,207.39,0,24+ Months (Loyal),Far,Active,810.0,0.0,Low Risk (<30%),12+ Months (Loyal)
30.0,16.0,4,Grocery,1,Married,9,0,2.0,236.029999999999,0,24+ Months (Loyal),Moderate,Active,900.0,0.0,Low Risk (<30%),12+ Months (Loyal)
3.0,10.0,5,Fashion,3,Married,3,0,8.0,244.35,0,0-6 Months (New),Near,Active,90.0,0.02,Low Risk (<30%),0-3 Months (High Risk)
12.0,15.0,3,Others,1,Single,3,0,3.0,294.31,0,6-24 Months (Regular),Moderate,Active,360.0,0.0,Low Risk (<30%),7-12 Months (Moderate)
3.0,13.0,3,Mobile Phone,4,Single,1,0,2.0,129.83,0,0-6 Months (New),Moderate,Active,90.0,0.0,Low Risk (<30%),0-3 Months (High Risk)
27.0,30.0,4,Grocery,2,Single,8,0,9.0,267.75,0,24+ Months (Loyal),Far,Active,810.0,0.0,Low Risk (<30%),12+ Months (Loyal)
24.0,7.0,4,Grocery,1,Married,11,0,4.0,298.99,0,6-24 Months (Regular),Near,Active,720.0,0.0,Low Risk (<30%),12+ Months (Loyal)
28.0,10.0,3,Laptop & Accessory,3,Married,1,1,2.0,140.35,0,24+ Months (Loyal),Near,Active,840.0,0.0,Low Risk (<30%),12+ Months (Loyal)
1.0,17.0,4,Laptop & Accessory,3,Married,3,1,4.0,167.6,0,0-6 Months (New),Moderate,Active,30.0,0.0,Low Risk (<30%),0-3 Months (High Risk)
9.0,11.0,3,Laptop & Accessory,4,Single,9,0,7.0,159.14,0,6-24 Months (Regular),Moderate,Active,270.0,0.0,Low Risk (<30%),7-12 Months (Moderate)
14.0,15.0,4,Laptop & Accessory,3,Divorced,5,1,4.0,192.96,1,6-24 Months (Regular),Moderate,Active,420.0,0.59,Medium Risk (30-70%),12+ Months (Loyal)
21.0,11.0,4,Laptop & Accessory,2,Single,3,1,8.0,166.63,0,6-24 Months (Regular),Moderate,Active,630.0,0.02,Low Risk (<30%),12+ Months (Loyal)
4.0,29.0,4,Laptop & Accessory,1,Married,1,0,8.0,155.82,0,0-6 Months (New),Far,Active,120.0,0.0,Low Risk (<30%),4-6 Months (Mid-High)
13.0,9.0,4,Mobile Phone,3,Married,2,1,2.0,126.83,1,6-24 Months (Regular),Near,Active,390.0,0.93,High Risk (>70%),12+ Months (Loyal)
14.0,35.0,5,Fashion,5,Married,6,1,1.0,233.54,1,6-24 Months (Regular),Far,Active,420.0,0.63,Medium Risk (30-70%),12+ Months (Loyal)
27.0,26.0,3,Laptop & Accessory,3,Single,4,0,3.0,148.69,0,24+ Months (Loyal),Far,Active,810.0,0.0,Low Risk (<30%),12+ Months (Loyal)
14.0,16.0,4,Fashion,3,Single,11,0,14.0,259.99,0,6-24 Months (Regular),Moderate,Active,420.0,0.0,Low Risk (<30%),12+ Months (Loyal)
2.0,34.0,4,Mobile Phone,5,Single,2,0,4.0,137.85,0,0-6 Months (New),Far,Active,60.0,0.0,Low Risk (<30%),0-3 Months (High Risk)
1.0,25.0,5,Mobile Phone,2,Single,3,1,2.0,148.89,1,0-6 Months (New),Far,Active,30.0,0.87,High Risk (>70%),0-3 Months (High Risk)
1.0,17.0,2,Mobile Phone,3,Single,3,0,3.0,160.05,0,0-6 Months (New),Moderate,Active,30.0,0.0,Low Risk (<30%),0-3 Months (High Risk)
4.0,13.0,4,Fashion,1,Married,10,0,3.0,215.57,0,0-6 Months (New),Moderate,Active,120.0,0.02,Low Risk (<30%),4-6 Months (Mid-High)
8.0,28.0,2,Laptop & Accessory,1,Single,3,0,8.0,178.37,0,6-24 Months (Regular),Far,Active,240.0,0.0,Low Risk (<30%),7-12 Months (Moderate)
14.0,12.0,5,Fashion,5,Married,7,1,3.0,229.75,0,6-24 Months (Regular),Moderate,Active,420.0,0.02,Low Risk (<30%),12+ Months (Loyal)
0.0,35.0,3,Laptop & Accessory,3,Married,6,0,0.0,143.06,0,0-6 Months (New),Far,Active,0.0,0.34,Medium Risk (30-70%),0-3 Months (High Risk)
8.0,27.0,3,Laptop & Accessory,2,Divorced,2,1,7.0,140.14,0,6-24 Months (Regular),Far,Active,240.0,0.01,Low Risk (<30%),7-12 Months (Moderate)
16.0,10.0,2,Laptop & Accessory,2,Divorced,4,1,4.0,177.31,0,6-24 Months (Regular),Near,Active,480.0,0.0,Low Risk (<30%),12+ Months (Loyal)
19.0,7.0,5,Fashion,3,Married,5,0,5.0,232.48,0,6-24 Months (Regular),Near,Active,570.0,0.01,Low Risk (<30%),12+ Months (Loyal)
9.0,29.0,3,Mobile Phone,1,Single,10,0,2.0,122.009999999999,0,6-24 Months (Regular),Far,Active,270.0,0.0,Low Risk (<30%),7-12 Months (Moderate)
1.0,24.0,4,Mobile Phone,4,Married,2,1,2.0,155.58,0,0-6 Months (New),Far,Active,30.0,0.12,Low Risk (<30%),0-3 Months (High Risk)
4.0,9.0,6,Laptop & Accessory,1,Single,4,0,3.0,185.91,0,0-6 Months (New),Near,Active,120.0,0.0,Low Risk (<30%),4-6 Months (Mid-High)
31.0,7.0,6,Fashion,1,Married,5,0,1.0,233.829999999999,0,24+ Months (Loyal),Near,Active,930.0,0.01,Low Risk (<30%),12+ Months (Loyal)
30.0,27.0,3,Grocery,1,Married,5,1,0.0,278.75,0,24+ Months (Loyal),Far,Active,900.0,0.0,Low Risk (<30%),12+ Months (Loyal)
11.0,13.0,4,Laptop & Accessory,1,Married,6,0,2.0,190.02,0,6-24 Months (Regular),Moderate,Active,330.0,0.01,Low Risk (<30%),7-12 Months (Moderate)
9.0,7.0,5,Laptop & Accessory,5,Single,2,0,9.0,168.12,0,6-24 Months (Regular),Near,Active,270.0,0.0,Low Risk (<30%),7-12 Months (Moderate)
14.0,16.0,4,Others,1,Married,4,0,6.0,291.41,0,6-24 Months (Regular),Moderate,Active,420.0,0.01,Low Risk (<30%),12+ Months (Loyal)
0.0,28.0,3,Mobile Phone,3,Single,2,0,2.0,134.47,0,0-6 Months (New),Far,Active,0.0,0.01,Low Risk (<30%),0-3 Months (High Risk)
0.0,32.0,4,Laptop & Accessory,5,Single,6,0,1.0,166.96,1,0-6 Months (New),Far,Active,0.0,0.82,High Risk (>70%),0-3 Months (High Risk)
2.0,8.0,4,Mobile Phone,5,Single,3,1,0.0,136.46,1,0-6 Months (New),Near,Active,60.0,0.76,High Risk (>70%),0-3 Months (High Risk)
2.0,36.0,4,Laptop & Accessory,5,Married,9,1,1.0,191.73,1,0-6 Months (New),Far,Active,60.0,0.92,High Risk (>70%),0-3 Months (High Risk)
28.0,26.0,3,Laptop & Accessory,1,Married,4,1,8.0,154.15,0,24+ Months (Loyal),Far,Active,840.0,0.01,Low Risk (<30%),12+ Months (Loyal)
2.0,6.0,3,Fashion,2,Divorced,2,0,1.0,179.18,0,0-6 Months (New),Near,Active,60.0,0.0,Low Risk (<30%),0-3 Months (High Risk)
0.0,9.0,1,Laptop & Accessory,1,Married,2,1,4.0,146.47,0,0-6 Months (New),Near,Active,0.0,0.21,Low Risk (<30%),0-3 Months (High Risk)
23.0,14.0,3,Mobile Phone,4,Married,8,0,2.0,138.75,0,6-24 Months (Regular),Moderate,Active,690.0,0.0,Low Risk (<30%),12+ Months (Loyal)
2.0,8.0,3,Mobile Phone,4,Married,1,0,4.0,127.03,0,0-6 Months (New),Near,Active,60.0,0.02,Low Risk (<30%),0-3 Months (High Risk)
0.0,24.0,3,Laptop & Accessory,3,Married,1,1,2.0,146.14,1,0-6 Months (New),Far,Active,0.0,0.96,High Risk (>70%),0-3 Months (High Risk)
15.0,8.0,3,Grocery,5,Married,1,0,7.0,276.65,0,6-24 Months (Regular),Near,Active,450.0,0.0,Low Risk (<30%),12+ Months (Loyal)
8.0,14.0,4,Fashion,1,Married,5,1,12.0,203.77,0,6-24 Months (Regular),Moderate,Active,240.0,0.0,Low Risk (<30%),7-12 Months (Moderate)
7.0,9.0,4,Laptop & Accessory,1,Married,4,1,1.0,181.03,0,6-24 Months (Regular),Near,Active,210.0,0.08,Low Risk (<30%),7-12 Months (Moderate)
16.0,13.0,3,Fashion,5,Divorced,9,0,0.0,199.85,0,6-24 Months (Regular),Moderate,Active,480.0,0.0,Low Risk (<30%),12+ Months (Loyal)
13.0,20.0,5,Grocery,4,Married,8,1,3.0,296.23,0,6-24 Months (Regular),Moderate,Active,390.0,0.04,Low Risk (<30%),12+ Months (Loyal)
13.0,20.0,3,Laptop & Accessory,5,Married,2,0,2.0,146.39,0,6-24 Months (Regular),Moderate,Active,390.0,0.0,Low Risk (<30%),12+ Months (Loyal)
19.0,20.0,3,Mobile Phone,4,Divorced,10,1,3.0,149.63,1,6-24 Months (Regular),Moderate,Active,570.0,0.82,High Risk (>70%),12+ Months (Loyal)
9.0,13.0,6,Laptop & Accessory,2,Single,3,0,9.0,191.46,0,6-24 Months (Regular),Moderate,Active,270.0,0.0,Low Risk (<30%),7-12 Months (Moderate)
29.0,6.0,3,Laptop & Accessory,3,Married,2,0,9.0,163.06,0,24+ Months (Loyal),Near,Active,870.0,0.0,Low Risk (<30%),12+ Months (Loyal)
9.0,15.0,3,Mobile Phone,2,Single,2,0,1.0,122.88,0,6-24 Months (Regular),Moderate,Active,270.0,0.02,Low Risk (<30%),7-12 Months (Moderate)
16.0,33.0,4,Fashion,5,Divorced,5,1,1.0,256.91,0,6-24 Months (Regular),Far,Active,480.0,0.01,Low Risk (<30%),12+ Months (Loyal)
4.0,8.0,3,Fashion,3,Married,2,1,6.0,198.52,0,0-6 Months (New),Near,Active,120.0,0.04,Low Risk (<30%),4-6 Months (Mid-High)
10.0,15.0,4,Laptop & Accessory,1,Married,6,0,8.0,175.79,0,6-24 Months (Regular),Moderate,Active,300.0,0.0,Low Risk (<30%),7-12 Months (Moderate)
1.0,12.0,4,Mobile Phone,3,Single,3,1,3.0,159.41,1,0-6 Months (New),Moderate,Active,30.0,0.91,High Risk (>70%),0-3 Months (High Risk)
9.0,13.0,1,Laptop & Accessory,5,Married,3,0,13.0,146.39,0,6-24 Months (Regular),Moderate,Active,270.0,0.0,Low Risk (<30%),7-12 Months (Moderate)
0.0,29.0,4,Laptop & Accessory,3,Married,4,1,1.0,159.16,1,0-6 Months (New),Far,Active,0.0,1.0,High Risk (>70%),0-3 Months (High Risk)
26.0,9.0,3,Grocery,3,Divorced,4,1,3.0,275.84,0,24+ Months (Loyal),Near,Active,780.0,0.0,Low Risk (<30%),12+ Months (Loyal)
17.0,35.0,3,Laptop & Accessory,2,Single,2,0,17.0,145.41,0,6-24 Months (Regular),Far,Active,510.0,0.0,Low Risk (<30%),12+ Months (Loyal)
1.0,30.0,5,Laptop & Accessory,3,Married,5,1,2.0,184.16,1,0-6 Months (New),Far,Active,30.0,0.91,High Risk (>70%),0-3 Months (High Risk)
13.0,26.0,3,Fashion,1,Married,5,0,1.0,203.22,0,6-24 Months (Regular),Far,Active,390.0,0.03,Low Risk (<30%),12+ Months (Loyal)
2.0,14.0,4,Laptop & Accessory,1,Married,2,1,2.0,150.56,0,0-6 Months (New),Moderate,Active,60.0,0.03,Low Risk (<30%),0-3 Months (High Risk)
1.0,15.0,4,Mobile Phone,1,Single,3,0,5.0,159.45,0,0-6 Months (New),Moderate,Active,30.0,0.14,Low Risk (<30%),0-3 Months (High Risk)
16.0,20.0,3,Grocery,5,Divorced,7,0,0.0,271.59,0,6-24 Months (Regular),Moderate,Active,480.0,0.0,Low Risk (<30%),12+ Months (Loyal)
5.0,9.0,3,Laptop & Accessory,5,Married,2,0,3.0,167.25,0,0-6 Months (New),Near,Active,150.0,0.0,Low Risk (<30%),4-6 Months (Mid-High)
0.0,14.0,3,Mobile Phone,1,Single,1,1,2.0,123.789999999999,0,0-6 Months (New),Moderate,Active,0.0,0.05,Low Risk (<30%),0-3 Months (High Risk)
5.0,8.0,3,Mobile Phone,1,Single,1,0,6.0,130.68,0,0-6 Months (New),Near,Active,150.0,0.0,Low Risk (<30%),4-6 Months (Mid-High)
0.0,32.0,4,Mobile Phone,3,Married,2,1,3.0,128.14,0,0-6 Months (New),Far,Active,0.0,0.17,Low Risk (<30%),0-3 Months (High Risk)
16.0,28.0,4,Laptop & Accessory,3,Married,4,0,3.0,177.65,0,6-24 Months (Regular),Far,Active,480.0,0.0,Low Risk (<30%),12+ Months (Loyal)
4.0,6.0,3,Laptop & Accessory,1,Single,9,1,5.0,159.93,1,0-6 Months (New),Near,Active,120.0,0.83,High Risk (>70%),4-6 Months (Mid-High)
8.0,13.0,3,Laptop & Accessory,1,Married,2,1,9.0,152.04,0,6-24 Months (Regular),Moderate,Active,240.0,0.0,Low Risk (<30%),7-12 Months (Moderate)
0.0,13.0,3,Mobile Phone,4,Single,2,0,0.0,126.789999999999,1,0-6 Months (New),Moderate,Active,0.0,0.91,High Risk (>70%),0-3 Months (High Risk)
11.0,7.0,4,Mobile Phone,1,Single,3,0,8.0,146.15,0,6-24 Months (Regular),Near,Active,330.0,0.0,Low Risk (<30%),7-12 Months (Moderate)
11.0,9.0,3,Mobile Phone,3,Divorced,4,0,2.0,128.21,0,6-24 Months (Regular),Near,Active,330.0,0.0,Low Risk (<30%),7-12 Months (Moderate)
9.0,22.0,5,Mobile Phone,5,Married,2,1,0.0,123.07,1,6-24 Months (Regular),Far,Active,270.0,0.94,High Risk (>70%),7-12 Months (Moderate)
0.0,14.0,4,Mobile Phone,3,Single,2,1,2.0,139.89,1,0-6 Months (New),Moderate,Active,0.0,0.83,High Risk (>70%),0-3 Months (High Risk)
8.0,10.0,4,Laptop & Accessory,4,Married,3,0,10.0,179.33,0,6-24 Months (Regular),Near,Active,240.0,0.0,Low Risk (<30%),7-12 Months (Moderate)
5.0,7.0,6,Laptop & Accessory,5,Married,3,0,8.0,175.03,0,0-6 Months (New),Near,Active,150.0,0.0,Low Risk (<30%),4-6 Months (Mid-High)
6.0,9.0,4,Laptop & Accessory,4,Married,2,0,7.0,179.7,0,0-6 Months (New),Near,Active,180.0,0.02,Low Risk (<30%),4-6 Months (Mid-High)
9.0,10.0,4,Laptop & Accessory,1,Single,2,0,8.0,158.1,0,6-24 Months (Regular),Near,Active,270.0,0.0,Low Risk (<30%),7-12 Months (Moderate)
12.0,13.0,5,Mobile Phone,3,Married,3,0,5.0,162.02,0,6-24 Months (Regular),Moderate,Active,360.0,0.01,Low Risk (<30%),7-12 Months (Moderate)
0.0,29.0,3,Mobile Phone,2,Married,2,0,2.0,128.86,0,0-6 Months (New),Far,Active,0.0,0.03,Low Risk (<30%),0-3 Months (High Risk)
0.0,6.0,3,Laptop & Accessory,4,Married,1,1,4.0,163.49,0,0-6 Months (New),Near,Active,0.0,0.09,Low Risk (<30%),0-3 Months (High Risk)
14.0,7.0,3,Mobile Phone,1,Married,4,0,0.0,127.82,0,6-24 Months (Regular),Near,Active,420.0,0.0,Low Risk (<30%),12+ Months (Loyal)
2.0,7.0,3,Mobile Phone,1,Married,2,0,2.0,137.6,0,0-6 Months (New),Near,Active,60.0,0.01,Low Risk (<30%),0-3 Months (High Risk)
4.0,11.0,3,Mobile Phone,2,Divorced,1,1,3.0,148.21,0,0-6 Months (New),Moderate,Active,120.0,0.0,Low Risk (<30%),4-6 Months (Mid-High)
1.0,9.0,2,Laptop & Accessory,2,Divorced,3,0,4.0,179.72,0,0-6 Months (New),Near,Active,30.0,0.03,Low Risk (<30%),0-3 Months (High Risk)
5.0,14.0,4,Laptop & Accessory,4,Married,2,1,9.0,152.28,0,0-6 Months (New),Moderate,Active,150.0,0.01,Low Risk (<30%),4-6 Months (Mid-High)
1.0,7.0,5,Mobile Phone,5,Single,8,0,8.0,148.62,1,0-6 Months (New),Near,Active,30.0,0.95,High Risk (>70%),0-3 Months (High Risk)
6.0,20.0,5,Mobile Phone,4,Married,3,0,3.0,159.0,0,0-6 Months (New),Moderate,Active,180.0,0.05,Low Risk (<30%),4-6 Months (Mid-High)
0.0,7.0,5,Laptop & Accessory,4,Single,7,0,0.0,167.35,1,0-6 Months (New),Near,Active,0.0,0.92,High Risk (>70%),0-3 Months (High Risk)
17.0,6.0,1,Laptop & Accessory,5,Married,3,0,2.0,150.33,0,6-24 Months (Regular),Near,Active,510.0,0.0,Low Risk (<30%),12+ Months (Loyal)
18.0,6.0,3,Fashion,4,Married,2,0,7.0,174.41,0,6-24 Months (Regular),Near,Active,540.0,0.01,Low Risk (<30%),12+ Months (Loyal)
17.0,10.0,6,Others,2,Divorced,5,0,8.0,322.4,0,6-24 Months (Regular),Near,Active,510.0,0.15,Low Risk (<30%),12+ Months (Loyal)
15.0,16.0,4,Others,3,Married,4,0,12.0,319.19,0,6-24 Months (Regular),Moderate,Active,450.0,0.02,Low Risk (<30%),12+ Months (Loyal)
25.0,21.0,4,Laptop & Accessory,1,Married,6,0,8.0,174.36,0,24+ Months (Loyal),Far,Active,750.0,0.0,Low Risk (<30%),12+ Months (Loyal)
13.0,27.0,4,Laptop & Accessory,1,Married,4,0,3.0,166.27,0,6-24 Months (Regular),Far,Active,390.0,0.0,Low Risk (<30%),12+ Months (Loyal)
1.0,9.0,4,Mobile Phone,5,Married,3,1,1.0,145.74,1,0-6 Months (New),Near,Active,30.0,0.99,High Risk (>70%),0-3 Months (High Risk)
3.0,11.0,4,Mobile Phone,1,Married,10,0,3.0,137.61,0,0-6 Months (New),Moderate,Active,90.0,0.02,Low Risk (<30%),0-3 Months (High Risk)
11.0,8.0,3,Mobile Phone,3,Divorced,7,1,1.0,130.57,0,6-24 Months (Regular),Near,Active,330.0,0.03,Low Risk (<30%),7-12 Months (Moderate)
1.0,9.0,5,Mobile Phone,1,Single,3,0,1.0,150.64,1,0-6 Months (New),Near,Active,30.0,0.97,High Risk (>70%),0-3 Months (High Risk)
0.0,10.0,3,Fashion,5,Single,1,1,7.0,195.82,1,0-6 Months (New),Near,Active,0.0,0.99,High Risk (>70%),0-3 Months (High Risk)
13.0,32.0,3,Laptop & Accessory,5,Married,2,0,5.0,183.96,0,6-24 Months (Regular),Far,Active,390.0,0.01,Low Risk (<30%),12+ Months (Loyal)
2.0,23.0,4,Mobile Phone,3,Single,3,0,5.0,146.44,0,0-6 Months (New),Far,Active,60.0,0.0,Low Risk (<30%),0-3 Months (High Risk)
5.0,7.0,6,Laptop & Accessory,3,Divorced,2,0,5.0,168.45,0,0-6 Months (New),Near,Active,150.0,0.0,Low Risk (<30%),4-6 Months (Mid-High)
6.0,14.0,4,Mobile Phone,1,Single,1,0,2.0,123.419999999999,0,0-6 Months (New),Moderate,Active,180.0,0.02,Low Risk (<30%),4-6 Months (Mid-High)
16.0,16.0,4,Laptop & Accessory,3,Married,2,0,0.0,152.57,0,6-24 Months (Regular),Moderate,Active,480.0,0.0,Low Risk (<30%),12+ Months (Loyal)
2.0,15.0,4,Mobile Phone,1,Single,1,0,2.0,139.83,0,0-6 Months (New),Moderate,Active,60.0,0.02,Low Risk (<30%),0-3 Months (High Risk)
1.0,32.0,2,Mobile Phone,1,Single,3,1,2.0,154.94,0,0-6 Months (New),Far,Active,30.0,0.04,Low Risk (<30%),0-3 Months (High Risk)
9.0,32.0,5,Laptop & Accessory,1,Single,6,0,3.0,161.81,0,6-24 Months (Regular),Far,Active,270.0,0.0,Low Risk (<30%),7-12 Months (Moderate)
9.0,20.0,3,Mobile Phone,3,Single,2,0,0.0,115.139999999999,0,6-24 Months (Regular),Moderate,Active,270.0,0.07,Low Risk (<30%),7-12 Months (Moderate)
8.0,7.0,4,Mobile Phone,2,Divorced,3,0,9.0,151.91,0,6-24 Months (Regular),Near,Active,240.0,0.0,Low Risk (<30%),7-12 Months (Moderate)
1.0,11.0,4,Mobile Phone,4,Single,3,0,3.0,157.95,0,0-6 Months (New),Moderate,Active,30.0,0.01,Low Risk (<30%),0-3 Months (High Risk)
3.0,31.0,4,Fashion,4,Single,3,1,0.0,190.94,1,0-6 Months (New),Far,Active,90.0,0.72,High Risk (>70%),0-3 Months (High Risk)
0.0,14.0,3,Mobile Phone,5,Single,6,1,4.0,126.57,1,0-6 Months (New),Moderate,Active,0.0,0.91,High Risk (>70%),0-3 Months (High Risk)
5.0,19.0,4,Mobile Phone,4,Married,2,0,2.0,134.0,0,0-6 Months (New),Moderate,Active,150.0,0.0,Low Risk (<30%),4-6 Months (Mid-High)
3.0,23.0,3,Fashion,5,Divorced,2,1,3.0,219.16,0,0-6 Months (New),Far,Active,90.0,0.06,Low Risk (<30%),0-3 Months (High Risk)
10.0,31.0,4,Laptop & Accessory,2,Married,8,0,3.0,157.31,0,6-24 Months (Regular),Far,Active,300.0,0.0,Low Risk (<30%),7-12 Months (Moderate)
20.0,12.0,4,Laptop & Accessory,4,Married,3,1,3.0,175.21,0,6-24 Months (Regular),Moderate,Active,600.0,0.13,Low Risk (<30%),12+ Months (Loyal)
9.0,6.0,3,Mobile Phone,3,Divorced,2,0,1.0,112.229999999999,0,6-24 Months (Regular),Near,Active,270.0,0.0,Low Risk (<30%),7-12 Months (Moderate)
12.0,8.0,1,Fashion,3,Single,1,0,7.0,178.8,0,6-24 Months (Regular),Near,Active,360.0,0.08,Low Risk (<30%),7-12 Months (Moderate)
8.0,16.0,4,Laptop & Accessory,3,Married,3,0,4.0,182.14,0,6-24 Months (Regular),Moderate,Active,240.0,0.0,Low Risk (<30%),7-12 Months (Moderate)
10.0,10.0,4,Mobile Phone,4,Single,6,0,3.0,145.88,0,6-24 Months (Regular),Near,Active,300.0,0.0,Low Risk (<30%),7-12 Months (Moderate)
4.0,13.0,2,Laptop & Accessory,2,Divorced,5,0,7.0,169.29,0,0-6 Months (New),Moderate,Active,120.0,0.0,Low Risk (<30%),4-6 Months (Mid-High)
1.0,12.0,5,Laptop & Accessory,3,Single,3,1,4.0,182.44,1,0-6 Months (New),Moderate,Active,30.0,0.82,High Risk (>70%),0-3 Months (High Risk)
0.0,16.0,3,Fashion,5,Married,2,0,7.0,187.93,0,0-6 Months (New),Moderate,Active,0.0,0.01,Low Risk (<30%),0-3 Months (High Risk)
10.0,12.0,4,Laptop & Accessory,4,Single,10,0,8.0,184.14,0,6-24 Months (Regular),Moderate,Active,300.0,0.0,Low Risk (<30%),7-12 Months (Moderate)
9.0,14.0,2,Fashion,5,Divorced,10,0,3.0,217.13,0,6-24 Months (Regular),Moderate,Active,270.0,0.01,Low Risk (<30%),7-12 Months (Moderate)
6.0,31.0,4,Laptop & Accessory,2,Divorced,3,0,8.0,178.09,0,0-6 Months (New),Far,Active,180.0,0.0,Low Risk (<30%),4-6 Months (Mid-High)
30.0,7.0,1,Laptop & Accessory,3,Married,1,0,8.0,149.0,0,24+ Months (Loyal),Near,Active,900.0,0.0,Low Risk (<30%),12+ Months (Loyal)
11.0,8.0,3,Laptop & Accessory,3,Divorced,10,0,0.0,165.53,0,6-24 Months (Regular),Near,Active,330.0,0.0,Low Risk (<30%),7-12 Months (Moderate)
1.0,17.0,4,Laptop & Accessory,1,Single,2,0,2.0,174.5,0,0-6 Months (New),Moderate,Active,30.0,0.08,Low Risk (<30%),0-3 Months (High Risk)
6.0,8.0,3,Mobile Phone,3,Married,2,0,4.0,136.0,0,0-6 Months (New),Near,Active,180.0,0.0,Low Risk (<30%),4-6 Months (Mid-High)
7.0,7.0,3,Mobile Phone,5,Married,6,0,3.0,129.96,0,6-24 Months (Regular),Near,Active,210.0,0.02,Low Risk (<30%),7-12 Months (Moderate)
15.0,9.0,1,Laptop & Accessory,1,Married,3,1,3.0,152.31,0,6-24 Months (Regular),Near,Active,450.0,0.03,Low Risk (<30%),12+ Months (Loyal)
18.0,7.0,5,Laptop & Accessory,3,Single,6,0,3.0,184.85,0,6-24 Months (Regular),Near,Active,540.0,0.0,Low Risk (<30%),12+ Months (Loyal)
8.0,7.0,2,Laptop & Accessory,1,Married,2,0,3.0,222.25,0,6-24 Months (Regular),Near,Active,240.0,0.0,Low Risk (<30%),7-12 Months (Moderate)
14.0,16.0,4,Grocery,5,Married,5,0,7.0,271.81,0,6-24 Months (Regular),Moderate,Active,420.0,0.01,Low Risk (<30%),12+ Months (Loyal)
7.0,16.0,3,Mobile Phone,3,Single,2,1,2.0,129.36,1,6-24 Months (Regular),Moderate,Active,210.0,0.62,Medium Risk (30-70%),7-12 Months (Moderate)
20.0,22.0,4,Others,4,Married,7,0,4.0,315.81,0,6-24 Months (Regular),Far,Active,600.0,0.0,Low Risk (<30%),12+ Months (Loyal)
13.0,9.0,2,Fashion,3,Single,2,0,8.0,203.8,0,6-24 Months (Regular),Near,Active,390.0,0.05,Low Risk (<30%),12+ Months (Loyal)
1.0,18.0,3,Laptop & Accessory,3,Divorced,10,0,3.0,172.07,1,0-6 Months (New),Moderate,Active,30.0,0.66,Medium Risk (30-70%),0-3 Months (High Risk)
10.0,10.0,5,Fashion,2,Divorced,6,0,3.0,221.99,0,6-24 Months (Regular),Near,Active,300.0,0.0,Low Risk (<30%),7-12 Months (Moderate)
12.0,9.0,6,Laptop & Accessory,1,Married,4,1,4.0,179.05,0,6-24 Months (Regular),Near,Active,360.0,0.03,Low Risk (<30%),7-12 Months (Moderate)
9.0,8.0,3,Mobile Phone,4,Single,2,0,0.0,113.93,1,6-24 Months (Regular),Near,Active,270.0,0.83,High Risk (>70%),7-12 Months (Moderate)
4.0,18.0,3,Laptop & Accessory,1,Married,1,1,5.0,158.55,0,0-6 Months (New),Moderate,Active,120.0,0.26,Low Risk (<30%),4-6 Months (Mid-High)
1.0,9.0,5,Mobile Phone,1,Single,2,0,2.0,164.04,0,0-6 Months (New),Near,Active,30.0,0.15,Low Risk (<30%),0-3 Months (High Risk)
7.0,12.0,4,Fashion,4,Divorced,8,0,9.0,243.779999999999,0,6-24 Months (Regular),Moderate,Active,210.0,0.01,Low Risk (<30%),7-12 Months (Moderate)
1.0,9.0,5,Mobile Phone,2,Single,9,0,1.0,152.85,1,0-6 Months (New),Near,Active,30.0,0.7,High Risk (>70%),0-3 Months (High Risk)
8.0,13.0,5,Laptop & Accessory,4,Married,8,0,1.0,170.05,0,6-24 Months (Regular),Moderate,Active,240.0,0.0,Low Risk (<30%),7-12 Months (Moderate)
10.0,17.0,4,Fashion,4,Married,7,0,8.0,198.14,1,6-24 Months (Regular),Moderate,Active,300.0,0.54,Medium Risk (30-70%),7-12 Months (Moderate)
26.0,127.0,4,Mobile Phone,1,Married,4,0,1.0,159.82,0,24+ Months (Loyal),Far,Active,780.0,0.0,Low Risk (<30%),12+ Months (Loyal)
21.0,14.0,1,Mobile Phone,4,Single,6,0,0.0,125.59,0,6-24 Months (Regular),Moderate,Active,630.0,0.11,Low Risk (<30%),12+ Months (Loyal)
8.0,18.0,5,Laptop & Accessory,4,Divorced,6,0,9.0,169.9,0,6-24 Months (Regular),Moderate,Active,240.0,0.0,Low Risk (<30%),7-12 Months (Moderate)
0.0,14.0,2,Mobile Phone,4,Married,2,1,2.0,123.28,0,0-6 Months (New),Moderate,Active,0.0,0.28,Low Risk (<30%),0-3 Months (High Risk)
10.0,18.0,4,Fashion,1,Married,2,0,3.0,222.38,0,6-24 Months (Regular),Moderate,Active,300.0,0.004,Low Risk (<30%),7-12 Months (Moderate)
8.0,24.0,3,Fashion,2,Single,3,0,2.0,193.62,0,6-24 Months (Regular),Far,Active,240.0,0.03,Low Risk (<30%),7-12 Months (Moderate)
21.0,8.0,4,Fashion,4,Married,2,0,13.0,244.57,0,6-24 Months (Regular),Near,Active,630.0,0.0,Low Risk (<30%),12+ Months (Loyal)
3.0,27.0,4,Mobile Phone,2,Divorced,3,0,3.0,146.57,0,0-6 Months (New),Far,Active,90.0,0.0,Low Risk (<30%),0-3 Months (High Risk)
13.0,16.0,4,Laptop & Accessory,4,Married,8,0,3.0,168.52,0,6-24 Months (Regular),Moderate,Active,390.0,0.02,Low Risk (<30%),12+ Months (Loyal)
2.0,21.0,4,Laptop & Accessory,3,Single,1,1,8.0,141.93,0,0-6 Months (New),Far,Active,60.0,0.02,Low Risk (<30%),0-3 Months (High Risk)
15.0,23.0,1,Laptop & Accessory,5,Single,4,1,2.0,165.45,0,6-24 Months (Regular),Far,Active,450.0,0.02,Low Risk (<30%),12+ Months (Loyal)
0.0,35.0,5,Laptop & Accessory,5,Single,9,0,2.0,149.69,1,0-6 Months (New),Far,Active,0.0,0.85,High Risk (>70%),0-3 Months (High Risk)
16.0,9.0,4,Laptop & Accessory,2,Divorced,3,0,3.0,165.89,0,6-24 Months (Regular),Near,Active,480.0,0.0,Low Risk (<30%),12+ Months (Loyal)
6.0,28.0,3,Laptop & Accessory,4,Married,1,0,7.0,161.46,0,0-6 Months (New),Far,Active,180.0,0.0,Low Risk (<30%),4-6 Months (Mid-High)
21.0,8.0,3,Laptop & Accessory,2,Divorced,3,0,7.0,140.51,0,6-24 Months (Regular),Near,Active,630.0,0.01,Low Risk (<30%),12+ Months (Loyal)
4.0,30.0,6,Mobile Phone,3,Married,3,0,10.0,151.13,0,0-6 Months (New),Far,Active,120.0,0.02,Low Risk (<30%),4-6 Months (Mid-High)
13.0,9.0,5,Laptop & Accessory,3,Single,3,0,11.0,170.53,0,6-24 Months (Regular),Near,Active,390.0,0.0,Low Risk (<30%),12+ Months (Loyal)
10.0,13.0,2,Laptop & Accessory,5,Married,5,1,3.0,180.62,0,6-24 Months (Regular),Moderate,Active,300.0,0.12,Low Risk (<30%),7-12 Months (Moderate)
12.0,9.0,4,Mobile Phone,1,Married,3,1,1.0,142.02,0,6-24 Months (Regular),Near,Active,360.0,0.01,Low Risk (<30%),7-12 Months (Moderate)
21.0,9.0,4,Others,4,Single,9,1,9.0,317.46,1,6-24 Months (Regular),Near,Active,630.0,0.73,High Risk (>70%),12+ Months (Loyal)
0.0,14.0,4,Mobile Phone,4,Married,2,1,0.0,124.13,1,0-6 Months (New),Moderate,Active,0.0,1.0,High Risk (>70%),0-3 Months (High Risk)
17.0,16.0,4,Mobile Phone,3,Single,6,0,3.0,149.38,0,6-24 Months (Regular),Moderate,Active,510.0,0.0,Low Risk (<30%),12+ Months (Loyal)
16.0,10.0,4,Fashion,2,Single,4,0,17.0,202.31,0,6-24 Months (Regular),Near,Active,480.0,0.01,Low Risk (<30%),12+ Months (Loyal)
4.0,9.0,5,Mobile Phone,1,Single,2,0,3.0,152.2,0,0-6 Months (New),Near,Active,120.0,0.01,Low Risk (<30%),4-6 Months (Mid-High)
0.0,21.0,5,Laptop & Accessory,1,Married,7,1,2.0,154.4,1,0-6 Months (New),Far,Active,0.0,0.83,High Risk (>70%),0-3 Months (High Risk)
23.0,15.0,5,Laptop & Accessory,4,Married,3,0,8.0,176.3,0,6-24 Months (Regular),Moderate,Active,690.0,0.0,Low Risk (<30%),12+ Months (Loyal)
26.0,13.0,4,Laptop & Accessory,5,Married,5,1,10.0,180.77,0,24+ Months (Loyal),Moderate,Active,780.0,0.0,Low Risk (<30%),12+ Months (Loyal)
12.0,8.0,4,Mobile Phone,4,Married,2,1,3.0,154.91,0,6-24 Months (Regular),Near,Active,360.0,0.01,Low Risk (<30%),7-12 Months (Moderate)
1.0,33.0,5,Laptop & Accessory,5,Married,1,0,0.0,0.0,0,0-6 Months (New),Far,Active,30.0,0.15,Low Risk (<30%),0-3 Months (High Risk)
12.0,14.0,2,Laptop & Accessory,5,Married,3,1,8.0,181.05,0,6-24 Months (Regular),Moderate,Active,360.0,0.0,Low Risk (<30%),7-12 Months (Moderate)
9.0,15.0,3,Mobile Phone,4,Married,7,0,2.0,120.24,0,6-24 Months (Regular),Moderate,Active,270.0,0.0,Low Risk (<30%),7-12 Months (Moderate)
1.0,20.0,4,Mobile Phone,3,Divorced,3,0,7.0,145.96,0,0-6 Months (New),Moderate,Active,30.0,0.17,Low Risk (<30%),0-3 Months (High Risk)
17.0,9.0,3,Others,2,Divorced,5,1,1.0,295.13,0,6-24 Months (Regular),Near,Active,510.0,0.0,Low Risk (<30%),12+ Months (Loyal)
20.0,12.0,4,Laptop & Accessory,1,Single,6,1,9.0,182.72,0,6-24 Months (Regular),Moderate,Active,600.0,0.03,Low Risk (<30%),12+ Months (Loyal)
31.0,36.0,5,Grocery,1,Married,5,0,1.0,266.18,0,24+ Months (Loyal),Far,Active,930.0,0.0,Low Risk (<30%),12+ Months (Loyal)
0.0,14.0,3,Mobile Phone,1,Married,6,1,4.0,124.36,1,0-6 Months (New),Moderate,Active,0.0,0.95,High Risk (>70%),0-3 Months (High Risk)
4.0,16.0,5,Mobile Phone,3,Single,3,0,9.0,147.06,0,0-6 Months (New),Moderate,Active,120.0,0.0,Low Risk (<30%),4-6 Months (Mid-High)
12.0,14.0,5,Laptop & Accessory,1,Single,2,0,6.0,165.28,0,6-24 Months (Regular),Moderate,Active,360.0,0.0,Low Risk (<30%),7-12 Months (Moderate)
8.0,15.0,4,Laptop & Accessory,5,Married,5,0,1.0,176.21,0,6-24 Months (Regular),Moderate,Active,240.0,0.0,Low Risk (<30%),7-12 Months (Moderate)
12.0,26.0,3,Laptop & Accessory,1,Married,3,0,2.0,141.27,0,6-24 Months (Regular),Far,Active,360.0,0.02,Low Risk (<30%),7-12 Months (Moderate)
5.0,14.0,5,Fashion,1,Married,11,0,2.0,240.57,0,0-6 Months (New),Moderate,Active,150.0,0.01,Low Risk (<30%),4-6 Months (Mid-High)
7.0,14.0,4,Laptop & Accessory,5,Divorced,2,0,4.0,168.73,0,6-24 Months (Regular),Moderate,Active,210.0,0.0,Low Risk (<30%),7-12 Months (Moderate)
10.0,13.0,4,Laptop & Accessory,4,Married,8,0,2.0,174.41,0,6-24 Months (Regular),Moderate,Active,300.0,0.0,Low Risk (<30%),7-12 Months (Moderate)
2.0,26.0,3,Laptop & Accessory,2,Married,3,0,2.0,169.31,0,0-6 Months (New),Far,Active,60.0,0.0,Low Risk (<30%),0-3 Months (High Risk)
16.0,8.0,3,Laptop & Accessory,1,Married,2,1,8.0,178.47,0,6-24 Months (Regular),Near,Active,480.0,0.03,Low Risk (<30%),12+ Months (Loyal)
28.0,8.0,4,Grocery,5,Single,8,0,2.0,267.56,0,24+ Months (Loyal),Near,Active,840.0,0.0,Low Risk (<30%),12+ Months (Loyal)
22.0,16.0,3,Others,5,Single,10,1,2.0,286.65,0,6-24 Months (Regular),Moderate,Active,660.0,0.0,Low Risk (<30%),12+ Months (Loyal)
0.0,8.0,3,Mobile Phone,5,Married,1,0,2.0,130.41,1,0-6 Months (New),Near,Active,0.0,0.7,High Risk (>70%),0-3 Months (High Risk)
12.0,10.0,3,Laptop & Accessory,3,Single,1,0,8.0,150.42,0,6-24 Months (Regular),Near,Active,360.0,0.0,Low Risk (<30%),7-12 Months (Moderate)
27.0,8.0,4,Fashion,3,Married,7,0,0.0,206.86,0,24+ Months (Loyal),Near,Active,810.0,0.0,Low Risk (<30%),12+ Months (Loyal)
1.0,12.0,5,Mobile Phone,3,Married,3,1,8.0,148.66,1,0-6 Months (New),Moderate,Active,30.0,1.0,High Risk (>70%),0-3 Months (High Risk)
0.0,34.0,3,Laptop & Accessory,4,Married,2,0,4.0,162.72,0,0-6 Months (New),Far,Active,0.0,0.0,Low Risk (<30%),0-3 Months (High Risk)
0.0,34.0,4,Laptop & Accessory,5,Single,4,0,3.0,142.84,1,0-6 Months (New),Far,Active,0.0,0.62,Medium Risk (30-70%),0-3 Months (High Risk)
4.0,12.0,4,Fashion,1,Married,4,0,3.0,219.19,0,0-6 Months (New),Moderate,Active,120.0,0.06,Low Risk (<30%),4-6 Months (Mid-High)
26.0,6.0,3,Laptop & Accessory,5,Single,8,0,10.0,183.81,0,24+ Months (Loyal),Near,Active,780.0,0.0,Low Risk (<30%),12+ Months (Loyal)
9.0,8.0,4,Mobile Phone,3,Single,2,0,2.0,120.44,1,6-24 Months (Regular),Near,Active,270.0,0.64,Medium Risk (30-70%),7-12 Months (Moderate)
8.0,8.0,3,Laptop & Accessory,5,Married,3,0,0.0,150.93,0,6-24 Months (Regular),Near,Active,240.0,0.02,Low Risk (<30%),7-12 Months (Moderate)
24.0,16.0,4,Mobile Phone,1,Married,6,0,1.0,148.8,0,6-24 Months (Regular),Moderate,Active,720.0,0.06,Low Risk (<30%),12+ Months (Loyal)
2.0,22.0,4,Mobile Phone,3,Married,3,0,3.0,147.07,0,0-6 Months (New),Far,Active,60.0,0.0,Low Risk (<30%),0-3 Months (High Risk)
6.0,11.0,4,Mobile Phone,1,Married,2,0,2.0,129.11,0,0-6 Months (New),Moderate,Active,180.0,0.0,Low Risk (<30%),4-6 Months (Mid-High)
1.0,14.0,5,Mobile Phone,1,Married,3,0,2.0,153.89,0,0-6 Months (New),Moderate,Active,30.0,0.17,Low Risk (<30%),0-3 Months (High Risk)
19.0,36.0,4,Fashion,1,Divorced,6,1,3.0,218.8,0,6-24 Months (Regular),Far,Active,570.0,0.0,Low Risk (<30%),12+ Months (Loyal)
10.0,12.0,4,Fashion,5,Married,6,0,3.0,205.08,0,6-24 Months (Regular),Moderate,Active,300.0,0.1,Low Risk (<30%),7-12 Months (Moderate)
5.0,9.0,3,Fashion,1,Single,4,0,3.0,211.589999999999,0,0-6 Months (New),Near,Active,150.0,0.01,Low Risk (<30%),4-6 Months (Mid-High)
0.0,13.0,3,Laptop & Accessory,3,Divorced,2,0,1.0,148.83,1,0-6 Months (New),Moderate,Active,0.0,0.72,High Risk (>70%),0-3 Months (High Risk)
0.0,30.0,5,Mobile Phone,1,Single,2,1,0.0,111.18,1,0-6 Months (New),Far,Active,0.0,1.0,High Risk (>70%),0-3 Months (High Risk)
9.0,18.0,4,Mobile Phone,3,Married,9,1,3.0,151.6,0,6-24 Months (Regular),Moderate,Active,270.0,0.06,Low Risk (<30%),7-12 Months (Moderate)
4.0,14.0,4,Mobile Phone,3,Married,4,0,2.0,123.289999999999,0,0-6 Months (New),Moderate,Active,120.0,0.0,Low Risk (<30%),4-6 Months (Mid-High)
5.0,12.0,5,Mobile Phone,5,Married,8,0,1.0,146.07,1,0-6 Months (New),Moderate,Active,150.0,0.69,Medium Risk (30-70%),4-6 Months (Mid-High)
21.0,6.0,4,Grocery,5,Divorced,8,0,2.0,254.019999999999,0,6-24 Months (Regular),Near,Active,630.0,0.0,Low Risk (<30%),12+ Months (Loyal)
1.0,10.0,4,Laptop & Accessory,3,Married,2,0,3.0,174.99,0,0-6 Months (New),Near,Active,30.0,0.02,Low Risk (<30%),0-3 Months (High Risk)
26.0,11.0,4,Grocery,1,Married,4,0,5.0,290.55,0,24+ Months (Loyal),Moderate,Active,780.0,0.0,Low Risk (<30%),12+ Months (Loyal)
1.0,17.0,5,Mobile Phone,4,Single,3,1,1.0,143.59,1,0-6 Months (New),Moderate,Active,30.0,1.0,High Risk (>70%),0-3 Months (High Risk)
1.0,9.0,4,Mobile Phone,5,Married,8,1,3.0,145.42,1,0-6 Months (New),Near,Active,30.0,0.99,High Risk (>70%),0-3 Months (High Risk)
10.0,16.0,3,Mobile Phone,5,Divorced,7,0,3.0,134.52,0,6-24 Months (Regular),Moderate,Active,300.0,0.0,Low Risk (<30%),7-12 Months (Moderate)
16.0,9.0,5,Mobile Phone,4,Married,6,0,1.0,173.41,0,6-24 Months (Regular),Near,Active,480.0,0.0,Low Risk (<30%),12+ Months (Loyal)
4.0,8.0,5,Mobile Phone,2,Married,5,1,0.0,127.78,1,0-6 Months (New),Near,Active,120.0,0.88,High Risk (>70%),4-6 Months (Mid-High)
8.0,24.0,3,Laptop & Accessory,5,Married,1,0,4.0,155.61,0,6-24 Months (Regular),Far,Active,240.0,0.0,Low Risk (<30%),7-12 Months (Moderate)
7.0,35.0,3,Fashion,4,Married,4,0,3.0,192.5,0,6-24 Months (Regular),Far,Active,210.0,0.02,Low Risk (<30%),7-12 Months (Moderate)
7.0,12.0,4,Laptop & Accessory,4,Married,7,0,0.0,145.05,0,6-24 Months (Regular),Moderate,Active,210.0,0.01,Low Risk (<30%),7-12 Months (Moderate)
24.0,24.0,5,Fashion,5,Married,7,0,12.0,257.69,0,6-24 Months (Regular),Far,Active,720.0,0.0,Low Risk (<30%),12+ Months (Loyal)
5.0,30.0,3,Laptop & Accessory,1,Married,2,0,7.0,153.09,0,0-6 Months (New),Far,Active,150.0,0.0,Low Risk (<30%),4-6 Months (Mid-High)
0.0,11.0,3,Others,3,Married,7,0,0.0,283.03,0,0-6 Months (New),Moderate,Active,0.0,0.28,Low Risk (<30%),0-3 Months (High Risk)
10.0,25.0,3,Mobile Phone,2,Divorced,6,0,1.0,161.88,0,6-24 Months (Regular),Far,Active,300.0,0.0,Low Risk (<30%),7-12 Months (Moderate)
1.0,23.0,2,Mobile Phone,1,Married,3,1,1.0,154.35,0,0-6 Months (New),Far,Active,30.0,0.18,Low Risk (<30%),0-3 Months (High Risk)
9.0,10.0,3,Mobile Phone,1,Single,10,1,0.0,122.85,1,6-24 Months (Regular),Near,Active,270.0,0.98,High Risk (>70%),7-12 Months (Moderate)
3.0,14.0,5,Mobile Phone,2,Married,8,0,4.0,150.32,0,0-6 Months (New),Moderate,Active,90.0,0.02,Low Risk (<30%),0-3 Months (High Risk)
12.0,6.0,4,Grocery,1,Married,2,0,3.0,227.42,0,6-24 Months (Regular),Near,Active,360.0,0.02,Low Risk (<30%),7-12 Months (Moderate)
3.0,7.0,4,Laptop & Accessory,3,Divorced,3,0,10.0,168.19,0,0-6 Months (New),Near,Active,90.0,0.01,Low Risk (<30%),0-3 Months (High Risk)
4.0,29.0,4,Fashion,5,Married,2,0,9.0,209.12,0,0-6 Months (New),Far,Active,120.0,0.01,Low Risk (<30%),4-6 Months (Mid-High)
13.0,17.0,4,Grocery,5,Divorced,3,1,11.0,295.68,0,6-24 Months (Regular),Moderate,Active,390.0,0.01,Low Risk (<30%),12+ Months (Loyal)
1.0,32.0,2,Mobile Phone,2,Single,3,1,2.0,154.94,0,0-6 Months (New),Far,Active,30.0,0.04,Low Risk (<30%),0-3 Months (High Risk)
2.0,8.0,4,Mobile Phone,3,Single,2,1,3.0,146.54,0,0-6 Months (New),Near,Active,60.0,0.07,Low Risk (<30%),0-3 Months (High Risk)
8.0,6.0,5,Mobile Phone,1,Married,2,0,1.0,129.77,0,6-24 Months (Regular),Near,Active,240.0,0.06,Low Risk (<30%),7-12 Months (Moderate)
16.0,9.0,5,Laptop & Accessory,1,Single,5,0,1.0,192.81,0,6-24 Months (Regular),Near,Active,480.0,0.0,Low Risk (<30%),12+ Months (Loyal)
28.0,32.0,1,Others,4,Married,5,1,4.0,296.36,0,24+ Months (Loyal),Far,Active,840.0,0.01,Low Risk (<30%),12+ Months (Loyal)
24.0,9.0,3,Grocery,4,Single,4,0,0.0,237.339999999999,0,6-24 Months (Regular),Near,Active,720.0,0.0,Low Risk (<30%),12+ Months (Loyal)
7.0,14.0,4,Laptop & Accessory,4,Divorced,2,0,3.0,168.02,0,6-24 Months (Regular),Moderate,Active,210.0,0.0,Low Risk (<30%),7-12 Months (Moderate)
14.0,7.0,3,Laptop & Accessory,5,Married,1,0,7.0,141.03,0,6-24 Months (Regular),Near,Active,420.0,0.0,Low Risk (<30%),12+ Months (Loyal)
4.0,12.0,5,Mobile Phone,2,Married,11,0,4.0,162.61,0,0-6 Months (New),Moderate,Active,120.0,0.0,Low Risk (<30%),4-6 Months (Mid-High)
11.0,14.0,3,Mobile Phone,4,Married,6,0,8.0,125.919999999999,0,6-24 Months (Regular),Moderate,Active,330.0,0.01,Low Risk (<30%),7-12 Months (Moderate)
12.0,32.0,5,Fashion,4,Married,5,0,2.0,245.61,0,6-24 Months (Regular),Far,Active,360.0,0.01,Low Risk (<30%),7-12 Months (Moderate)
5.0,6.0,3,Fashion,1,Married,2,0,7.0,204.22,0,0-6 Months (New),Near,Active,150.0,0.03,Low Risk (<30%),4-6 Months (Mid-High)
5.0,14.0,3,Laptop & Accessory,2,Divorced,6,0,8.0,194.29,0,0-6 Months (New),Moderate,Active,150.0,0.03,Low Risk (<30%),4-6 Months (Mid-High)
25.0,8.0,4,Mobile Phone,1,Single,8,0,2.0,132.12,0,24+ Months (Loyal),Near,Active,750.0,0.0,Low Risk (<30%),12+ Months (Loyal)
4.0,14.0,4,Mobile Phone,3,Married,3,0,1.0,137.74,0,0-6 Months (New),Moderate,Active,120.0,0.02,Low Risk (<30%),4-6 Months (Mid-High)
5.0,9.0,4,Laptop & Accessory,5,Single,9,0,4.0,178.32,0,0-6 Months (New),Near,Active,150.0,0.0,Low Risk (<30%),4-6 Months (Mid-High)
0.0,16.0,3,Mobile Phone,3,Single,2,1,1.0,110.09,1,0-6 Months (New),Moderate,Active,0.0,0.91,High Risk (>70%),0-3 Months (High Risk)
19.0,9.0,5,Grocery,1,Married,11,0,9.0,292.92,0,6-24 Months (Regular),Near,Active,570.0,0.01,Low Risk (<30%),12+ Months (Loyal)
27.0,9.0,3,Grocery,2,Divorced,4,0,9.0,277.79,0,24+ Months (Loyal),Near,Active,810.0,0.0,Low Risk (<30%),12+ Months (Loyal)
14.0,15.0,3,Others,3,Married,3,0,11.0,294.19,0,6-24 Months (Regular),Moderate,Active,420.0,0.0,Low Risk (<30%),12+ Months (Loyal)
3.0,7.0,2,Laptop & Accessory,3,Single,10,1,3.0,187.94,0,0-6 Months (New),Near,Active,90.0,0.01,Low Risk (<30%),0-3 Months (High Risk)
13.0,9.0,5,Laptop & Accessory,2,Divorced,10,0,5.0,177.04,0,6-24 Months (Regular),Near,Active,390.0,0.05,Low Risk (<30%),12+ Months (Loyal)
18.0,13.0,1,Laptop & Accessory,3,Married,5,0,2.0,164.34,0,6-24 Months (Regular),Moderate,Active,540.0,0.0,Low Risk (<30%),12+ Months (Loyal)
29.0,27.0,4,Laptop & Accessory,2,Divorced,5,1,9.0,179.15,0,24+ Months (Loyal),Far,Active,870.0,0.0,Low Risk (<30%),12+ Months (Loyal)
1.0,7.0,5,Laptop & Accessory,1,Married,1,0,5.0,166.74,0,0-6 Months (New),Near,Active,30.0,0.03,Low Risk (<30%),0-3 Months (High Risk)
10.0,14.0,4,Mobile Phone,1,Single,4,0,2.0,171.78,0,6-24 Months (Regular),Moderate,Active,300.0,0.0,Low Risk (<30%),7-12 Months (Moderate)
9.0,33.0,3,Mobile Phone,4,Single,3,0,2.0,123.11,0,6-24 Months (Regular),Far,Active,270.0,0.02,Low Risk (<30%),7-12 Months (Moderate)
1.0,12.0,5,Fashion,2,Married,3,1,9.0,253.079999999999,0,0-6 Months (New),Moderate,Active,30.0,0.12,Low Risk (<30%),0-3 Months (High Risk)
13.0,6.0,4,Grocery,4,Married,2,0,11.0,235.029999999999,0,6-24 Months (Regular),Near,Active,390.0,0.0,Low Risk (<30%),12+ Months (Loyal)
7.0,32.0,4,Laptop & Accessory,3,Married,3,0,2.0,170.39,0,6-24 Months (Regular),Far,Active,210.0,0.0,Low Risk (<30%),7-12 Months (Moderate)
3.0,30.0,4,Mobile Phone,1,Single,11,0,3.0,147.01,0,0-6 Months (New),Far,Active,90.0,0.0,Low Risk (<30%),0-3 Months (High Risk)
9.0,6.0,4,Laptop & Accessory,3,Married,1,0,2.0,143.74,0,6-24 Months (Regular),Near,Active,270.0,0.0,Low Risk (<30%),7-12 Months (Moderate)
25.0,28.0,4,Laptop & Accessory,1,Single,2,1,1.0,179.41,0,24+ Months (Loyal),Far,Active,750.0,0.06,Low Risk (<30%),12+ Months (Loyal)
13.0,28.0,5,Laptop & Accessory,1,Married,5,1,5.0,186.2,0,6-24 Months (Regular),Far,Active,390.0,0.0,Low Risk (<30%),12+ Months (Loyal)
6.0,20.0,3,Mobile Phone,4,Divorced,2,0,6.0,127.56,0,0-6 Months (New),Moderate,Active,180.0,0.0,Low Risk (<30%),4-6 Months (Mid-High)
0.0,14.0,3,Mobile Phone,2,Divorced,2,0,2.0,123.229999999999,0,0-6 Months (New),Moderate,Active,0.0,0.31,Medium Risk (30-70%),0-3 Months (High Risk)
8.0,8.0,4,Mobile Phone,5,Married,7,0,4.0,154.96,0,6-24 Months (Regular),Near,Active,240.0,0.0,Low Risk (<30%),7-12 Months (Moderate)
22.0,7.0,2,Grocery,2,Single,4,0,2.0,293.85,0,6-24 Months (Regular),Near,Active,660.0,0.0,Low Risk (<30%),12+ Months (Loyal)
11.0,16.0,4,Mobile Phone,1,Married,3,1,3.0,148.26,0,6-24 Months (Regular),Moderate,Active,330.0,0.05,Low Risk (<30%),7-12 Months (Moderate)
3.0,8.0,2,Laptop & Accessory,3,Single,10,1,3.0,187.94,0,0-6 Months (New),Near,Active,90.0,0.01,Low Risk (<30%),0-3 Months (High Risk)
19.0,35.0,4,Mobile Phone,1,Married,6,0,4.0,146.32,0,6-24 Months (Regular),Far,Active,570.0,0.02,Low Risk (<30%),12+ Months (Loyal)
15.0,14.0,3,Mobile Phone,3,Single,5,0,0.0,139.68,0,6-24 Months (Regular),Moderate,Active,450.0,0.01,Low Risk (<30%),12+ Months (Loyal)
23.0,25.0,4,Laptop & Accessory,1,Married,3,1,8.0,193.04,0,6-24 Months (Regular),Far,Active,690.0,0.0,Low Risk (<30%),12+ Months (Loyal)
8.0,9.0,4,Laptop & Accessory,2,Single,3,0,5.0,187.74,0,6-24 Months (Regular),Near,Active,240.0,0.0,Low Risk (<30%),7-12 Months (Moderate)
11.0,9.0,4,Laptop & Accessory,3,Married,6,1,3.0,221.02,0,6-24 Months (Regular),Near,Active,330.0,0.0,Low Risk (<30%),7-12 Months (Moderate)
9.0,21.0,5,Mobile Phone,2,Divorced,1,1,3.0,121.68,0,6-24 Months (Regular),Far,Active,270.0,0.13,Low Risk (<30%),7-12 Months (Moderate)
12.0,9.0,2,Laptop & Accessory,5,Single,8,1,13.0,184.8,0,6-24 Months (Regular),Near,Active,360.0,0.0,Low Risk (<30%),7-12 Months (Moderate)
2.0,16.0,4,Mobile Phone,1,Married,3,0,5.0,145.7,0,0-6 Months (New),Moderate,Active,60.0,0.0,Low Risk (<30%),0-3 Months (High Risk)
1.0,29.0,5,Mobile Phone,4,Married,3,0,1.0,153.63,1,0-6 Months (New),Far,Active,30.0,0.7,High Risk (>70%),0-3 Months (High Risk)
9.0,6.0,5,Mobile Phone,3,Single,2,0,0.0,113.59,1,6-24 Months (Regular),Near,Active,270.0,0.94,High Risk (>70%),7-12 Months (Moderate)
7.0,7.0,2,Laptop & Accessory,5,Married,4,0,4.0,178.76,0,6-24 Months (Regular),Near,Active,210.0,0.02,Low Risk (<30%),7-12 Months (Moderate)
9.0,10.0,4,Mobile Phone,5,Married,2,0,0.0,121.09,0,6-24 Months (Regular),Near,Active,270.0,0.18,Low Risk (<30%),7-12 Months (Moderate)
2.0,15.0,4,Mobile Phone,2,Single,1,0,2.0,139.83,0,0-6 Months (New),Moderate,Active,60.0,0.02,Low Risk (<30%),0-3 Months (High Risk)
3.0,22.0,5,Laptop & Accessory,3,Single,2,1,9.0,166.93,0,0-6 Months (New),Far,Active,90.0,0.0,Low Risk (<30%),0-3 Months (High Risk)
1.0,7.0,5,Laptop & Accessory,5,Married,3,0,3.0,222.14,1,0-6 Months (New),Near,Active,30.0,1.0,High Risk (>70%),0-3 Months (High Risk)
3.0,26.0,5,Laptop & Accessory,3,Married,3,0,3.0,211.2,0,0-6 Months (New),Far,Active,90.0,0.02,Low Risk (<30%),0-3 Months (High Risk)
15.0,15.0,4,Others,1,Single,9,0,1.0,296.13,0,6-24 Months (Regular),Moderate,Active,450.0,0.0,Low Risk (<30%),12+ Months (Loyal)
24.0,7.0,5,Mobile Phone,3,Married,4,0,3.0,161.9,0,6-24 Months (Regular),Near,Active,720.0,0.0,Low Risk (<30%),12+ Months (Loyal)
12.0,9.0,5,Fashion,3,Married,5,1,3.0,202.56,0,6-24 Months (Regular),Near,Active,360.0,0.02,Low Risk (<30%),7-12 Months (Moderate)
8.0,10.0,5,Laptop & Accessory,1,Married,5,1,2.0,206.03,0,6-24 Months (Regular),Near,Active,240.0,0.05,Low Risk (<30%),7-12 Months (Moderate)
11.0,16.0,5,Laptop & Accessory,4,Married,3,0,4.0,166.89,0,6-24 Months (Regular),Moderate,Active,330.0,0.01,Low Risk (<30%),7-12 Months (Moderate)
0.0,14.0,3,Mobile Phone,3,Single,2,0,0.0,123.18,0,0-6 Months (New),Moderate,Active,0.0,0.09,Low Risk (<30%),0-3 Months (High Risk)
7.0,7.0,5,Laptop & Accessory,2,Single,2,0,5.0,194.49,0,6-24 Months (Regular),Near,Active,210.0,0.0,Low Risk (<30%),7-12 Months (Moderate)
0.0,14.0,4,Mobile Phone,5,Single,7,1,0.0,124.039999999999,1,0-6 Months (New),Moderate,Active,0.0,1.0,High Risk (>70%),0-3 Months (High Risk)
7.0,30.0,3,Mobile Phone,3,Married,4,1,0.0,131.61,1,6-24 Months (Regular),Far,Active,210.0,0.75,High Risk (>70%),7-12 Months (Moderate)
10.0,16.0,1,Fashion,1,Married,2,1,8.0,237.44,0,6-24 Months (Regular),Moderate,Active,300.0,0.15,Low Risk (<30%),7-12 Months (Moderate)
0.0,16.0,5,Mobile Phone,1,Married,8,0,3.0,134.08,1,0-6 Months (New),Moderate,Active,0.0,0.95,High Risk (>70%),0-3 Months (High Risk)
0.0,14.0,4,Mobile Phone,5,Single,7,0,7.0,123.62,1,0-6 Months (New),Moderate,Active,0.0,0.77,High Risk (>70%),0-3 Months (High Risk)
4.0,8.0,4,Laptop & Accessory,5,Married,4,0,0.0,164.1,0,0-6 Months (New),Near,Active,120.0,0.0,Low Risk (<30%),4-6 Months (Mid-High)
1.0,31.0,6,Mobile Phone,2,Single,3,1,1.0,148.4,1,0-6 Months (New),Far,Active,30.0,1.0,High Risk (>70%),0-3 Months (High Risk)
1.0,16.0,4,Mobile Phone,5,Married,3,0,1.0,142.9,1,0-6 Months (New),Moderate,Active,30.0,0.74,High Risk (>70%),0-3 Months (High Risk)
0.0,15.0,5,Mobile Phone,4,Single,2,0,2.0,127.6,1,0-6 Months (New),Moderate,Active,0.0,0.88,High Risk (>70%),0-3 Months (High Risk)
25.0,25.0,3,Mobile Phone,2,Divorced,1,0,2.0,142.58,0,24+ Months (Loyal),Far,Active,750.0,0.0,Low Risk (<30%),12+ Months (Loyal)
6.0,14.0,4,Laptop & Accessory,2,Divorced,6,0,3.0,217.04,0,0-6 Months (New),Moderate,Active,180.0,0.01,Low Risk (<30%),4-6 Months (Mid-High)
29.0,11.0,4,Laptop & Accessory,3,Married,2,1,3.0,165.35,0,24+ Months (Loyal),Moderate,Active,870.0,0.0,Low Risk (<30%),12+ Months (Loyal)
10.0,25.0,3,Laptop & Accessory,3,Married,4,0,2.0,157.68,0,6-24 Months (Regular),Far,Active,300.0,0.0,Low Risk (<30%),7-12 Months (Moderate)
16.0,9.0,4,Others,3,Married,7,0,15.0,313.8,0,6-24 Months (Regular),Near,Active,480.0,0.0,Low Risk (<30%),12+ Months (Loyal)
1.0,7.0,5,Mobile Phone,4,Single,3,1,3.0,146.74,1,0-6 Months (New),Near,Active,30.0,0.87,High Risk (>70%),0-3 Months (High Risk)
9.0,14.0,5,Mobile Phone,5,Married,2,1,7.0,121.19,1,6-24 Months (Regular),Moderate,Active,270.0,0.94,High Risk (>70%),7-12 Months (Moderate)
13.0,8.0,4,Mobile Phone,3,Single,3,0,2.0,128.09,0,6-24 Months (Regular),Near,Active,390.0,0.03,Low Risk (<30%),12+ Months (Loyal)
1.0,10.0,4,Laptop & Accessory,3,Single,11,0,1.0,170.77,1,0-6 Months (New),Near,Active,30.0,0.9,High Risk (>70%),0-3 Months (High Risk)
0.0,19.0,4,Laptop & Accessory,5,Married,6,1,2.0,161.34,1,0-6 Months (New),Moderate,Active,0.0,0.95,High Risk (>70%),0-3 Months (High Risk)
3.0,28.0,4,Laptop & Accessory,3,Divorced,3,1,0.0,163.8,1,0-6 Months (New),Far,Active,90.0,0.86,High Risk (>70%),0-3 Months (High Risk)
3.0,16.0,5,Mobile Phone,1,Single,2,0,3.0,164.83,0,0-6 Months (New),Moderate,Active,90.0,0.0,Low Risk (<30%),0-3 Months (High Risk)
1.0,24.0,4,Mobile Phone,4,Married,3,0,1.0,147.1,1,0-6 Months (New),Far,Active,30.0,0.69,Medium Risk (30-70%),0-3 Months (High Risk)
3.0,22.0,6,Mobile Phone,2,Divorced,2,1,4.0,146.68,0,0-6 Months (New),Far,Active,90.0,0.09,Low Risk (<30%),0-3 Months (High Risk)
0.0,16.0,3,Grocery,5,Married,2,1,10.0,270.68,0,0-6 Months (New),Moderate,Active,0.0,0.26,Low Risk (<30%),0-3 Months (High Risk)
14.0,28.0,3,Laptop & Accessory,1,Married,4,1,3.0,154.67,0,6-24 Months (Regular),Far,Active,420.0,0.1,Low Risk (<30%),12+ Months (Loyal)
19.0,17.0,4,Mobile Phone,1,Married,5,0,3.0,151.54,0,6-24 Months (Regular),Moderate,Active,570.0,0.01,Low Risk (<30%),12+ Months (Loyal)
8.0,17.0,3,Mobile Phone,3,Married,8,1,2.0,126.6,0,6-24 Months (Regular),Moderate,Active,240.0,0.17,Low Risk (<30%),7-12 Months (Moderate)
20.0,11.0,3,Others,3,Married,5,0,1.0,283.0,0,6-24 Months (Regular),Moderate,Active,600.0,0.0,Low Risk (<30%),12+ Months (Loyal)
0.0,20.0,3,Fashion,1,Single,1,1,7.0,175.53,1,0-6 Months (New),Moderate,Active,0.0,0.92,High Risk (>70%),0-3 Months (High Risk)
21.0,10.0,4,Fashion,3,Single,8,0,3.0,209.99,0,6-24 Months (Regular),Near,Active,630.0,0.01,Low Risk (<30%),12+ Months (Loyal)
23.0,13.0,4,Others,3,Married,6,1,8.0,287.4,0,6-24 Months (Regular),Moderate,Active,690.0,0.0,Low Risk (<30%),12+ Months (Loyal)
12.0,7.0,4,Fashion,3,Single,6,1,1.0,203.61,0,6-24 Months (Regular),Near,Active,360.0,0.01,Low Risk (<30%),7-12 Months (Moderate)
0.0,12.0,3,Mobile Phone,3,Divorced,1,0,2.0,127.729999999999,0,0-6 Months (New),Moderate,Active,0.0,0.09,Low Risk (<30%),0-3 Months (High Risk)
9.0,16.0,5,Laptop & Accessory,4,Single,11,0,1.0,190.4,0,6-24 Months (Regular),Moderate,Active,270.0,0.0,Low Risk (<30%),7-12 Months (Moderate)
18.0,9.0,4,Fashion,3,Single,7,1,3.0,227.09,0,6-24 Months (Regular),Near,Active,540.0,0.04,Low Risk (<30%),12+ Months (Loyal)
9.0,32.0,4,Fashion,3,Married,3,1,3.0,228.88,0,6-24 Months (Regular),Far,Active,270.0,0.0,Low Risk (<30%),7-12 Months (Moderate)
9.0,16.0,2,Mobile Phone,3,Divorced,4,1,7.0,122.13,0,6-24 Months (Regular),Moderate,Active,270.0,0.1,Low Risk (<30%),7-12 Months (Moderate)
29.0,29.0,3,Grocery,4,Married,5,1,9.0,234.019999999999,0,24+ Months (Loyal),Far,Active,870.0,0.0,Low Risk (<30%),12+ Months (Loyal)
27.0,5.0,3,Laptop & Accessory,3,Single,8,0,0.0,137.8,0,24+ Months (Loyal),Near,Active,810.0,0.0,Low Risk (<30%),12+ Months (Loyal)
18.0,14.0,3,Laptop & Accessory,4,Married,9,0,15.0,123.479999999999,0,6-24 Months (Regular),Moderate,Active,540.0,0.15,Low Risk (<30%),12+ Months (Loyal)
1.0,8.0,5,Laptop & Accessory,5,Married,3,0,3.0,222.14,1,0-6 Months (New),Near,Active,30.0,1.0,High Risk (>70%),0-3 Months (High Risk)
0.0,22.0,1,Mobile Phone,5,Single,2,0,14.0,127.43,1,0-6 Months (New),Far,Active,0.0,0.85,High Risk (>70%),0-3 Months (High Risk)
1.0,24.0,5,Mobile Phone,4,Married,3,0,1.0,146.27,0,0-6 Months (New),Far,Active,30.0,0.33,Medium Risk (30-70%),0-3 Months (High Risk)
8.0,30.0,4,Laptop & Accessory,3,Single,2,0,8.0,170.68,0,6-24 Months (Regular),Far,Active,240.0,0.0,Low Risk (<30%),7-12 Months (Moderate)
8.0,15.0,4,Fashion,3,Divorced,2,1,15.0,206.85,0,6-24 Months (Regular),Moderate,Active,240.0,0.01,Low Risk (<30%),7-12 Months (Moderate)
18.0,26.0,3,Grocery,1,Married,1,1,10.0,234.959999999999,0,6-24 Months (Regular),Far,Active,540.0,0.03,Low Risk (<30%),12+ Months (Loyal)
0.0,6.0,3,Laptop & Accessory,4,Married,2,0,4.0,163.97,0,0-6 Months (New),Near,Active,0.0,0.0,Low Risk (<30%),0-3 Months (High Risk)
20.0,14.0,3,Mobile Phone,3,Single,5,0,0.0,124.789999999999,1,6-24 Months (Regular),Moderate,Active,600.0,0.76,High Risk (>70%),12+ Months (Loyal)
23.0,25.0,5,Others,3,Married,3,1,10.0,320.02,0,6-24 Months (Regular),Far,Active,690.0,0.07,Low Risk (<30%),12+ Months (Loyal)
6.0,7.0,5,Mobile Phone,4,Divorced,8,0,3.0,148.32,0,0-6 Months (New),Near,Active,180.0,0.0,Low Risk (<30%),4-6 Months (Mid-High)
13.0,25.0,3,Laptop & Accessory,2,Divorced,9,1,7.0,127.41,0,6-24 Months (Regular),Far,Active,390.0,0.09,Low Risk (<30%),12+ Months (Loyal)
9.0,7.0,3,Mobile Phone,1,Single,2,0,0.0,116.11,0,6-24 Months (Regular),Near,Active,270.0,0.01,Low Risk (<30%),7-12 Months (Moderate)
23.0,15.0,4,Fashion,4,Married,6,0,8.0,199.03,0,6-24 Months (Regular),Moderate,Active,690.0,0.0,Low Risk (<30%),12+ Months (Loyal)
27.0,20.0,3,Laptop & Accessory,5,Married,3,0,4.0,169.5,0,24+ Months (Loyal),Moderate,Active,810.0,0.0,Low Risk (<30%),12+ Months (Loyal)
19.0,14.0,2,Laptop & Accessory,3,Married,6,0,3.0,189.34,0,6-24 Months (Regular),Moderate,Active,570.0,0.01,Low Risk (<30%),12+ Months (Loyal)
1.0,16.0,5,Mobile Phone,5,Single,2,1,3.0,148.21,1,0-6 Months (New),Moderate,Active,30.0,0.99,High Risk (>70%),0-3 Months (High Risk)
23.0,8.0,4,Grocery,3,Single,6,0,1.0,278.79,0,6-24 Months (Regular),Near,Active,690.0,0.0,Low Risk (<30%),12+ Months (Loyal)
0.0,8.0,3,Mobile Phone,1,Divorced,7,1,2.0,137.22,1,0-6 Months (New),Near,Active,0.0,0.81,High Risk (>70%),0-3 Months (High Risk)
2.0,17.0,4,Laptop & Accessory,3,Single,5,0,8.0,161.6,0,0-6 Months (New),Moderate,Active,60.0,0.0,Low Risk (<30%),0-3 Months (High Risk)
7.0,8.0,3,Laptop & Accessory,3,Single,3,0,2.0,140.33,0,6-24 Months (Regular),Near,Active,210.0,0.01,Low Risk (<30%),7-12 Months (Moderate)
4.0,19.0,4,Laptop & Accessory,3,Single,2,0,5.0,190.77,0,0-6 Months (New),Moderate,Active,120.0,0.0,Low Risk (<30%),4-6 Months (Mid-High)
15.0,8.0,3,Laptop & Accessory,2,Divorced,2,0,2.0,140.89,0,6-24 Months (Regular),Near,Active,450.0,0.0,Low Risk (<30%),12+ Months (Loyal)
17.0,9.0,3,Others,1,Married,5,1,1.0,295.13,0,6-24 Months (Regular),Near,Active,510.0,0.0,Low Risk (<30%),12+ Months (Loyal)
9.0,16.0,3,Fashion,5,Married,8,1,7.0,183.21,0,6-24 Months (Regular),Moderate,Active,270.0,0.03,Low Risk (<30%),7-12 Months (Moderate)
2.0,27.0,1,Fashion,5,Married,2,0,8.0,199.8,0,0-6 Months (New),Far,Active,60.0,0.04,Low Risk (<30%),0-3 Months (High Risk)
1.0,16.0,4,Mobile Phone,3,Married,3,0,3.0,152.42,1,0-6 Months (New),Moderate,Active,30.0,0.86,High Risk (>70%),0-3 Months (High Risk)
29.0,33.0,5,Others,1,Married,3,0,14.0,320.86,0,24+ Months (Loyal),Far,Active,870.0,0.0,Low Risk (<30%),12+ Months (Loyal)
19.0,9.0,4,Laptop & Accessory,4,Divorced,2,0,8.0,173.05,0,6-24 Months (Regular),Near,Active,570.0,0.01,Low Risk (<30%),12+ Months (Loyal)
12.0,9.0,4,Laptop & Accessory,5,Married,5,0,8.0,193.93,0,6-24 Months (Regular),Near,Active,360.0,0.01,Low Risk (<30%),7-12 Months (Moderate)
1.0,26.0,5,Mobile Phone,5,Married,3,0,8.0,165.66,0,0-6 Months (New),Far,Active,30.0,0.07,Low Risk (<30%),0-3 Months (High Risk)
13.0,15.0,4,Laptop & Accessory,2,Divorced,10,0,2.0,148.76,0,6-24 Months (Regular),Moderate,Active,390.0,0.0,Low Risk (<30%),12+ Months (Loyal)
1.0,35.0,3,Laptop & Accessory,5,Divorced,8,1,0.0,166.73,1,0-6 Months (New),Far,Active,30.0,0.97,High Risk (>70%),0-3 Months (High Risk)
28.0,8.0,3,Fashion,4,Divorced,4,0,3.0,209.76,0,24+ Months (Loyal),Near,Active,840.0,0.0,Low Risk (<30%),12+ Months (Loyal)
12.0,14.0,3,Mobile Phone,3,Divorced,2,0,7.0,137.55,0,6-24 Months (Regular),Moderate,Active,360.0,0.0,Low Risk (<30%),7-12 Months (Moderate)
27.0,8.0,3,Fashion,3,Married,10,0,3.0,235.49,0,24+ Months (Loyal),Near,Active,810.0,0.0,Low Risk (<30%),12+ Months (Loyal)
9.0,15.0,3,Fashion,1,Married,5,0,3.0,200.96,1,6-24 Months (Regular),Moderate,Active,270.0,0.68,Medium Risk (30-70%),7-12 Months (Moderate)
9.0,6.0,3,Mobile Phone,5,Single,3,0,2.0,120.8,0,6-24 Months (Regular),Near,Active,270.0,0.0,Low Risk (<30%),7-12 Months (Moderate)
0.0,14.0,3,Mobile Phone,1,Single,2,0,4.0,134.45,0,0-6 Months (New),Moderate,Active,0.0,0.22,Low Risk (<30%),0-3 Months (High Risk)
23.0,7.0,4,Mobile Phone,5,Divorced,4,0,3.0,160.8,0,6-24 Months (Regular),Near,Active,690.0,0.0,Low Risk (<30%),12+ Months (Loyal)
0.0,6.0,4,Mobile Phone,5,Divorced,2,0,3.0,139.55,0,0-6 Months (New),Near,Active,0.0,0.05,Low Risk (<30%),0-3 Months (High Risk)
7.0,8.0,3,Laptop & Accessory,2,Single,2,0,11.0,166.87,0,6-24 Months (Regular),Near,Active,210.0,0.0,Low Risk (<30%),7-12 Months (Moderate)
9.0,11.0,4,Mobile Phone,5,Married,10,1,0.0,134.19,0,6-24 Months (Regular),Moderate,Active,270.0,0.21,Low Risk (<30%),7-12 Months (Moderate)
8.0,22.0,4,Fashion,1,Married,3,0,6.0,204.78,1,6-24 Months (Regular),Far,Active,240.0,0.97,High Risk (>70%),7-12 Months (Moderate)
6.0,15.0,2,Laptop & Accessory,3,Married,7,0,4.0,176.75,0,0-6 Months (New),Moderate,Active,180.0,0.01,Low Risk (<30%),4-6 Months (Mid-High)
7.0,15.0,3,Fashion,2,Married,1,0,6.0,185.0,0,6-24 Months (Regular),Moderate,Active,210.0,0.09,Low Risk (<30%),7-12 Months (Moderate)
9.0,12.0,3,Mobile Phone,1,Married,1,0,11.0,132.1,0,6-24 Months (Regular),Moderate,Active,270.0,0.0,Low Risk (<30%),7-12 Months (Moderate)
1.0,10.0,4,Laptop & Accessory,3,Divorced,2,1,3.0,166.71,1,0-6 Months (New),Near,Active,30.0,0.67,Medium Risk (30-70%),0-3 Months (High Risk)
3.0,11.0,4,Laptop & Accessory,3,Married,2,0,2.0,161.18,0,0-6 Months (New),Moderate,Active,90.0,0.0,Low Risk (<30%),0-3 Months (High Risk)
12.0,18.0,3,Laptop & Accessory,4,Married,5,0,0.0,152.95,0,6-24 Months (Regular),Moderate,Active,360.0,0.01,Low Risk (<30%),7-12 Months (Moderate)
15.0,14.0,4,Mobile Phone,5,Married,1,1,8.0,125.93,0,6-24 Months (Regular),Moderate,Active,450.0,0.26,Low Risk (<30%),12+ Months (Loyal)
1.0,11.0,5,Laptop & Accessory,2,Single,3,1,4.0,169.87,0,0-6 Months (New),Moderate,Active,30.0,0.07,Low Risk (<30%),0-3 Months (High Risk)
23.0,14.0,5,Fashion,3,Single,10,0,1.0,234.649999999999,0,6-24 Months (Regular),Moderate,Active,690.0,0.0,Low Risk (<30%),12+ Months (Loyal)
9.0,25.0,4,Laptop & Accessory,3,Married,3,1,3.0,181.89,0,6-24 Months (Regular),Far,Active,270.0,0.0,Low Risk (<30%),7-12 Months (Moderate)
1.0,17.0,5,Mobile Phone,5,Single,3,0,1.0,139.16,1,0-6 Months (New),Moderate,Active,30.0,0.9,High Risk (>70%),0-3 Months (High Risk)
15.0,35.0,5,Laptop & Accessory,2,Single,5,0,0.0,142.72,0,6-24 Months (Regular),Far,Active,450.0,0.02,Low Risk (<30%),12+ Months (Loyal)
8.0,6.0,3,Fashion,3,Single,2,0,8.0,187.89,0,6-24 Months (Regular),Near,Active,240.0,0.01,Low Risk (<30%),7-12 Months (Moderate)
10.0,23.0,5,Laptop & Accessory,5,Married,6,0,3.0,181.47,0,6-24 Months (Regular),Far,Active,300.0,0.0,Low Risk (<30%),7-12 Months (Moderate)
10.0,27.0,3,Mobile Phone,2,Divorced,6,0,0.0,129.73,0,6-24 Months (Regular),Far,Active,300.0,0.0,Low Risk (<30%),7-12 Months (Moderate)
3.0,10.0,4,Laptop & Accessory,3,Divorced,6,1,1.0,177.38,1,0-6 Months (New),Near,Active,90.0,0.88,High Risk (>70%),0-3 Months (High Risk)
9.0,23.0,4,Mobile Phone,4,Married,2,0,0.0,121.27,0,6-24 Months (Regular),Far,Active,270.0,0.05,Low Risk (<30%),7-12 Months (Moderate)
30.0,6.0,4,Laptop & Accessory,3,Single,8,0,3.0,154.73,0,24+ Months (Loyal),Near,Active,900.0,0.0,Low Risk (<30%),12+ Months (Loyal)
8.0,22.0,4,Grocery,5,Married,9,0,10.0,295.07,0,6-24 Months (Regular),Far,Active,240.0,0.1,Low Risk (<30%),7-12 Months (Moderate)
1.0,9.0,2,Mobile Phone,5,Single,9,0,2.0,159.24,0,0-6 Months (New),Near,Active,30.0,0.03,Low Risk (<30%),0-3 Months (High Risk)
1.0,10.0,4,Mobile Phone,1,Married,3,0,1.0,142.06,0,0-6 Months (New),Near,Active,30.0,0.31,Medium Risk (30-70%),0-3 Months (High Risk)
19.0,11.0,4,Laptop & Accessory,4,Married,3,0,9.0,169.47,0,6-24 Months (Regular),Moderate,Active,570.0,0.0,Low Risk (<30%),12+ Months (Loyal)
9.0,27.0,1,Mobile Phone,4,Married,2,0,13.0,120.28,0,6-24 Months (Regular),Far,Active,270.0,0.01,Low Risk (<30%),7-12 Months (Moderate)
1.0,10.0,5,Fashion,2,Divorced,3,1,3.0,228.25,1,0-6 Months (New),Near,Active,30.0,0.88,High Risk (>70%),0-3 Months (High Risk)
21.0,8.0,2,Laptop & Accessory,4,Divorced,4,0,2.0,181.2,0,6-24 Months (Regular),Near,Active,630.0,0.0,Low Risk (<30%),12+ Months (Loyal)
17.0,34.0,1,Grocery,2,Divorced,4,1,11.0,233.2,0,6-24 Months (Regular),Far,Active,510.0,0.04,Low Risk (<30%),12+ Months (Loyal)
2.0,7.0,4,Mobile Phone,5,Married,3,0,3.0,160.91,0,0-6 Months (New),Near,Active,60.0,0.0,Low Risk (<30%),0-3 Months (High Risk)
2.0,8.0,3,Mobile Phone,4,Divorced,1,0,2.0,131.8,0,0-6 Months (New),Near,Active,60.0,0.0,Low Risk (<30%),0-3 Months (High Risk)
3.0,6.0,3,Mobile Phone,4,Divorced,1,1,7.0,135.79,0,0-6 Months (New),Near,Active,90.0,0.02,Low Risk (<30%),0-3 Months (High Risk)
9.0,17.0,4,Mobile Phone,2,Married,3,0,3.0,164.17,0,6-24 Months (Regular),Moderate,Active,270.0,0.0,Low Risk (<30%),7-12 Months (Moderate)
30.0,16.0,3,Grocery,3,Single,1,0,8.0,238.72,0,24+ Months (Loyal),Moderate,Active,900.0,0.0,Low Risk (<30%),12+ Months (Loyal)
1.0,7.0,5,Mobile Phone,3,Married,3,1,1.0,154.33,0,0-6 Months (New),Near,Active,30.0,0.09,Low Risk (<30%),0-3 Months (High Risk)
19.0,6.0,3,Others,2,Married,10,0,2.0,296.27,0,6-24 Months (Regular),Near,Active,570.0,0.0,Low Risk (<30%),12+ Months (Loyal)
2.0,9.0,4,Laptop & Accessory,4,Married,6,0,5.0,173.55,1,0-6 Months (New),Near,Active,60.0,0.67,Medium Risk (30-70%),0-3 Months (High Risk)
14.0,29.0,3,Fashion,3,Single,4,1,2.0,170.82,0,6-24 Months (Regular),Far,Active,420.0,0.14,Low Risk (<30%),12+ Months (Loyal)
1.0,8.0,4,Mobile Phone,4,Single,3,1,3.0,148.02,1,0-6 Months (New),Near,Active,30.0,0.99,High Risk (>70%),0-3 Months (High Risk)
1.0,7.0,4,Mobile Phone,2,Divorced,4,1,1.0,147.93,1,0-6 Months (New),Near,Active,30.0,1.0,High Risk (>70%),0-3 Months (High Risk)
2.0,9.0,5,Mobile Phone,4,Married,2,0,5.0,157.01,0,0-6 Months (New),Near,Active,60.0,0.01,Low Risk (<30%),0-3 Months (High Risk)
3.0,12.0,4,Laptop & Accessory,1,Married,1,0,7.0,146.27,0,0-6 Months (New),Moderate,Active,90.0,0.0,Low Risk (<30%),0-3 Months (High Risk)
12.0,16.0,4,Mobile Phone,1,Married,4,0,4.0,172.71,0,6-24 Months (Regular),Moderate,Active,360.0,0.02,Low Risk (<30%),7-12 Months (Moderate)
11.0,26.0,4,Mobile Phone,4,Married,6,0,1.0,155.22,0,6-24 Months (Regular),Far,Active,330.0,0.0,Low Risk (<30%),7-12 Months (Moderate)
30.0,6.0,5,Laptop & Accessory,3,Married,3,1,2.0,156.6,0,24+ Months (Loyal),Near,Active,900.0,0.01,Low Risk (<30%),12+ Months (Loyal)
6.0,15.0,2,Laptop & Accessory,3,Divorced,7,0,4.0,176.75,0,0-6 Months (New),Moderate,Active,180.0,0.01,Low Risk (<30%),4-6 Months (Mid-High)
1.0,9.0,4,Mobile Phone,4,Married,3,0,3.0,147.26,0,0-6 Months (New),Near,Active,30.0,0.0,Low Risk (<30%),0-3 Months (High Risk)
14.0,11.0,1,Laptop & Accessory,4,Single,4,0,2.0,168.7,0,6-24 Months (Regular),Moderate,Active,420.0,0.01,Low Risk (<30%),12+ Months (Loyal)
2.0,36.0,6,Laptop & Accessory,4,Married,3,0,8.0,190.49,0,0-6 Months (New),Far,Active,60.0,0.0,Low Risk (<30%),0-3 Months (High Risk)
4.0,10.0,3,Laptop & Accessory,4,Single,2,0,7.0,193.55,1,0-6 Months (New),Near,Active,120.0,0.68,Medium Risk (30-70%),4-6 Months (Mid-High)
3.0,9.0,4,Grocery,1,Married,9,0,6.0,246.69,1,0-6 Months (New),Near,Active,90.0,0.69,Medium Risk (30-70%),0-3 Months (High Risk)
11.0,23.0,4,Fashion,3,Married,1,0,9.0,188.23,0,6-24 Months (Regular),Far,Active,330.0,0.0,Low Risk (<30%),7-12 Months (Moderate)
11.0,7.0,3,Laptop & Accessory,1,Married,8,0,9.0,147.35,0,6-24 Months (Regular),Near,Active,330.0,0.0,Low Risk (<30%),7-12 Months (Moderate)
10.0,16.0,2,Mobile Phone,2,Single,4,0,0.0,146.8,0,6-24 Months (Regular),Moderate,Active,300.0,0.01,Low Risk (<30%),7-12 Months (Moderate)
11.0,6.0,3,Laptop & Accessory,4,Married,1,0,8.0,144.4,0,6-24 Months (Regular),Near,Active,330.0,0.0,Low Risk (<30%),7-12 Months (Moderate)
1.0,34.0,4,Laptop & Accessory,1,Single,3,1,8.0,183.13,1,0-6 Months (New),Far,Active,30.0,0.99,High Risk (>70%),0-3 Months (High Risk)
14.0,33.0,4,Laptop & Accessory,5,Divorced,3,0,6.0,208.96,0,6-24 Months (Regular),Far,Active,420.0,0.01,Low Risk (<30%),12+ Months (Loyal)
9.0,6.0,3,Mobile Phone,1,Single,2,0,7.0,121.15,0,6-24 Months (Regular),Near,Active,270.0,0.0,Low Risk (<30%),7-12 Months (Moderate)
26.0,10.0,5,Fashion,3,Divorced,4,1,5.0,204.69,0,24+ Months (Loyal),Near,Active,780.0,0.01,Low Risk (<30%),12+ Months (Loyal)
28.0,16.0,4,Laptop & Accessory,3,Married,5,0,4.0,153.97,0,24+ Months (Loyal),Moderate,Active,840.0,0.0,Low Risk (<30%),12+ Months (Loyal)
1.0,20.0,4,Laptop & Accessory,4,Single,7,0,1.0,182.65,1,0-6 Months (New),Moderate,Active,30.0,0.89,High Risk (>70%),0-3 Months (High Risk)
1.0,7.0,5,Mobile Phone,4,Single,3,1,3.0,145.7,0,0-6 Months (New),Near,Active,30.0,0.48,Medium Risk (30-70%),0-3 Months (High Risk)
5.0,13.0,3,Laptop & Accessory,2,Divorced,5,0,3.0,192.04,0,0-6 Months (New),Moderate,Active,150.0,0.0,Low Risk (<30%),4-6 Months (Mid-High)
1.0,31.0,5,Laptop & Accessory,4,Single,2,1,11.0,170.99,1,0-6 Months (New),Far,Active,30.0,0.79,High Risk (>70%),0-3 Months (High Risk)
18.0,10.0,3,Laptop & Accessory,4,Divorced,2,0,8.0,144.47,0,6-24 Months (Regular),Near,Active,540.0,0.0,Low Risk (<30%),12+ Months (Loyal)
1.0,11.0,4,Mobile Phone,1,Single,11,1,1.0,147.85,1,0-6 Months (New),Moderate,Active,30.0,1.0,High Risk (>70%),0-3 Months (High Risk)
1.0,31.0,4,Mobile Phone,4,Single,10,0,3.0,160.97,0,0-6 Months (New),Far,Active,30.0,0.0,Low Risk (<30%),0-3 Months (High Risk)
9.0,28.0,4,Laptop & Accessory,2,Divorced,3,1,8.0,165.14,0,6-24 Months (Regular),Far,Active,270.0,0.0,Low Risk (<30%),7-12 Months (Moderate)
18.0,8.0,4,Mobile Phone,1,Married,6,1,3.0,156.95,0,6-24 Months (Regular),Near,Active,540.0,0.0,Low Risk (<30%),12+ Months (Loyal)
11.0,6.0,1,Laptop & Accessory,1,Single,1,0,8.0,176.25,0,6-24 Months (Regular),Near,Active,330.0,0.01,Low Risk (<30%),7-12 Months (Moderate)
27.0,15.0,3,Laptop & Accessory,3,Married,4,0,3.0,128.97,0,24+ Months (Loyal),Moderate,Active,810.0,0.0,Low Risk (<30%),12+ Months (Loyal)
4.0,7.0,6,Mobile Phone,3,Divorced,5,0,3.0,163.33,0,0-6 Months (New),Near,Active,120.0,0.0,Low Risk (<30%),4-6 Months (Mid-High)
8.0,20.0,4,Fashion,3,Married,3,0,3.0,211.28,0,6-24 Months (Regular),Moderate,Active,240.0,0.0,Low Risk (<30%),7-12 Months (Moderate)
1.0,18.0,4,Mobile Phone,5,Married,2,0,5.0,145.99,0,0-6 Months (New),Moderate,Active,30.0,0.01,Low Risk (<30%),0-3 Months (High Risk)
12.0,10.0,4,Laptop & Accessory,2,Single,10,1,1.0,193.61,0,6-24 Months (Regular),Near,Active,360.0,0.02,Low Risk (<30%),7-12 Months (Moderate)
17.0,34.0,4,Fashion,5,Married,10,0,2.0,233.2,0,6-24 Months (Regular),Far,Active,510.0,0.0,Low Risk (<30%),12+ Months (Loyal)
5.0,9.0,5,Laptop & Accessory,5,Married,5,0,1.0,189.1,0,0-6 Months (New),Near,Active,150.0,0.02,Low Risk (<30%),4-6 Months (Mid-High)
1.0,12.0,4,Mobile Phone,1,Single,2,1,3.0,148.79,0,0-6 Months (New),Moderate,Active,30.0,0.13,Low Risk (<30%),0-3 Months (High Risk)
24.0,36.0,5,Grocery,3,Divorced,2,0,8.0,295.46,0,6-24 Months (Regular),Far,Active,720.0,0.0,Low Risk (<30%),12+ Months (Loyal)
20.0,8.0,3,Grocery,1,Married,2,1,0.0,267.52,0,6-24 Months (Regular),Near,Active,600.0,0.03,Low Risk (<30%),12+ Months (Loyal)
2.0,6.0,1,Laptop & Accessory,3,Single,9,1,2.0,162.94,0,0-6 Months (New),Near,Active,60.0,0.04,Low Risk (<30%),0-3 Months (High Risk)
4.0,26.0,3,Mobile Phone,4,Single,2,1,2.0,131.4,1,0-6 Months (New),Far,Active,120.0,0.64,Medium Risk (30-70%),4-6 Months (Mid-High)
21.0,9.0,5,Mobile Phone,1,Single,3,1,3.0,157.94,0,6-24 Months (Regular),Near,Active,630.0,0.03,Low Risk (<30%),12+ Months (Loyal)
5.0,7.0,3,Laptop & Accessory,5,Married,5,0,2.0,140.87,0,0-6 Months (New),Near,Active,150.0,0.0,Low Risk (<30%),4-6 Months (Mid-High)
12.0,7.0,4,Laptop & Accessory,1,Married,9,0,10.0,172.35,0,6-24 Months (Regular),Near,Active,360.0,0.0,Low Risk (<30%),7-12 Months (Moderate)
30.0,31.0,3,Fashion,5,Single,8,0,9.0,176.37,0,24+ Months (Loyal),Far,Active,900.0,0.0,Low Risk (<30%),12+ Months (Loyal)
14.0,9.0,2,Laptop & Accessory,4,Divorced,3,0,8.0,167.44,0,6-24 Months (Regular),Near,Active,420.0,0.0,Low Risk (<30%),12+ Months (Loyal)
9.0,7.0,4,Laptop & Accessory,3,Divorced,11,0,10.0,172.17,0,6-24 Months (Regular),Near,Active,270.0,0.0,Low Risk (<30%),7-12 Months (Moderate)
5.0,9.0,4,Mobile Phone,3,Married,3,0,4.0,159.77,0,0-6 Months (New),Near,Active,150.0,0.01,Low Risk (<30%),4-6 Months (Mid-High)
30.0,24.0,3,Fashion,1,Single,7,0,4.0,205.12,0,24+ Months (Loyal),Far,Active,900.0,0.0,Low Risk (<30%),12+ Months (Loyal)
9.0,14.0,4,Mobile Phone,3,Divorced,3,0,1.0,149.04,0,6-24 Months (Regular),Moderate,Active,270.0,0.0,Low Risk (<30%),7-12 Months (Moderate)
3.0,8.0,4,Mobile Phone,5,Single,1,0,7.0,149.68,0,0-6 Months (New),Near,Active,90.0,0.0,Low Risk (<30%),0-3 Months (High Risk)
30.0,15.0,4,Mobile Phone,4,Married,5,1,0.0,133.46,0,24+ Months (Loyal),Moderate,Active,900.0,0.1,Low Risk (<30%),12+ Months (Loyal)
14.0,34.0,4,Grocery,4,Married,1,0,10.0,235.7,0,6-24 Months (Regular),Far,Active,420.0,0.0,Low Risk (<30%),12+ Months (Loyal)
26.0,32.0,5,Grocery,1,Married,5,0,1.0,263.26,0,24+ Months (Loyal),Far,Active,780.0,0.0,Low Risk (<30%),12+ Months (Loyal)
9.0,8.0,1,Mobile Phone,1,Married,2,0,7.0,120.11,0,6-24 Months (Regular),Near,Active,270.0,0.01,Low Risk (<30%),7-12 Months (Moderate)
18.0,11.0,4,Laptop & Accessory,4,Single,11,0,4.0,184.33,0,6-24 Months (Regular),Moderate,Active,540.0,0.01,Low Risk (<30%),12+ Months (Loyal)
0.0,17.0,3,Laptop & Accessory,5,Married,2,1,3.0,147.41,0,0-6 Months (New),Moderate,Active,0.0,0.23,Low Risk (<30%),0-3 Months (High Risk)
10.0,6.0,4,Mobile Phone,5,Divorced,3,0,2.0,139.2,0,6-24 Months (Regular),Near,Active,300.0,0.01,Low Risk (<30%),7-12 Months (Moderate)
9.0,7.0,2,Mobile Phone,3,Single,5,0,3.0,150.06,0,6-24 Months (Regular),Near,Active,270.0,0.01,Low Risk (<30%),7-12 Months (Moderate)
15.0,30.0,3,Fashion,5,Married,2,1,8.0,174.06,0,6-24 Months (Regular),Far,Active,450.0,0.11,Low Risk (<30%),12+ Months (Loyal)
27.0,6.0,3,Fashion,3,Married,8,0,4.0,205.02,0,24+ Months (Loyal),Near,Active,810.0,0.0,Low Risk (<30%),12+ Months (Loyal)
9.0,14.0,3,Fashion,3,Married,2,0,8.0,200.96,0,6-24 Months (Regular),Moderate,Active,270.0,0.07,Low Risk (<30%),7-12 Months (Moderate)
6.0,15.0,2,Laptop & Accessory,1,Married,3,0,9.0,187.09,0,0-6 Months (New),Moderate,Active,180.0,0.0,Low Risk (<30%),4-6 Months (Mid-High)
12.0,6.0,3,Others,3,Married,2,1,6.0,291.97,0,6-24 Months (Regular),Near,Active,360.0,0.07,Low Risk (<30%),7-12 Months (Moderate)
27.0,15.0,4,Grocery,2,Divorced,7,0,3.0,243.36,0,24+ Months (Loyal),Moderate,Active,810.0,0.0,Low Risk (<30%),12+ Months (Loyal)
13.0,14.0,3,Laptop & Accessory,3,Married,4,1,3.0,167.96,1,6-24 Months (Regular),Moderate,Active,390.0,0.87,High Risk (>70%),12+ Months (Loyal)
9.0,21.0,3,Mobile Phone,3,Married,2,0,2.0,122.07,0,6-24 Months (Regular),Far,Active,270.0,0.01,Low Risk (<30%),7-12 Months (Moderate)
7.0,17.0,4,Laptop & Accessory,4,Divorced,5,0,8.0,144.9,0,6-24 Months (Regular),Moderate,Active,210.0,0.0,Low Risk (<30%),7-12 Months (Moderate)
1.0,9.0,4,Mobile Phone,3,Married,8,1,3.0,164.77,0,0-6 Months (New),Near,Active,30.0,0.3,Medium Risk (30-70%),0-3 Months (High Risk)
23.0,6.0,3,Laptop & Accessory,3,Divorced,1,0,13.0,163.47,0,6-24 Months (Regular),Near,Active,690.0,0.0,Low Risk (<30%),12+ Months (Loyal)
28.0,6.0,4,Laptop & Accessory,3,Single,9,0,1.0,162.8,0,24+ Months (Loyal),Near,Active,840.0,0.0,Low Risk (<30%),12+ Months (Loyal)
10.0,35.0,3,Fashion,4,Married,2,1,3.0,218.49,1,6-24 Months (Regular),Far,Active,300.0,0.85,High Risk (>70%),7-12 Months (Moderate)
19.0,8.0,3,Grocery,5,Married,9,0,9.0,270.48,0,6-24 Months (Regular),Near,Active,570.0,0.0,Low Risk (<30%),12+ Months (Loyal)
3.0,33.0,3,Laptop & Accessory,1,Married,8,0,7.0,153.04,0,0-6 Months (New),Far,Active,90.0,0.0,Low Risk (<30%),0-3 Months (High Risk)
0.0,14.0,4,Mobile Phone,3,Single,2,0,2.0,126.25,1,0-6 Months (New),Moderate,Active,0.0,0.6798333333333333,Medium Risk (30-70%),0-3 Months (High Risk)
9.0,6.0,3,Mobile Phone,2,Divorced,3,1,0.0,122.93,1,6-24 Months (Regular),Near,Active,270.0,0.97,High Risk (>70%),7-12 Months (Moderate)
9.0,7.0,4,Mobile Phone,3,Married,2,0,0.0,115.63,0,6-24 Months (Regular),Near,Active,270.0,0.17,Low Risk (<30%),7-12 Months (Moderate)
31.0,9.0,4,Grocery,4,Married,6,0,15.0,287.91,0,24+ Months (Loyal),Near,Active,930.0,0.0,Low Risk (<30%),12+ Months (Loyal)
3.0,15.0,3,Laptop & Accessory,3,Single,8,1,7.0,146.95,0,0-6 Months (New),Moderate,Active,90.0,0.02,Low Risk (<30%),0-3 Months (High Risk)
3.0,8.0,5,Grocery,1,Married,5,0,8.0,286.24,0,0-6 Months (New),Near,Active,90.0,0.03,Low Risk (<30%),0-3 Months (High Risk)
11.0,6.0,3,Fashion,3,Single,5,1,0.0,178.61,0,6-24 Months (Regular),Near,Active,330.0,0.01,Low Risk (<30%),7-12 Months (Moderate)
23.0,8.0,3,Grocery,5,Divorced,3,0,2.0,278.56,0,6-24 Months (Regular),Near,Active,690.0,0.0,Low Risk (<30%),12+ Months (Loyal)
3.0,26.0,3,Laptop & Accessory,5,Married,1,0,2.0,199.57,0,0-6 Months (New),Far,Active,90.0,0.01,Low Risk (<30%),0-3 Months (High Risk)
21.0,9.0,4,Laptop & Accessory,1,Married,7,0,5.0,175.7,0,6-24 Months (Regular),Near,Active,630.0,0.02,Low Risk (<30%),12+ Months (Loyal)
3.0,14.0,4,Laptop & Accessory,2,Married,3,1,1.0,191.23,0,0-6 Months (New),Moderate,Active,90.0,0.14,Low Risk (<30%),0-3 Months (High Risk)
1.0,9.0,6,Laptop & Accessory,1,Single,5,0,1.0,175.71,0,0-6 Months (New),Near,Active,30.0,0.34,Medium Risk (30-70%),0-3 Months (High Risk)
5.0,32.0,3,Laptop & Accessory,2,Divorced,1,0,2.0,144.65,0,0-6 Months (New),Far,Active,150.0,0.0,Low Risk (<30%),4-6 Months (Mid-High)
14.0,14.0,5,Fashion,1,Single,3,0,3.0,206.5,1,6-24 Months (Regular),Moderate,Active,420.0,0.86,High Risk (>70%),12+ Months (Loyal)
11.0,8.0,3,Mobile Phone,3,Married,7,1,1.0,130.57,0,6-24 Months (Regular),Near,Active,330.0,0.03,Low Risk (<30%),7-12 Months (Moderate)
14.0,8.0,4,Grocery,5,Married,4,0,17.0,293.23,0,6-24 Months (Regular),Near,Active,420.0,0.0,Low Risk (<30%),12+ Months (Loyal)
7.0,13.0,4,Laptop & Accessory,1,Married,5,0,8.0,202.25,0,6-24 Months (Regular),Moderate,Active,210.0,0.02,Low Risk (<30%),7-12 Months (Moderate)
10.0,10.0,4,Mobile Phone,4,Married,3,0,8.0,161.92,0,6-24 Months (Regular),Near,Active,300.0,0.0,Low Risk (<30%),7-12 Months (Moderate)
4.0,36.0,4,Fashion,4,Married,5,0,3.0,217.5,0,0-6 Months (New),Far,Active,120.0,0.05,Low Risk (<30%),4-6 Months (Mid-High)
0.0,22.0,3,Mobile Phone,4,Divorced,10,0,2.0,128.11,0,0-6 Months (New),Far,Active,0.0,0.0,Low Risk (<30%),0-3 Months (High Risk)
8.0,8.0,5,Laptop & Accessory,5,Single,2,0,10.0,178.43,0,6-24 Months (Regular),Near,Active,240.0,0.0,Low Risk (<30%),7-12 Months (Moderate)
1.0,23.0,6,Mobile Phone,5,Married,3,1,1.0,148.07,1,0-6 Months (New),Far,Active,30.0,1.0,High Risk (>70%),0-3 Months (High Risk)
22.0,14.0,3,Fashion,4,Married,5,0,7.0,174.03,0,6-24 Months (Regular),Moderate,Active,660.0,0.0,Low Risk (<30%),12+ Months (Loyal)
1.0,16.0,4,Laptop & Accessory,5,Married,6,0,8.0,178.46,1,0-6 Months (New),Moderate,Active,30.0,0.67,Medium Risk (30-70%),0-3 Months (High Risk)
20.0,7.0,2,Grocery,5,Single,3,0,13.0,300.67,0,6-24 Months (Regular),Near,Active,600.0,0.0,Low Risk (<30%),12+ Months (Loyal)
18.0,8.0,3,Laptop & Accessory,4,Married,1,0,7.0,148.05,0,6-24 Months (Regular),Near,Active,540.0,0.0,Low Risk (<30%),12+ Months (Loyal)
30.0,30.0,1,Fashion,1,Married,4,1,4.0,194.39,0,24+ Months (Loyal),Far,Active,900.0,0.0,Low Risk (<30%),12+ Months (Loyal)
2.0,14.0,3,Mobile Phone,2,Single,2,0,5.0,123.4,0,0-6 Months (New),Moderate,Active,60.0,0.09,Low Risk (<30%),0-3 Months (High Risk)
6.0,10.0,4,Fashion,1,Single,5,0,8.0,236.589999999999,0,0-6 Months (New),Near,Active,180.0,0.0,Low Risk (<30%),4-6 Months (Mid-High)
9.0,34.0,3,Mobile Phone,1,Married,5,0,3.0,121.32,0,6-24 Months (Regular),Far,Active,270.0,0.0,Low Risk (<30%),7-12 Months (Moderate)
13.0,14.0,3,Laptop & Accessory,3,Divorced,4,1,3.0,167.96,1,6-24 Months (Regular),Moderate,Active,390.0,0.87,High Risk (>70%),12+ Months (Loyal)
10.0,6.0,3,Fashion,2,Married,3,1,2.0,236.029999999999,0,6-24 Months (Regular),Near,Active,300.0,0.12,Low Risk (<30%),7-12 Months (Moderate)
18.0,7.0,3,Fashion,4,Married,2,0,7.0,174.41,0,6-24 Months (Regular),Near,Active,540.0,0.01,Low Risk (<30%),12+ Months (Loyal)
28.0,20.0,2,Others,4,Single,9,0,15.0,287.22,0,24+ Months (Loyal),Moderate,Active,840.0,0.0,Low Risk (<30%),12+ Months (Loyal)
18.0,17.0,4,Laptop & Accessory,1,Married,4,1,4.0,189.65,0,6-24 Months (Regular),Moderate,Active,540.0,0.1,Low Risk (<30%),12+ Months (Loyal)
4.0,10.0,4,Mobile Phone,2,Divorced,6,0,5.0,145.97,0,0-6 Months (New),Near,Active,120.0,0.0,Low Risk (<30%),4-6 Months (Mid-High)
24.0,9.0,4,Grocery,5,Divorced,4,0,3.0,303.56,0,6-24 Months (Regular),Near,Active,720.0,0.0,Low Risk (<30%),12+ Months (Loyal)
1.0,16.0,4,Laptop & Accessory,5,Single,5,1,4.0,207.24,1,0-6 Months (New),Moderate,Active,30.0,0.93,High Risk (>70%),0-3 Months (High Risk)
15.0,10.0,3,Others,1,Married,2,0,15.0,292.32,0,6-24 Months (Regular),Near,Active,450.0,0.0,Low Risk (<30%),12+ Months (Loyal)
10.0,17.0,4,Fashion,3,Divorced,5,0,8.0,195.94,0,6-24 Months (Regular),Moderate,Active,300.0,0.01,Low Risk (<30%),7-12 Months (Moderate)
17.0,22.0,5,Laptop & Accessory,1,Married,5,0,3.0,193.04,0,6-24 Months (Regular),Far,Active,510.0,0.0,Low Risk (<30%),12+ Months (Loyal)
10.0,10.0,4,Mobile Phone,4,Divorced,3,0,8.0,161.92,0,6-24 Months (Regular),Near,Active,300.0,0.0,Low Risk (<30%),7-12 Months (Moderate)
2.0,14.0,3,Mobile Phone,1,Married,5,0,7.0,125.139999999999,0,0-6 Months (New),Moderate,Active,60.0,0.0,Low Risk (<30%),0-3 Months (High Risk)
13.0,28.0,5,Laptop & Accessory,2,Divorced,5,1,5.0,186.2,0,6-24 Months (Regular),Far,Active,390.0,0.0,Low Risk (<30%),12+ Months (Loyal)
20.0,10.0,3,Laptop & Accessory,3,Single,4,0,0.0,129.76,0,6-24 Months (Regular),Near,Active,600.0,0.13,Low Risk (<30%),12+ Months (Loyal)
9.0,30.0,6,Mobile Phone,3,Married,2,0,4.0,152.05,0,6-24 Months (Regular),Far,Active,270.0,0.0,Low Risk (<30%),7-12 Months (Moderate)
4.0,9.0,3,Fashion,3,Married,10,0,2.0,236.75,0,0-6 Months (New),Near,Active,120.0,0.02,Low Risk (<30%),4-6 Months (Mid-High)
9.0,14.0,1,Mobile Phone,4,Single,10,0,2.0,121.09,0,6-24 Months (Regular),Moderate,Active,270.0,0.0,Low Risk (<30%),7-12 Months (Moderate)
22.0,9.0,4,Laptop & Accessory,2,Divorced,4,0,8.0,165.51,0,6-24 Months (Regular),Near,Active,660.0,0.0,Low Risk (<30%),12+ Months (Loyal)
23.0,27.0,4,Laptop & Accessory,5,Married,3,0,12.0,190.67,0,6-24 Months (Regular),Far,Active,690.0,0.0,Low Risk (<30%),12+ Months (Loyal)
5.0,13.0,4,Laptop & Accessory,3,Divorced,2,0,8.0,154.84,0,0-6 Months (New),Moderate,Active,150.0,0.0,Low Risk (<30%),4-6 Months (Mid-High)
5.0,14.0,5,Fashion,3,Married,3,0,3.0,214.43,0,0-6 Months (New),Moderate,Active,150.0,0.04,Low Risk (<30%),4-6 Months (Mid-High)
1.0,11.0,5,Mobile Phone,2,Divorced,2,0,5.0,156.62,0,0-6 Months (New),Moderate,Active,30.0,0.13,Low Risk (<30%),0-3 Months (High Risk)
2.0,17.0,4,Mobile Phone,4,Divorced,3,0,1.0,135.52,0,0-6 Months (New),Moderate,Active,60.0,0.05,Low Risk (<30%),0-3 Months (High Risk)
0.0,17.0,1,Laptop & Accessory,3,Married,1,0,3.0,140.11,0,0-6 Months (New),Moderate,Active,0.0,0.05,Low Risk (<30%),0-3 Months (High Risk)
1.0,12.0,2,Laptop & Accessory,5,Married,3,0,6.0,165.0,0,0-6 Months (New),Moderate,Active,30.0,0.01,Low Risk (<30%),0-3 Months (High Risk)
17.0,9.0,4,Laptop & Accessory,1,Married,3,0,8.0,181.75,0,6-24 Months (Regular),Near,Active,510.0,0.01,Low Risk (<30%),12+ Months (Loyal)
0.0,8.0,3,Laptop & Accessory,2,Divorced,1,0,2.0,142.27,0,0-6 Months (New),Near,Active,0.0,0.08,Low Risk (<30%),0-3 Months (High Risk)
13.0,8.0,4,Laptop & Accessory,3,Divorced,7,0,0.0,134.48,0,6-24 Months (Regular),Near,Active,390.0,0.01,Low Risk (<30%),12+ Months (Loyal)
2.0,34.0,6,Laptop & Accessory,5,Married,2,0,1.0,25.0,0,0-6 Months (New),Far,Active,60.0,0.15,Low Risk (<30%),0-3 Months (High Risk)
2.0,7.0,4,Mobile Phone,1,Married,3,0,4.0,145.44,0,0-6 Months (New),Near,Active,60.0,0.0,Low Risk (<30%),0-3 Months (High Risk)
25.0,17.0,3,Laptop & Accessory,3,Married,9,0,4.0,131.49,0,24+ Months (Loyal),Moderate,Active,750.0,0.0,Low Risk (<30%),12+ Months (Loyal)
18.0,13.0,3,Mobile Phone,3,Married,5,1,2.0,144.77,0,6-24 Months (Regular),Moderate,Active,540.0,0.01,Low Risk (<30%),12+ Months (Loyal)
6.0,16.0,4,Laptop & Accessory,2,Divorced,3,1,6.0,188.22,0,0-6 Months (New),Moderate,Active,180.0,0.11,Low Risk (<30%),4-6 Months (Mid-High)
7.0,27.0,1,Laptop & Accessory,1,Single,2,0,7.0,153.37,0,6-24 Months (Regular),Far,Active,210.0,0.0,Low Risk (<30%),7-12 Months (Moderate)
1.0,9.0,4,Mobile Phone,5,Married,3,0,1.0,148.41,0,0-6 Months (New),Near,Active,30.0,0.04,Low Risk (<30%),0-3 Months (High Risk)
6.0,36.0,5,Mobile Phone,4,Single,3,0,2.0,153.37,0,0-6 Months (New),Far,Active,180.0,0.11,Low Risk (<30%),4-6 Months (Mid-High)
11.0,34.0,2,Laptop & Accessory,3,Single,6,1,4.0,188.97,1,6-24 Months (Regular),Far,Active,330.0,0.57,Medium Risk (30-70%),7-12 Months (Moderate)
19.0,13.0,3,Fashion,3,Married,7,0,7.0,208.45,0,6-24 Months (Regular),Moderate,Active,570.0,0.0,Low Risk (<30%),12+ Months (Loyal)
26.0,6.0,4,Fashion,4,Single,9,0,3.0,229.45,0,24+ Months (Loyal),Near,Active,780.0,0.0,Low Risk (<30%),12+ Months (Loyal)
12.0,28.0,3,Fashion,5,Single,2,1,8.0,208.8,0,6-24 Months (Regular),Far,Active,360.0,0.01,Low Risk (<30%),7-12 Months (Moderate)
11.0,13.0,4,Laptop & Accessory,2,Divorced,6,0,2.0,190.02,0,6-24 Months (Regular),Moderate,Active,330.0,0.01,Low Risk (<30%),7-12 Months (Moderate)
14.0,7.0,4,Grocery,5,Married,4,0,17.0,293.23,0,6-24 Months (Regular),Near,Active,420.0,0.0,Low Risk (<30%),12+ Months (Loyal)
16.0,10.0,2,Laptop & Accessory,1,Married,4,1,4.0,177.31,0,6-24 Months (Regular),Near,Active,480.0,0.0,Low Risk (<30%),12+ Months (Loyal)
0.0,30.0,3,Mobile Phone,4,Single,9,0,2.0,135.97,0,0-6 Months (New),Far,Active,0.0,0.0,Low Risk (<30%),0-3 Months (High Risk)
21.0,9.0,4,Grocery,3,Married,5,0,7.0,296.69,0,6-24 Months (Regular),Near,Active,630.0,0.0,Low Risk (<30%),12+ Months (Loyal)
5.0,19.0,4,Mobile Phone,2,Divorced,10,1,3.0,164.29,0,0-6 Months (New),Moderate,Active,150.0,0.02,Low Risk (<30%),4-6 Months (Mid-High)
14.0,15.0,5,Fashion,4,Married,4,0,9.0,262.57,0,6-24 Months (Regular),Moderate,Active,420.0,0.01,Low Risk (<30%),12+ Months (Loyal)
15.0,35.0,3,Laptop & Accessory,3,Married,3,0,2.0,145.56,0,6-24 Months (Regular),Far,Active,450.0,0.0,Low Risk (<30%),12+ Months (Loyal)
25.0,33.0,4,Grocery,3,Divorced,4,0,18.0,288.07,0,24+ Months (Loyal),Far,Active,750.0,0.0,Low Risk (<30%),12+ Months (Loyal)
20.0,11.0,5,Others,4,Married,4,0,9.0,312.89,0,6-24 Months (Regular),Moderate,Active,600.0,0.07,Low Risk (<30%),12+ Months (Loyal)
6.0,13.0,3,Laptop & Accessory,5,Married,1,0,3.0,143.73,0,0-6 Months (New),Moderate,Active,180.0,0.0,Low Risk (<30%),4-6 Months (Mid-High)
30.0,7.0,3,Others,5,Married,4,1,5.0,297.01,0,24+ Months (Loyal),Near,Active,900.0,0.02,Low Risk (<30%),12+ Months (Loyal)
8.0,35.0,5,Laptop & Accessory,3,Married,3,0,8.0,192.12,0,6-24 Months (Regular),Far,Active,240.0,0.0,Low Risk (<30%),7-12 Months (Moderate)
6.0,13.0,3,Laptop & Accessory,5,Divorced,1,0,3.0,143.73,0,0-6 Months (New),Moderate,Active,180.0,0.0,Low Risk (<30%),4-6 Months (Mid-High)
11.0,16.0,6,Grocery,3,Married,9,0,11.0,254.36,1,6-24 Months (Regular),Moderate,Active,330.0,0.63,Medium Risk (30-70%),7-12 Months (Moderate)
8.0,29.0,3,Mobile Phone,5,Married,4,1,2.0,140.14,0,6-24 Months (Regular),Far,Active,240.0,0.0,Low Risk (<30%),7-12 Months (Moderate)
2.0,8.0,4,Mobile Phone,5,Married,3,0,3.0,160.91,0,0-6 Months (New),Near,Active,60.0,0.0,Low Risk (<30%),0-3 Months (High Risk)
8.0,13.0,4,Laptop & Accessory,3,Single,3,0,11.0,173.09,0,6-24 Months (Regular),Moderate,Active,240.0,0.03,Low Risk (<30%),7-12 Months (Moderate)
7.0,21.0,3,Fashion,1,Married,2,0,5.0,179.78,1,6-24 Months (Regular),Far,Active,210.0,0.9,High Risk (>70%),7-12 Months (Moderate)
22.0,24.0,3,Laptop & Accessory,1,Married,2,1,7.0,168.04,0,6-24 Months (Regular),Far,Active,660.0,0.0,Low Risk (<30%),12+ Months (Loyal)
23.0,14.0,3,Mobile Phone,2,Divorced,5,0,0.0,123.8,0,6-24 Months (Regular),Moderate,Active,690.0,0.04,Low Risk (<30%),12+ Months (Loyal)
0.0,15.0,1,Mobile Phone,3,Married,2,0,4.0,144.01,0,0-6 Months (New),Moderate,Active,0.0,0.12,Low Risk (<30%),0-3 Months (High Risk)
1.0,23.0,6,Mobile Phone,5,Single,3,1,8.0,164.19,1,0-6 Months (New),Far,Active,30.0,0.89,High Risk (>70%),0-3 Months (High Risk)
28.0,6.0,1,Grocery,2,Married,3,0,0.0,247.32,0,24+ Months (Loyal),Near,Active,840.0,0.0,Low Risk (<30%),12+ Months (Loyal)
7.0,15.0,5,Mobile Phone,2,Single,2,0,3.0,148.42,0,6-24 Months (Regular),Moderate,Active,210.0,0.0,Low Risk (<30%),7-12 Months (Moderate)
0.0,10.0,4,Laptop & Accessory,1,Single,2,1,4.0,158.28,1,0-6 Months (New),Near,Active,0.0,0.95,High Risk (>70%),0-3 Months (High Risk)
1.0,7.0,4,Mobile Phone,2,Single,3,1,9.0,151.86,1,0-6 Months (New),Near,Active,30.0,0.93,High Risk (>70%),0-3 Months (High Risk)
1.0,22.0,5,Mobile Phone,5,Married,2,0,4.0,172.74,0,0-6 Months (New),Far,Active,30.0,0.17,Low Risk (<30%),0-3 Months (High Risk)
7.0,14.0,4,Fashion,3,Divorced,2,0,8.0,241.91,0,6-24 Months (Regular),Moderate,Active,210.0,0.02,Low Risk (<30%),7-12 Months (Moderate)
12.0,17.0,4,Laptop & Accessory,2,Single,3,1,4.0,181.66,0,6-24 Months (Regular),Moderate,Active,360.0,0.0,Low Risk (<30%),7-12 Months (Moderate)
11.0,35.0,3,Laptop & Accessory,2,Divorced,4,0,7.0,162.61,0,6-24 Months (Regular),Far,Active,330.0,0.0,Low Risk (<30%),7-12 Months (Moderate)
16.0,31.0,4,Fashion,5,Married,3,1,9.0,199.06,0,6-24 Months (Regular),Far,Active,480.0,0.01,Low Risk (<30%),12+ Months (Loyal)
6.0,22.0,4,Laptop & Accessory,1,Married,7,0,3.0,191.67,0,0-6 Months (New),Far,Active,180.0,0.01,Low Risk (<30%),4-6 Months (Mid-High)
28.0,8.0,4,Others,5,Married,9,0,0.0,290.38,0,24+ Months (Loyal),Near,Active,840.0,0.0,Low Risk (<30%),12+ Months (Loyal)
9.0,7.0,5,Fashion,5,Married,3,1,7.0,202.52,0,6-24 Months (Regular),Near,Active,270.0,0.01,Low Risk (<30%),7-12 Months (Moderate)
2.0,14.0,4,Mobile Phone,1,Married,7,0,3.0,125.32,0,0-6 Months (New),Moderate,Active,60.0,0.0,Low Risk (<30%),0-3 Months (High Risk)
18.0,7.0,4,Laptop & Accessory,5,Married,7,1,4.0,179.54,0,6-24 Months (Regular),Near,Active,540.0,0.01,Low Risk (<30%),12+ Months (Loyal)
0.0,15.0,3,Mobile Phone,5,Single,2,0,2.0,127.28,0,0-6 Months (New),Moderate,Active,0.0,0.23,Low Risk (<30%),0-3 Months (High Risk)
18.0,31.0,4,Laptop & Accessory,1,Married,1,0,8.0,159.06,0,6-24 Months (Regular),Far,Active,540.0,0.0,Low Risk (<30%),12+ Months (Loyal)
2.0,25.0,3,Laptop & Accessory,1,Married,5,0,2.0,142.62,0,0-6 Months (New),Far,Active,60.0,0.0,Low Risk (<30%),0-3 Months (High Risk)
29.0,7.0,4,Fashion,1,Married,5,0,3.0,227.39,0,24+ Months (Loyal),Near,Active,870.0,0.0,Low Risk (<30%),12+ Months (Loyal)
8.0,8.0,3,Laptop & Accessory,1,Married,3,0,7.0,157.62,0,6-24 Months (Regular),Near,Active,240.0,0.0,Low Risk (<30%),7-12 Months (Moderate)
27.0,7.0,5,Grocery,3,Married,6,1,3.0,254.649999999999,0,24+ Months (Loyal),Near,Active,810.0,0.0,Low Risk (<30%),12+ Months (Loyal)
24.0,7.0,4,Grocery,2,Married,11,0,4.0,298.99,0,6-24 Months (Regular),Near,Active,720.0,0.0,Low Risk (<30%),12+ Months (Loyal)
6.0,31.0,4,Laptop & Accessory,1,Married,3,0,8.0,178.09,0,0-6 Months (New),Far,Active,180.0,0.0,Low Risk (<30%),4-6 Months (Mid-High)
27.0,13.0,4,Laptop & Accessory,2,Single,4,0,3.0,149.5,0,24+ Months (Loyal),Moderate,Active,810.0,0.01,Low Risk (<30%),12+ Months (Loyal)
1.0,33.0,4,Mobile Phone,1,Married,3,0,3.0,154.04,0,0-6 Months (New),Far,Active,30.0,0.29,Low Risk (<30%),0-3 Months (High Risk)
5.0,7.0,6,Laptop & Accessory,3,Married,2,0,5.0,168.45,0,0-6 Months (New),Near,Active,150.0,0.0,Low Risk (<30%),4-6 Months (Mid-High)
15.0,29.0,4,Laptop & Accessory,1,Married,5,1,4.0,179.67,0,6-24 Months (Regular),Far,Active,450.0,0.01,Low Risk (<30%),12+ Months (Loyal)
1.0,7.0,6,Mobile Phone,3,Single,3,0,1.0,138.59,1,0-6 Months (New),Near,Active,30.0,1.0,High Risk (>70%),0-3 Months (High Risk)
8.0,27.0,2,Mobile Phone,3,Divorced,2,0,1.0,150.85,0,6-24 Months (Regular),Far,Active,240.0,0.02,Low Risk (<30%),7-12 Months (Moderate)
7.0,27.0,2,Laptop & Accessory,2,Single,2,0,7.0,153.37,0,6-24 Months (Regular),Far,Active,210.0,0.0,Low Risk (<30%),7-12 Months (Moderate)
14.0,7.0,4,Laptop & Accessory,3,Married,9,0,2.0,192.28,1,6-24 Months (Regular),Near,Active,420.0,0.63,Medium Risk (30-70%),12+ Months (Loyal)
1.0,26.0,5,Mobile Phone,4,Married,3,1,1.0,149.13,1,0-6 Months (New),Far,Active,30.0,1.0,High Risk (>70%),0-3 Months (High Risk)
15.0,8.0,1,Laptop & Accessory,5,Divorced,8,0,3.0,162.72,0,6-24 Months (Regular),Near,Active,450.0,0.0,Low Risk (<30%),12+ Months (Loyal)
11.0,32.0,4,Laptop & Accessory,3,Married,5,1,8.0,169.49,0,6-24 Months (Regular),Far,Active,330.0,0.0,Low Risk (<30%),7-12 Months (Moderate)
9.0,6.0,3,Laptop & Accessory,4,Married,1,0,5.0,152.28,0,6-24 Months (Regular),Near,Active,270.0,0.02,Low Risk (<30%),7-12 Months (Moderate)
9.0,31.0,4,Mobile Phone,4,Single,5,1,2.0,123.13,1,6-24 Months (Regular),Far,Active,270.0,0.92,High Risk (>70%),7-12 Months (Moderate)
23.0,15.0,5,Grocery,4,Divorced,8,0,4.0,256.2,0,6-24 Months (Regular),Moderate,Active,690.0,0.0,Low Risk (<30%),12+ Months (Loyal)
0.0,8.0,4,Laptop & Accessory,4,Single,8,1,2.0,199.07,1,0-6 Months (New),Near,Active,0.0,0.93,High Risk (>70%),0-3 Months (High Risk)
1.0,13.0,4,Mobile Phone,5,Married,6,1,3.0,145.73,1,0-6 Months (New),Moderate,Active,30.0,0.95,High Risk (>70%),0-3 Months (High Risk)
12.0,9.0,5,Laptop & Accessory,1,Married,5,0,6.0,177.49,0,6-24 Months (Regular),Near,Active,360.0,0.01,Low Risk (<30%),7-12 Months (Moderate)
1.0,11.0,4,Laptop & Accessory,3,Divorced,3,1,4.0,166.62,0,0-6 Months (New),Moderate,Active,30.0,0.05,Low Risk (<30%),0-3 Months (High Risk)
7.0,6.0,4,Fashion,5,Divorced,10,0,6.0,204.82,1,6-24 Months (Regular),Near,Active,210.0,0.97,High Risk (>70%),7-12 Months (Moderate)
0.0,34.0,3,Laptop & Accessory,4,Divorced,2,0,4.0,162.72,0,0-6 Months (New),Far,Active,0.0,0.0,Low Risk (<30%),0-3 Months (High Risk)
2.0,33.0,3,Laptop & Accessory,3,Divorced,5,0,1.0,143.35,0,0-6 Months (New),Far,Active,60.0,0.0,Low Risk (<30%),0-3 Months (High Risk)
7.0,15.0,3,Laptop & Accessory,3,Divorced,2,0,3.0,157.14,0,6-24 Months (Regular),Moderate,Active,210.0,0.0,Low Risk (<30%),7-12 Months (Moderate)
20.0,7.0,3,Fashion,4,Married,1,0,3.0,219.57,0,6-24 Months (Regular),Near,Active,600.0,0.01,Low Risk (<30%),12+ Months (Loyal)
9.0,9.0,4,Mobile Phone,2,Single,1,0,1.0,120.449999999999,0,6-24 Months (Regular),Near,Active,270.0,0.06,Low Risk (<30%),7-12 Months (Moderate)
12.0,30.0,4,Grocery,1,Married,1,0,3.0,220.31,0,6-24 Months (Regular),Far,Active,360.0,0.0,Low Risk (<30%),7-12 Months (Moderate)
5.0,19.0,4,Laptop & Accessory,1,Married,2,1,6.0,183.55,0,0-6 Months (New),Moderate,Active,150.0,0.27,Low Risk (<30%),4-6 Months (Mid-High)
9.0,16.0,5,Fashion,3,Married,3,1,16.0,231.85,0,6-24 Months (Regular),Moderate,Active,270.0,0.01,Low Risk (<30%),7-12 Months (Moderate)
9.0,10.0,5,Mobile Phone,3,Divorced,3,0,1.0,137.81,0,6-24 Months (Regular),Near,Active,270.0,0.04,Low Risk (<30%),7-12 Months (Moderate)
19.0,8.0,5,Grocery,4,Married,4,1,7.0,268.72,0,6-24 Months (Regular),Near,Active,570.0,0.05,Low Risk (<30%),12+ Months (Loyal)
28.0,8.0,5,Others,3,Divorced,5,0,11.0,291.87,0,24+ Months (Loyal),Near,Active,840.0,0.0,Low Risk (<30%),12+ Months (Loyal)
4.0,8.0,4,Mobile Phone,4,Married,2,1,8.0,160.79,0,0-6 Months (New),Near,Active,120.0,0.01,Low Risk (<30%),4-6 Months (Mid-High)
1.0,12.0,4,Mobile Phone,1,Single,3,0,3.0,156.17,0,0-6 Months (New),Moderate,Active,30.0,0.3,Medium Risk (30-70%),0-3 Months (High Risk)
28.0,24.0,4,Fashion,3,Divorced,10,0,9.0,232.39,0,24+ Months (Loyal),Far,Active,840.0,0.0,Low Risk (<30%),12+ Months (Loyal)
14.0,18.0,4,Laptop & Accessory,3,Married,3,0,5.0,188.23,0,6-24 Months (Regular),Moderate,Active,420.0,0.0,Low Risk (<30%),12+ Months (Loyal)
0.0,9.0,3,Laptop & Accessory,3,Single,10,0,0.0,145.77,1,0-6 Months (New),Near,Active,0.0,0.8,High Risk (>70%),0-3 Months (High Risk)
15.0,18.0,3,Laptop & Accessory,1,Married,4,1,0.0,150.87,0,6-24 Months (Regular),Moderate,Active,450.0,0.06,Low Risk (<30%),12+ Months (Loyal)
20.0,29.0,3,Fashion,2,Divorced,2,0,6.0,203.12,1,6-24 Months (Regular),Far,Active,600.0,0.68,Medium Risk (30-70%),12+ Months (Loyal)
11.0,16.0,5,Fashion,3,Married,4,0,11.0,232.06,0,6-24 Months (Regular),Moderate,Active,330.0,0.04,Low Risk (<30%),7-12 Months (Moderate)
0.0,14.0,3,Mobile Phone,2,Single,2,0,2.0,126.1,0,0-6 Months (New),Moderate,Active,0.0,0.5312857142857143,Medium Risk (30-70%),0-3 Months (High Risk)
14.0,9.0,4,Others,3,Divorced,2,0,13.0,305.41,0,6-24 Months (Regular),Near,Active,420.0,0.0,Low Risk (<30%),12+ Months (Loyal)
19.0,20.0,2,Grocery,3,Single,8,1,9.0,261.95,1,6-24 Months (Regular),Moderate,Active,570.0,0.62,Medium Risk (30-70%),12+ Months (Loyal)
0.0,10.0,3,Mobile Phone,2,Divorced,2,1,6.0,136.91,1,0-6 Months (New),Near,Active,0.0,0.96,High Risk (>70%),0-3 Months (High Risk)
0.0,14.0,1,Mobile Phone,2,Divorced,9,0,0.0,125.34,0,0-6 Months (New),Moderate,Active,0.0,0.27,Low Risk (<30%),0-3 Months (High Risk)
1.0,7.0,5,Laptop & Accessory,1,Married,8,0,3.0,172.75,0,0-6 Months (New),Near,Active,30.0,0.02,Low Risk (<30%),0-3 Months (High Risk)
1.0,8.0,4,Mobile Phone,1,Single,3,0,1.0,141.11,0,0-6 Months (New),Near,Active,30.0,0.03,Low Risk (<30%),0-3 Months (High Risk)
11.0,29.0,4,Fashion,3,Single,1,0,8.0,195.26,0,6-24 Months (Regular),Far,Active,330.0,0.01,Low Risk (<30%),7-12 Months (Moderate)
8.0,8.0,4,Mobile Phone,4,Married,3,1,4.0,148.42,1,6-24 Months (Regular),Near,Active,240.0,0.82,High Risk (>70%),7-12 Months (Moderate)
25.0,34.0,1,Grocery,3,Divorced,3,1,2.0,232.47,0,24+ Months (Loyal),Far,Active,750.0,0.01,Low Risk (<30%),12+ Months (Loyal)
1.0,17.0,5,Laptop & Accessory,2,Divorced,3,1,5.0,182.69,0,0-6 Months (New),Moderate,Active,30.0,0.32,Medium Risk (30-70%),0-3 Months (High Risk)
20.0,7.0,4,Others,1,Married,11,0,3.0,321.27,0,6-24 Months (Regular),Near,Active,600.0,0.0,Low Risk (<30%),12+ Months (Loyal)
6.0,19.0,4,Grocery,5,Single,2,1,15.0,262.58,1,0-6 Months (New),Moderate,Active,180.0,0.74,High Risk (>70%),4-6 Months (Mid-High)
1.0,33.0,4,Laptop & Accessory,1,Single,3,0,5.0,186.8,0,0-6 Months (New),Far,Active,30.0,0.03,Low Risk (<30%),0-3 Months (High Risk)
1.0,9.0,4,Mobile Phone,3,Single,3,0,3.0,152.83,0,0-6 Months (New),Near,Active,30.0,0.04,Low Risk (<30%),0-3 Months (High Risk)
7.0,6.0,4,Mobile Phone,4,Divorced,6,0,2.0,132.94,0,6-24 Months (Regular),Near,Active,210.0,0.01,Low Risk (<30%),7-12 Months (Moderate)
3.0,30.0,1,Grocery,4,Single,5,1,0.0,231.94,1,0-6 Months (New),Far,Active,90.0,0.83,High Risk (>70%),0-3 Months (High Risk)
3.0,7.0,3,Mobile Phone,4,Married,2,0,7.0,137.48,0,0-6 Months (New),Near,Active,90.0,0.0,Low Risk (<30%),0-3 Months (High Risk)
14.0,9.0,4,Others,3,Married,2,0,10.0,319.36,0,6-24 Months (Regular),Near,Active,420.0,0.0,Low Risk (<30%),12+ Months (Loyal)
22.0,14.0,4,Grocery,4,Divorced,7,0,3.0,231.2,0,6-24 Months (Regular),Moderate,Active,660.0,0.0,Low Risk (<30%),12+ Months (Loyal)
9.0,14.0,3,Mobile Phone,3,Single,2,0,0.0,119.039999999999,1,6-24 Months (Regular),Moderate,Active,270.0,0.84,High Risk (>70%),7-12 Months (Moderate)
8.0,6.0,4,Laptop & Accessory,2,Divorced,1,0,0.0,153.63,0,6-24 Months (Regular),Near,Active,240.0,0.0,Low Risk (<30%),7-12 Months (Moderate)
30.0,35.0,4,Grocery,1,Married,4,0,0.0,241.18,0,24+ Months (Loyal),Far,Active,900.0,0.0,Low Risk (<30%),12+ Months (Loyal)
3.0,14.0,1,Fashion,5,Divorced,1,1,3.0,214.16,0,0-6 Months (New),Moderate,Active,90.0,0.13,Low Risk (<30%),0-3 Months (High Risk)
24.0,8.0,5,Laptop & Accessory,4,Married,6,0,2.0,154.82,0,6-24 Months (Regular),Near,Active,720.0,0.0,Low Risk (<30%),12+ Months (Loyal)
8.0,12.0,3,Mobile Phone,3,Married,1,1,2.0,135.06,0,6-24 Months (Regular),Moderate,Active,240.0,0.06,Low Risk (<30%),7-12 Months (Moderate)
9.0,9.0,4,Mobile Phone,2,Divorced,4,0,0.0,121.77,0,6-24 Months (Regular),Near,Active,270.0,0.02,Low Risk (<30%),7-12 Months (Moderate)
13.0,8.0,3,Laptop & Accessory,4,Divorced,6,0,0.0,143.27,0,6-24 Months (Regular),Near,Active,390.0,0.04,Low Risk (<30%),12+ Months (Loyal)
14.0,8.0,4,Laptop & Accessory,3,Single,3,1,7.0,168.11,0,6-24 Months (Regular),Near,Active,420.0,0.02,Low Risk (<30%),12+ Months (Loyal)
19.0,13.0,5,Fashion,2,Single,8,0,3.0,213.65,0,6-24 Months (Regular),Moderate,Active,570.0,0.02,Low Risk (<30%),12+ Months (Loyal)
4.0,9.0,5,Laptop & Accessory,2,Single,7,1,1.0,193.77,0,0-6 Months (New),Near,Active,120.0,0.12,Low Risk (<30%),4-6 Months (Mid-High)
10.0,19.0,5,Fashion,2,Single,2,0,3.0,213.58,0,6-24 Months (Regular),Moderate,Active,300.0,0.02,Low Risk (<30%),7-12 Months (Moderate)
1.0,7.0,4,Fashion,5,Married,3,0,8.0,199.12,0,0-6 Months (New),Near,Active,30.0,0.05,Low Risk (<30%),0-3 Months (High Risk)
9.0,23.0,4,Fashion,4,Divorced,2,0,10.0,205.2,0,6-24 Months (Regular),Far,Active,270.0,0.0,Low Risk (<30%),7-12 Months (Moderate)
20.0,9.0,6,Grocery,4,Married,5,1,8.0,293.72,0,6-24 Months (Regular),Near,Active,600.0,0.07,Low Risk (<30%),12+ Months (Loyal)
1.0,23.0,4,Fashion,5,Single,4,1,3.0,210.64,1,0-6 Months (New),Far,Active,30.0,0.97,High Risk (>70%),0-3 Months (High Risk)
1.0,15.0,4,Laptop & Accessory,1,Married,2,0,2.0,168.42,0,0-6 Months (New),Moderate,Active,30.0,0.28,Low Risk (<30%),0-3 Months (High Risk)
24.0,12.0,3,Others,3,Single,8,0,15.0,295.37,0,6-24 Months (Regular),Moderate,Active,720.0,0.01,Low Risk (<30%),12+ Months (Loyal)
20.0,17.0,5,Fashion,2,Divorced,4,1,3.0,215.71,0,6-24 Months (Regular),Moderate,Active,600.0,0.07,Low Risk (<30%),12+ Months (Loyal)
2.0,33.0,5,Laptop & Accessory,5,Divorced,3,0,5.0,172.24,0,0-6 Months (New),Far,Active,60.0,0.03,Low Risk (<30%),0-3 Months (High Risk)
9.0,12.0,1,Mobile Phone,5,Divorced,2,1,0.0,116.009999999999,1,6-24 Months (Regular),Moderate,Active,270.0,0.97,High Risk (>70%),7-12 Months (Moderate)
12.0,14.0,2,Mobile Phone,3,Married,3,0,4.0,151.1,0,6-24 Months (Regular),Moderate,Active,360.0,0.0,Low Risk (<30%),7-12 Months (Moderate)
0.0,6.0,4,Laptop & Accessory,1,Married,7,0,2.0,147.75,0,0-6 Months (New),Near,Active,0.0,0.03,Low Risk (<30%),0-3 Months (High Risk)
6.0,11.0,5,Laptop & Accessory,3,Divorced,3,0,9.0,186.62,0,0-6 Months (New),Moderate,Active,180.0,0.0,Low Risk (<30%),4-6 Months (Mid-High)
1.0,7.0,4,Laptop & Accessory,3,Married,3,0,8.0,177.96,0,0-6 Months (New),Near,Active,30.0,0.09,Low Risk (<30%),0-3 Months (High Risk)
6.0,8.0,3,Mobile Phone,3,Divorced,2,0,4.0,136.0,0,0-6 Months (New),Near,Active,180.0,0.0,Low Risk (<30%),4-6 Months (Mid-High)
19.0,6.0,4,Fashion,5,Married,3,1,5.0,206.73,0,6-24 Months (Regular),Near,Active,570.0,0.02,Low Risk (<30%),12+ Months (Loyal)
5.0,19.0,3,Laptop & Accessory,2,Married,3,0,3.0,144.03,0,0-6 Months (New),Moderate,Active,150.0,0.0,Low Risk (<30%),4-6 Months (Mid-High)
5.0,15.0,3,Laptop & Accessory,2,Divorced,2,1,5.0,163.22,0,0-6 Months (New),Moderate,Active,150.0,0.02,Low Risk (<30%),4-6 Months (Mid-High)
1.0,31.0,6,Mobile Phone,1,Single,3,1,1.0,136.18,1,0-6 Months (New),Far,Active,30.0,1.0,High Risk (>70%),0-3 Months (High Risk)
0.0,21.0,4,Mobile Phone,5,Married,1,0,3.0,147.74,0,0-6 Months (New),Far,Active,0.0,0.11,Low Risk (<30%),0-3 Months (High Risk)
20.0,9.0,4,Laptop & Accessory,1,Married,4,0,5.0,198.79,0,6-24 Months (Regular),Near,Active,600.0,0.01,Low Risk (<30%),12+ Months (Loyal)
11.0,6.0,2,Laptop & Accessory,2,Single,1,0,8.0,176.25,0,6-24 Months (Regular),Near,Active,330.0,0.01,Low Risk (<30%),7-12 Months (Moderate)
18.0,12.0,4,Fashion,2,Single,7,0,8.0,188.65,0,6-24 Months (Regular),Moderate,Active,540.0,0.01,Low Risk (<30%),12+ Months (Loyal)
1.0,10.0,4,Mobile Phone,5,Single,3,1,8.0,158.48,1,0-6 Months (New),Near,Active,30.0,1.0,High Risk (>70%),0-3 Months (High Risk)
0.0,27.0,1,Mobile Phone,1,Single,2,0,2.0,126.78,0,0-6 Months (New),Far,Active,0.0,0.07200000000000001,Low Risk (<30%),0-3 Months (High Risk)
8.0,32.0,3,Laptop & Accessory,5,Married,3,0,0.0,142.86,1,6-24 Months (Regular),Far,Active,240.0,0.61,Medium Risk (30-70%),7-12 Months (Moderate)
9.0,6.0,3,Mobile Phone,4,Single,2,1,2.0,123.02,1,6-24 Months (Regular),Near,Active,270.0,0.93,High Risk (>70%),7-12 Months (Moderate)
11.0,17.0,4,Mobile Phone,5,Married,8,0,4.0,159.52,0,6-24 Months (Regular),Moderate,Active,330.0,0.0,Low Risk (<30%),7-12 Months (Moderate)
18.0,10.0,4,Others,2,Divorced,6,1,2.0,320.13,0,6-24 Months (Regular),Near,Active,540.0,0.05,Low Risk (<30%),12+ Months (Loyal)
19.0,13.0,5,Fashion,1,Single,8,0,3.0,213.65,0,6-24 Months (Regular),Moderate,Active,570.0,0.02,Low Risk (<30%),12+ Months (Loyal)
25.0,12.0,3,Laptop & Accessory,5,Married,4,1,9.0,155.77,0,24+ Months (Loyal),Moderate,Active,750.0,0.0,Low Risk (<30%),12+ Months (Loyal)
29.0,7.0,3,Laptop & Accessory,3,Married,2,0,9.0,163.06,0,24+ Months (Loyal),Near,Active,870.0,0.0,Low Risk (<30%),12+ Months (Loyal)
1.0,14.0,5,Fashion,2,Married,11,0,2.0,240.57,0,0-6 Months (New),Moderate,Active,30.0,0.38,Medium Risk (30-70%),0-3 Months (High Risk)
12.0,15.0,3,Laptop & Accessory,4,Single,21,0,3.0,167.82,0,6-24 Months (Regular),Moderate,Active,360.0,0.01,Low Risk (<30%),7-12 Months (Moderate)
4.0,6.0,3,Laptop & Accessory,2,Single,9,1,5.0,159.93,1,0-6 Months (New),Near,Active,120.0,0.83,High Risk (>70%),4-6 Months (Mid-High)
25.0,8.0,4,Others,3,Single,2,1,12.0,290.68,0,24+ Months (Loyal),Near,Active,750.0,0.0,Low Risk (<30%),12+ Months (Loyal)
0.0,14.0,3,Mobile Phone,1,Single,2,0,2.0,126.1,0,0-6 Months (New),Moderate,Active,0.0,0.5312857142857143,Medium Risk (30-70%),0-3 Months (High Risk)
8.0,27.0,3,Laptop & Accessory,1,Married,2,1,7.0,140.14,0,6-24 Months (Regular),Far,Active,240.0,0.01,Low Risk (<30%),7-12 Months (Moderate)
6.0,10.0,4,Fashion,2,Single,5,0,8.0,236.589999999999,0,0-6 Months (New),Near,Active,180.0,0.0,Low Risk (<30%),4-6 Months (Mid-High)
17.0,14.0,3,Mobile Phone,5,Married,2,1,1.0,125.59,0,6-24 Months (Regular),Moderate,Active,510.0,0.09,Low Risk (<30%),12+ Months (Loyal)
11.0,14.0,4,Mobile Phone,4,Married,5,0,5.0,124.68,0,6-24 Months (Regular),Moderate,Active,330.0,0.0,Low Risk (<30%),7-12 Months (Moderate)
8.0,7.0,5,Mobile Phone,4,Divorced,7,0,3.0,157.94,0,6-24 Months (Regular),Near,Active,240.0,0.0,Low Risk (<30%),7-12 Months (Moderate)
13.0,8.0,3,Laptop & Accessory,1,Single,2,0,8.0,146.61,0,6-24 Months (Regular),Near,Active,390.0,0.0,Low Risk (<30%),12+ Months (Loyal)
11.0,17.0,4,Mobile Phone,4,Married,3,0,8.0,164.36,0,6-24 Months (Regular),Moderate,Active,330.0,0.0,Low Risk (<30%),7-12 Months (Moderate)
4.0,14.0,3,Fashion,1,Married,2,0,9.0,207.93,0,0-6 Months (New),Moderate,Active,120.0,0.02,Low Risk (<30%),4-6 Months (Mid-High)
19.0,10.0,4,Others,4,Married,3,0,8.0,287.89,0,6-24 Months (Regular),Near,Active,570.0,0.0,Low Risk (<30%),12+ Months (Loyal)
10.0,20.0,3,Mobile Phone,5,Married,2,0,17.0,130.34,0,6-24 Months (Regular),Moderate,Active,300.0,0.0,Low Risk (<30%),7-12 Months (Moderate)
12.0,16.0,3,Fashion,3,Single,8,0,2.0,234.64,0,6-24 Months (Regular),Moderate,Active,360.0,0.0,Low Risk (<30%),7-12 Months (Moderate)
5.0,27.0,4,Mobile Phone,4,Single,3,1,3.0,156.4,1,0-6 Months (New),Far,Active,150.0,0.69,Medium Risk (30-70%),4-6 Months (Mid-High)
16.0,31.0,4,Fashion,1,Married,6,0,0.0,207.98,0,6-24 Months (Regular),Far,Active,480.0,0.01,Low Risk (<30%),12+ Months (Loyal)
12.0,13.0,4,Others,1,Married,2,0,3.0,292.72,0,6-24 Months (Regular),Moderate,Active,360.0,0.0,Low Risk (<30%),7-12 Months (Moderate)
8.0,15.0,4,Laptop & Accessory,5,Divorced,7,0,3.0,190.0,0,6-24 Months (Regular),Moderate,Active,240.0,0.0,Low Risk (<30%),7-12 Months (Moderate)
5.0,14.0,1,Laptop & Accessory,3,Married,6,0,3.0,151.75,0,0-6 Months (New),Moderate,Active,150.0,0.0,Low Risk (<30%),4-6 Months (Mid-High)
19.0,8.0,3,Grocery,5,Divorced,9,0,9.0,270.48,0,6-24 Months (Regular),Near,Active,570.0,0.0,Low Risk (<30%),12+ Months (Loyal)
25.0,33.0,4,Grocery,3,Married,4,0,18.0,288.07,0,24+ Months (Loyal),Far,Active,750.0,0.0,Low Risk (<30%),12+ Months (Loyal)
13.0,8.0,3,Others,3,Divorced,1,0,12.0,280.41,0,6-24 Months (Regular),Near,Active,390.0,0.0,Low Risk (<30%),12+ Months (Loyal)
2.0,33.0,5,Laptop & Accessory,5,Married,3,0,5.0,172.24,0,0-6 Months (New),Far,Active,60.0,0.03,Low Risk (<30%),0-3 Months (High Risk)
31.0,9.0,5,Grocery,1,Single,5,1,4.0,262.26,0,24+ Months (Loyal),Near,Active,930.0,0.0,Low Risk (<30%),12+ Months (Loyal)
8.0,7.0,4,Mobile Phone,4,Married,3,1,4.0,148.42,1,6-24 Months (Regular),Near,Active,240.0,0.82,High Risk (>70%),7-12 Months (Moderate)
13.0,22.0,4,Grocery,5,Single,2,0,11.0,258.41,0,6-24 Months (Regular),Far,Active,390.0,0.0,Low Risk (<30%),12+ Months (Loyal)
1.0,8.0,4,Mobile Phone,1,Married,2,1,2.0,138.67,0,0-6 Months (New),Near,Active,30.0,0.16,Low Risk (<30%),0-3 Months (High Risk)
24.0,7.0,4,Laptop & Accessory,3,Divorced,2,0,14.0,188.47,0,6-24 Months (Regular),Near,Active,720.0,0.0,Low Risk (<30%),12+ Months (Loyal)
23.0,34.0,1,Mobile Phone,3,Married,2,1,8.0,132.21,0,6-24 Months (Regular),Far,Active,690.0,0.02,Low Risk (<30%),12+ Months (Loyal)
24.0,15.0,4,Mobile Phone,4,Married,9,0,3.0,163.75,0,6-24 Months (Regular),Moderate,Active,720.0,0.0,Low Risk (<30%),12+ Months (Loyal)
12.0,7.0,2,Mobile Phone,3,Divorced,3,0,1.0,153.44,0,6-24 Months (Regular),Near,Active,360.0,0.0,Low Risk (<30%),7-12 Months (Moderate)
10.0,28.0,4,Laptop & Accessory,4,Married,6,0,3.0,214.26,1,6-24 Months (Regular),Far,Active,300.0,0.61,Medium Risk (30-70%),7-12 Months (Moderate)
1.0,17.0,4,Laptop & Accessory,1,Single,3,0,3.0,171.84,0,0-6 Months (New),Moderate,Active,30.0,0.14,Low Risk (<30%),0-3 Months (High Risk)
7.0,8.0,4,Laptop & Accessory,3,Divorced,2,0,9.0,195.47,0,6-24 Months (Regular),Near,Active,210.0,0.01,Low Risk (<30%),7-12 Months (Moderate)
17.0,11.0,5,Fashion,1,Single,5,0,3.0,227.31,0,6-24 Months (Regular),Moderate,Active,510.0,0.07,Low Risk (<30%),12+ Months (Loyal)
6.0,6.0,1,Laptop & Accessory,5,Married,3,0,3.0,153.76,0,0-6 Months (New),Near,Active,180.0,0.01,Low Risk (<30%),4-6 Months (Mid-High)
16.0,31.0,4,Fashion,2,Married,6,0,0.0,234.0,0,6-24 Months (Regular),Far,Active,480.0,0.01,Low Risk (<30%),12+ Months (Loyal)
5.0,19.0,3,Laptop & Accessory,1,Married,3,0,3.0,144.03,0,0-6 Months (New),Moderate,Active,150.0,0.0,Low Risk (<30%),4-6 Months (Mid-High)
19.0,15.0,4,Laptop & Accessory,2,Divorced,11,0,9.0,161.97,0,6-24 Months (Regular),Moderate,Active,570.0,0.0,Low Risk (<30%),12+ Months (Loyal)
1.0,8.0,4,Mobile Phone,2,Divorced,2,1,2.0,138.67,0,0-6 Months (New),Near,Active,30.0,0.16,Low Risk (<30%),0-3 Months (High Risk)
12.0,8.0,3,Fashion,3,Single,1,0,3.0,209.38,0,6-24 Months (Regular),Near,Active,360.0,0.02,Low Risk (<30%),7-12 Months (Moderate)
6.0,12.0,4,Laptop & Accessory,4,Divorced,3,0,4.0,190.24,0,0-6 Months (New),Moderate,Active,180.0,0.0,Low Risk (<30%),4-6 Months (Mid-High)
22.0,23.0,4,Laptop & Accessory,3,Married,10,0,8.0,189.39,0,6-24 Months (Regular),Far,Active,660.0,0.02,Low Risk (<30%),12+ Months (Loyal)
1.0,9.0,4,Mobile Phone,1,Single,4,0,3.0,150.8,0,0-6 Months (New),Near,Active,30.0,0.13764285714285715,Low Risk (<30%),0-3 Months (High Risk)
6.0,29.0,3,Fashion,1,Single,2,1,12.0,234.579999999999,0,0-6 Months (New),Far,Active,180.0,0.07,Low Risk (<30%),4-6 Months (Mid-High)
29.0,29.0,3,Grocery,4,Divorced,5,1,9.0,234.019999999999,0,24+ Months (Loyal),Far,Active,870.0,0.0,Low Risk (<30%),12+ Months (Loyal)
24.0,17.0,5,Fashion,2,Single,8,0,3.0,229.96,0,6-24 Months (Regular),Moderate,Active,720.0,0.0,Low Risk (<30%),12+ Months (Loyal)
7.0,12.0,5,Fashion,1,Married,6,0,3.0,196.19,0,6-24 Months (Regular),Moderate,Active,210.0,0.0,Low Risk (<30%),7-12 Months (Moderate)
10.0,31.0,4,Laptop & Accessory,4,Divorced,9,0,9.0,181.74,0,6-24 Months (Regular),Far,Active,300.0,0.0,Low Risk (<30%),7-12 Months (Moderate)
12.0,30.0,4,Laptop & Accessory,2,Married,11,0,3.0,182.45,0,6-24 Months (Regular),Far,Active,360.0,0.0,Low Risk (<30%),7-12 Months (Moderate)
0.0,8.0,3,Mobile Phone,3,Single,2,0,2.0,127.83,0,0-6 Months (New),Near,Active,0.0,0.03,Low Risk (<30%),0-3 Months (High Risk)
27.0,7.0,3,Grocery,1,Single,7,0,7.0,273.28,0,24+ Months (Loyal),Near,Active,810.0,0.0,Low Risk (<30%),12+ Months (Loyal)
3.0,30.0,4,Mobile Phone,5,Single,2,0,4.0,164.04,1,0-6 Months (New),Far,Active,90.0,0.62,Medium Risk (30-70%),0-3 Months (High Risk)
0.0,9.0,3,Mobile Phone,5,Divorced,6,0,2.0,140.31,1,0-6 Months (New),Near,Active,0.0,0.63,Medium Risk (30-70%),0-3 Months (High Risk)
8.0,10.0,6,Laptop & Accessory,1,Single,7,0,3.0,185.29,0,6-24 Months (Regular),Near,Active,240.0,0.0,Low Risk (<30%),7-12 Months (Moderate)
8.0,17.0,5,Laptop & Accessory,3,Married,3,0,8.0,175.63,0,6-24 Months (Regular),Moderate,Active,240.0,0.0,Low Risk (<30%),7-12 Months (Moderate)
9.0,23.0,4,Fashion,3,Divorced,6,1,1.0,201.32,0,6-24 Months (Regular),Far,Active,270.0,0.01,Low Risk (<30%),7-12 Months (Moderate)
1.0,15.0,6,Mobile Phone,5,Married,3,1,8.0,146.19,1,0-6 Months (New),Moderate,Active,30.0,1.0,High Risk (>70%),0-3 Months (High Risk)
0.0,31.0,3,Mobile Phone,3,Married,2,0,7.0,129.42,0,0-6 Months (New),Far,Active,0.0,0.27,Low Risk (<30%),0-3 Months (High Risk)
10.0,7.0,4,Laptop & Accessory,3,Single,8,0,1.0,193.15,0,6-24 Months (Regular),Near,Active,300.0,0.0,Low Risk (<30%),7-12 Months (Moderate)
1.0,14.0,4,Mobile Phone,2,Married,2,0,4.0,149.36,0,0-6 Months (New),Moderate,Active,30.0,0.14,Low Risk (<30%),0-3 Months (High Risk)
9.0,11.0,1,Mobile Phone,3,Divorced,3,1,3.0,121.27,0,6-24 Months (Regular),Moderate,Active,270.0,0.22,Low Risk (<30%),7-12 Months (Moderate)
0.0,6.0,4,Fashion,3,Married,6,0,46.0,206.089999999999,1,0-6 Months (New),Near,At Risk,0.0,0.96,High Risk (>70%),0-3 Months (High Risk)
2.0,9.0,3,Laptop & Accessory,3,Married,5,1,0.0,152.38,1,0-6 Months (New),Near,Active,60.0,0.69,Medium Risk (30-70%),0-3 Months (High Risk)
1.0,20.0,4,Mobile Phone,4,Divorced,3,0,1.0,145.33,0,0-6 Months (New),Moderate,Active,30.0,0.14,Low Risk (<30%),0-3 Months (High Risk)
4.0,14.0,4,Mobile Phone,3,Divorced,4,0,2.0,123.289999999999,0,0-6 Months (New),Moderate,Active,120.0,0.0,Low Risk (<30%),4-6 Months (Mid-High)
0.0,14.0,1,Laptop & Accessory,4,Married,1,0,2.0,148.51,0,0-6 Months (New),Moderate,Active,0.0,0.18,Low Risk (<30%),0-3 Months (High Risk)
7.0,11.0,5,Mobile Phone,4,Married,10,0,3.0,163.38,0,6-24 Months (Regular),Moderate,Active,210.0,0.0,Low Risk (<30%),7-12 Months (Moderate)
1.0,7.0,4,Mobile Phone,4,Single,3,1,3.0,148.02,1,0-6 Months (New),Near,Active,30.0,0.99,High Risk (>70%),0-3 Months (High Risk)
18.0,30.0,4,Laptop & Accessory,4,Married,6,0,3.0,145.42,0,6-24 Months (Regular),Far,Active,540.0,0.0,Low Risk (<30%),12+ Months (Loyal)
0.0,32.0,3,Mobile Phone,1,Married,2,0,2.0,129.04,0,0-6 Months (New),Far,Active,0.0,0.17,Low Risk (<30%),0-3 Months (High Risk)
9.0,8.0,3,Mobile Phone,5,Married,7,1,2.0,120.419999999999,1,6-24 Months (Regular),Near,Active,270.0,0.97,High Risk (>70%),7-12 Months (Moderate)
1.0,22.0,4,Fashion,3,Divorced,9,1,8.0,261.1,1,0-6 Months (New),Far,Active,30.0,0.93,High Risk (>70%),0-3 Months (High Risk)
10.0,15.0,4,Laptop & Accessory,2,Married,6,0,8.0,175.79,0,6-24 Months (Regular),Moderate,Active,300.0,0.0,Low Risk (<30%),7-12 Months (Moderate)
7.0,6.0,1,Mobile Phone,2,Single,3,0,3.0,132.8,0,6-24 Months (Regular),Near,Active,210.0,0.0,Low Risk (<30%),7-12 Months (Moderate)
25.0,15.0,5,Fashion,4,Divorced,7,0,8.0,249.899999999999,0,24+ Months (Loyal),Moderate,Active,750.0,0.0,Low Risk (<30%),12+ Months (Loyal)
6.0,10.0,4,Mobile Phone,4,Divorced,9,0,2.0,138.38,0,0-6 Months (New),Near,Active,180.0,0.0,Low Risk (<30%),4-6 Months (Mid-High)
9.0,18.0,3,Laptop & Accessory,3,Married,10,1,1.0,146.63,0,6-24 Months (Regular),Moderate,Active,270.0,0.05,Low Risk (<30%),7-12 Months (Moderate)
28.0,20.0,1,Others,4,Single,9,0,15.0,287.22,0,24+ Months (Loyal),Moderate,Active,840.0,0.01,Low Risk (<30%),12+ Months (Loyal)
21.0,16.0,4,Mobile Phone,3,Single,6,0,1.0,146.05,0,6-24 Months (Regular),Moderate,Active,630.0,0.15,Low Risk (<30%),12+ Months (Loyal)
8.0,12.0,5,Laptop & Accessory,1,Married,3,0,14.0,164.86,0,6-24 Months (Regular),Moderate,Active,240.0,0.0,Low Risk (<30%),7-12 Months (Moderate)
0.0,6.0,3,Mobile Phone,2,Single,2,1,8.0,126.86,1,0-6 Months (New),Near,Active,0.0,0.99,High Risk (>70%),0-3 Months (High Risk)
19.0,18.0,4,Grocery,2,Divorced,5,0,2.0,301.5,0,6-24 Months (Regular),Moderate,Active,570.0,0.01,Low Risk (<30%),12+ Months (Loyal)
12.0,17.0,4,Mobile Phone,3,Married,2,0,3.0,151.84,0,6-24 Months (Regular),Moderate,Active,360.0,0.01,Low Risk (<30%),7-12 Months (Moderate)
2.0,10.0,4,Fashion,4,Married,2,0,8.0,201.55,0,0-6 Months (New),Near,Active,60.0,0.07,Low Risk (<30%),0-3 Months (High Risk)
1.0,9.0,5,Mobile Phone,2,Single,3,0,1.0,136.02,1,0-6 Months (New),Near,Active,30.0,0.91,High Risk (>70%),0-3 Months (High Risk)
14.0,23.0,5,Laptop & Accessory,3,Single,8,0,1.0,175.94,0,6-24 Months (Regular),Far,Active,420.0,0.05,Low Risk (<30%),12+ Months (Loyal)
10.0,17.0,4,Fashion,3,Married,5,0,8.0,195.94,0,6-24 Months (Regular),Moderate,Active,300.0,0.01,Low Risk (<30%),7-12 Months (Moderate)
1.0,18.0,4,Laptop & Accessory,5,Married,3,1,4.0,172.41,0,0-6 Months (New),Moderate,Active,30.0,0.08,Low Risk (<30%),0-3 Months (High Risk)
9.0,9.0,3,Mobile Phone,1,Single,2,1,0.0,115.69,1,6-24 Months (Regular),Near,Active,270.0,0.95,High Risk (>70%),7-12 Months (Moderate)
19.0,8.0,4,Fashion,4,Married,3,0,8.0,199.41,0,6-24 Months (Regular),Near,Active,570.0,0.06,Low Risk (<30%),12+ Months (Loyal)
1.0,7.0,5,Mobile Phone,5,Divorced,3,1,1.0,148.19,1,0-6 Months (New),Near,Active,30.0,1.0,High Risk (>70%),0-3 Months (High Risk)
12.0,14.0,5,Laptop & Accessory,2,Single,2,0,6.0,165.28,0,6-24 Months (Regular),Moderate,Active,360.0,0.0,Low Risk (<30%),7-12 Months (Moderate)
9.0,25.0,4,Laptop & Accessory,5,Married,2,0,5.0,180.61,0,6-24 Months (Regular),Far,Active,270.0,0.0,Low Risk (<30%),7-12 Months (Moderate)
8.0,24.0,3,Laptop & Accessory,3,Divorced,2,0,0.0,146.01,0,6-24 Months (Regular),Far,Active,240.0,0.05,Low Risk (<30%),7-12 Months (Moderate)
29.0,15.0,3,Mobile Phone,3,Divorced,3,0,3.0,129.42,0,24+ Months (Loyal),Moderate,Active,870.0,0.0,Low Risk (<30%),12+ Months (Loyal)
9.0,28.0,3,Mobile Phone,3,Divorced,5,1,1.0,121.32,1,6-24 Months (Regular),Far,Active,270.0,0.9,High Risk (>70%),7-12 Months (Moderate)
4.0,31.0,2,Grocery,4,Single,6,1,1.0,256.94,1,0-6 Months (New),Far,Active,120.0,0.74,High Risk (>70%),4-6 Months (Mid-High)
26.0,10.0,5,Fashion,3,Married,4,1,5.0,204.69,0,24+ Months (Loyal),Near,Active,780.0,0.01,Low Risk (<30%),12+ Months (Loyal)
17.0,13.0,5,Others,3,Married,9,0,15.0,318.92,0,6-24 Months (Regular),Moderate,Active,510.0,0.01,Low Risk (<30%),12+ Months (Loyal)
25.0,9.0,4,Fashion,3,Divorced,3,1,4.0,179.69,0,24+ Months (Loyal),Near,Active,750.0,0.0,Low Risk (<30%),12+ Months (Loyal)
2.0,26.0,5,Mobile Phone,5,Married,3,0,4.0,156.96,0,0-6 Months (New),Far,Active,60.0,0.01,Low Risk (<30%),0-3 Months (High Risk)
5.0,12.0,4,Mobile Phone,2,Divorced,2,1,4.0,173.21,0,0-6 Months (New),Moderate,Active,150.0,0.02,Low Risk (<30%),4-6 Months (Mid-High)
0.0,32.0,3,Laptop & Accessory,1,Single,2,0,4.0,161.8,0,0-6 Months (New),Far,Active,0.0,0.01,Low Risk (<30%),0-3 Months (High Risk)
20.0,10.0,4,Grocery,4,Married,10,0,2.0,291.06,0,6-24 Months (Regular),Near,Active,600.0,0.0,Low Risk (<30%),12+ Months (Loyal)
17.0,28.0,4,Mobile Phone,2,Divorced,9,0,3.0,147.58,0,6-24 Months (Regular),Far,Active,510.0,0.0,Low Risk (<30%),12+ Months (Loyal)
22.0,9.0,2,Laptop & Accessory,4,Married,5,0,3.0,206.2,0,6-24 Months (Regular),Near,Active,660.0,0.0,Low Risk (<30%),12+ Months (Loyal)
5.0,8.0,3,Mobile Phone,5,Married,2,0,0.0,128.27,0,0-6 Months (New),Near,Active,150.0,0.0,Low Risk (<30%),4-6 Months (Mid-High)
9.0,6.0,3,Mobile Phone,2,Single,2,0,7.0,121.15,0,6-24 Months (Regular),Near,Active,270.0,0.0,Low Risk (<30%),7-12 Months (Moderate)
7.0,14.0,4,Laptop & Accessory,5,Married,2,0,4.0,168.73,0,6-24 Months (Regular),Moderate,Active,210.0,0.0,Low Risk (<30%),7-12 Months (Moderate)
9.0,17.0,4,Laptop & Accessory,1,Married,5,0,0.0,166.52,0,6-24 Months (Regular),Moderate,Active,270.0,0.0,Low Risk (<30%),7-12 Months (Moderate)
1.0,35.0,4,Laptop & Accessory,4,Divorced,3,0,5.0,187.72,0,0-6 Months (New),Far,Active,30.0,0.03,Low Risk (<30%),0-3 Months (High Risk)
11.0,17.0,5,Laptop & Accessory,1,Married,4,1,1.0,191.94,0,6-24 Months (Regular),Moderate,Active,330.0,0.09,Low Risk (<30%),7-12 Months (Moderate)
5.0,7.0,4,Mobile Phone,4,Single,3,0,1.0,150.01,0,0-6 Months (New),Near,Active,150.0,0.01,Low Risk (<30%),4-6 Months (Mid-High)
10.0,13.0,3,Laptop & Accessory,5,Married,6,1,4.0,142.84,0,6-24 Months (Regular),Moderate,Active,300.0,0.04,Low Risk (<30%),7-12 Months (Moderate)
2.0,34.0,6,Laptop & Accessory,5,Married,2,0,1.0,173.77,0,0-6 Months (New),Far,Active,60.0,0.02,Low Risk (<30%),0-3 Months (High Risk)
1.0,14.0,3,Mobile Phone,2,Single,2,0,2.0,133.1,0,0-6 Months (New),Moderate,Active,30.0,0.0,Low Risk (<30%),0-3 Months (High Risk)
17.0,6.0,3,Laptop & Accessory,1,Married,5,1,2.0,157.43,0,6-24 Months (Regular),Near,Active,510.0,0.0,Low Risk (<30%),12+ Months (Loyal)
18.0,14.0,3,Laptop & Accessory,2,Divorced,10,0,8.0,136.97,0,6-24 Months (Regular),Moderate,Active,540.0,0.0,Low Risk (<30%),12+ Months (Loyal)
18.0,11.0,2,Others,5,Married,3,0,14.0,316.9,0,6-24 Months (Regular),Moderate,Active,540.0,0.01,Low Risk (<30%),12+ Months (Loyal)
2.0,25.0,3,Laptop & Accessory,2,Married,5,0,2.0,142.62,0,0-6 Months (New),Far,Active,60.0,0.0,Low Risk (<30%),0-3 Months (High Risk)
13.0,11.0,5,Laptop & Accessory,3,Married,6,0,10.0,184.02,0,6-24 Months (Regular),Moderate,Active,390.0,0.0,Low Risk (<30%),12+ Months (Loyal)
7.0,6.0,3,Laptop & Accessory,4,Married,2,0,3.0,143.25,0,6-24 Months (Regular),Near,Active,210.0,0.01,Low Risk (<30%),7-12 Months (Moderate)
1.0,8.0,5,Mobile Phone,3,Married,3,1,1.0,154.33,0,0-6 Months (New),Near,Active,30.0,0.09,Low Risk (<30%),0-3 Months (High Risk)
29.0,25.0,4,Laptop & Accessory,4,Married,5,1,8.0,188.85,0,24+ Months (Loyal),Far,Active,870.0,0.01,Low Risk (<30%),12+ Months (Loyal)
5.0,30.0,3,Laptop & Accessory,2,Divorced,2,0,7.0,153.09,0,0-6 Months (New),Far,Active,150.0,0.0,Low Risk (<30%),4-6 Months (Mid-High)
27.0,9.0,2,Grocery,4,Single,6,0,9.0,290.98,0,24+ Months (Loyal),Near,Active,810.0,0.0,Low Risk (<30%),12+ Months (Loyal)
0.0,28.0,3,Laptop & Accessory,3,Divorced,2,1,7.0,161.79,1,0-6 Months (New),Far,Active,0.0,0.98,High Risk (>70%),0-3 Months (High Risk)
1.0,11.0,6,Fashion,1,Married,3,0,3.0,229.0,1,0-6 Months (New),Moderate,Active,30.0,0.99,High Risk (>70%),0-3 Months (High Risk)
1.0,16.0,4,Mobile Phone,3,Divorced,3,0,3.0,152.42,1,0-6 Months (New),Moderate,Active,30.0,0.86,High Risk (>70%),0-3 Months (High Risk)
1.0,11.0,4,Mobile Phone,2,Divorced,3,1,7.0,161.91,1,0-6 Months (New),Moderate,Active,30.0,0.91,High Risk (>70%),0-3 Months (High Risk)
23.0,12.0,4,Laptop & Accessory,3,Divorced,4,0,3.0,191.51,0,6-24 Months (Regular),Moderate,Active,690.0,0.0,Low Risk (<30%),12+ Months (Loyal)
2.0,7.0,4,Mobile Phone,5,Single,4,0,3.0,145.8,0,0-6 Months (New),Near,Active,60.0,0.03,Low Risk (<30%),0-3 Months (High Risk)
3.0,24.0,5,Fashion,5,Single,3,0,10.0,204.88,0,0-6 Months (New),Far,Active,90.0,0.02,Low Risk (<30%),0-3 Months (High Risk)
22.0,8.0,4,Laptop & Accessory,4,Married,3,0,8.0,153.9,0,6-24 Months (Regular),Near,Active,660.0,0.0,Low Risk (<30%),12+ Months (Loyal)
23.0,15.0,5,Grocery,4,Married,8,0,4.0,256.2,0,6-24 Months (Regular),Moderate,Active,690.0,0.0,Low Risk (<30%),12+ Months (Loyal)
22.0,7.0,5,Grocery,5,Married,9,0,3.0,279.02,0,6-24 Months (Regular),Near,Active,660.0,0.0,Low Risk (<30%),12+ Months (Loyal)
0.0,6.0,1,Fashion,4,Single,2,0,7.0,174.46,1,0-6 Months (New),Near,Active,0.0,0.68,Medium Risk (30-70%),0-3 Months (High Risk)
29.0,25.0,4,Grocery,4,Single,5,0,9.0,293.35,0,24+ Months (Loyal),Far,Active,870.0,0.0,Low Risk (<30%),12+ Months (Loyal)
31.0,16.0,5,Mobile Phone,4,Married,6,1,1.0,158.46,0,24+ Months (Loyal),Moderate,Active,930.0,0.05,Low Risk (<30%),12+ Months (Loyal)
10.0,35.0,3,Fashion,4,Divorced,2,1,3.0,218.49,1,6-24 Months (Regular),Far,Active,300.0,0.85,High Risk (>70%),7-12 Months (Moderate)
7.0,8.0,4,Mobile Phone,3,Married,4,0,7.0,127.68,0,6-24 Months (Regular),Near,Active,210.0,0.0,Low Risk (<30%),7-12 Months (Moderate)
11.0,11.0,4,Mobile Phone,3,Married,9,1,4.0,154.96,0,6-24 Months (Regular),Moderate,Active,330.0,0.0,Low Risk (<30%),7-12 Months (Moderate)
9.0,14.0,4,Mobile Phone,5,Divorced,1,0,3.0,123.419999999999,0,6-24 Months (Regular),Moderate,Active,270.0,0.0,Low Risk (<30%),7-12 Months (Moderate)
1.0,36.0,5,Mobile Phone,4,Single,2,0,5.0,159.79,1,0-6 Months (New),Far,Active,30.0,0.73,High Risk (>70%),0-3 Months (High Risk)
28.0,33.0,2,Grocery,1,Single,4,1,5.0,298.28,0,24+ Months (Loyal),Far,Active,840.0,0.0,Low Risk (<30%),12+ Months (Loyal)
2.0,28.0,4,Mobile Phone,2,Divorced,3,0,3.0,152.13,0,0-6 Months (New),Far,Active,60.0,0.0,Low Risk (<30%),0-3 Months (High Risk)
0.0,10.0,4,Laptop & Accessory,2,Single,2,1,4.0,158.28,1,0-6 Months (New),Near,Active,0.0,0.95,High Risk (>70%),0-3 Months (High Risk)
10.0,25.0,3,Mobile Phone,4,Married,5,0,0.0,130.22,0,6-24 Months (Regular),Far,Active,300.0,0.0,Low Risk (<30%),7-12 Months (Moderate)
0.0,10.0,3,Mobile Phone,1,Single,2,1,2.0,128.75,0,0-6 Months (New),Near,Active,0.0,0.05,Low Risk (<30%),0-3 Months (High Risk)
11.0,8.0,4,Laptop & Accessory,2,Divorced,4,0,5.0,152.49,0,6-24 Months (Regular),Near,Active,330.0,0.0,Low Risk (<30%),7-12 Months (Moderate)
18.0,9.0,2,Fashion,1,Married,3,1,8.0,203.79,0,6-24 Months (Regular),Near,Active,540.0,0.04,Low Risk (<30%),12+ Months (Loyal)
9.0,22.0,4,Laptop & Accessory,5,Divorced,5,0,2.0,156.47,0,6-24 Months (Regular),Far,Active,270.0,0.0,Low Risk (<30%),7-12 Months (Moderate)
5.0,8.0,2,Laptop & Accessory,2,Single,8,0,7.0,150.55,0,0-6 Months (New),Near,Active,150.0,0.0,Low Risk (<30%),4-6 Months (Mid-High)
0.0,34.0,4,Laptop & Accessory,3,Married,3,0,2.0,186.39,0,0-6 Months (New),Far,Active,0.0,0.15,Low Risk (<30%),0-3 Months (High Risk)
8.0,6.0,3,Laptop & Accessory,3,Married,10,0,9.0,147.17,0,6-24 Months (Regular),Near,Active,240.0,0.0,Low Risk (<30%),7-12 Months (Moderate)
12.0,17.0,4,Laptop & Accessory,1,Single,3,1,4.0,181.66,0,6-24 Months (Regular),Moderate,Active,360.0,0.0,Low Risk (<30%),7-12 Months (Moderate)
8.0,10.0,6,Laptop & Accessory,5,Single,5,0,13.0,172.59,0,6-24 Months (Regular),Near,Active,240.0,0.03,Low Risk (<30%),7-12 Months (Moderate)
1.0,26.0,4,Mobile Phone,2,Divorced,3,0,3.0,148.23,0,0-6 Months (New),Far,Active,30.0,0.02,Low Risk (<30%),0-3 Months (High Risk)
4.0,9.0,4,Mobile Phone,2,Single,2,0,8.0,150.64,0,0-6 Months (New),Near,Active,120.0,0.0,Low Risk (<30%),4-6 Months (Mid-High)
14.0,7.0,4,Laptop & Accessory,3,Single,5,1,1.0,172.28,1,6-24 Months (Regular),Near,Active,420.0,0.61,Medium Risk (30-70%),12+ Months (Loyal)
22.0,11.0,3,Laptop & Accessory,3,Married,3,0,2.0,166.51,0,6-24 Months (Regular),Moderate,Active,660.0,0.0,Low Risk (<30%),12+ Months (Loyal)
1.0,16.0,5,Mobile Phone,5,Married,5,0,3.0,169.0,1,0-6 Months (New),Moderate,Active,30.0,0.84,High Risk (>70%),0-3 Months (High Risk)
0.0,12.0,4,Mobile Phone,1,Single,2,1,0.0,129.26,1,0-6 Months (New),Moderate,Active,0.0,0.91,High Risk (>70%),0-3 Months (High Risk)
3.0,34.0,3,Laptop & Accessory,2,Divorced,2,0,9.0,157.75,0,0-6 Months (New),Far,Active,90.0,0.0,Low Risk (<30%),0-3 Months (High Risk)
20.0,14.0,4,Laptop & Accessory,3,Married,4,0,1.0,177.58,0,6-24 Months (Regular),Moderate,Active,600.0,0.04,Low Risk (<30%),12+ Months (Loyal)
2.0,7.0,4,Mobile Phone,3,Single,2,1,3.0,146.54,0,0-6 Months (New),Near,Active,60.0,0.07,Low Risk (<30%),0-3 Months (High Risk)
1.0,16.0,4,Mobile Phone,2,Single,3,1,3.0,148.23,1,0-6 Months (New),Moderate,Active,30.0,0.98,High Risk (>70%),0-3 Months (High Risk)
9.0,19.0,3,Mobile Phone,3,Married,2,0,6.0,120.96,0,6-24 Months (Regular),Moderate,Active,270.0,0.0,Low Risk (<30%),7-12 Months (Moderate)
4.0,8.0,3,Laptop & Accessory,1,Single,5,1,5.0,165.82,0,0-6 Months (New),Near,Active,120.0,0.05,Low Risk (<30%),4-6 Months (Mid-High)
10.0,6.0,4,Laptop & Accessory,2,Divorced,2,0,11.0,164.74,0,6-24 Months (Regular),Near,Active,300.0,0.0,Low Risk (<30%),7-12 Months (Moderate)
15.0,30.0,4,Fashion,3,Single,5,1,3.0,195.82,0,6-24 Months (Regular),Far,Active,450.0,0.07,Low Risk (<30%),12+ Months (Loyal)
24.0,7.0,4,Others,1,Married,5,0,7.0,320.17,0,6-24 Months (Regular),Near,Active,720.0,0.03,Low Risk (<30%),12+ Months (Loyal)
0.0,14.0,3,Mobile Phone,1,Single,2,1,2.0,123.229999999999,1,0-6 Months (New),Moderate,Active,0.0,0.87,High Risk (>70%),0-3 Months (High Risk)
17.0,32.0,5,Fashion,2,Married,7,0,1.0,259.0,0,6-24 Months (Regular),Far,Active,510.0,0.0,Low Risk (<30%),12+ Months (Loyal)
2.0,7.0,1,Laptop & Accessory,3,Single,9,1,2.0,162.94,0,0-6 Months (New),Near,Active,60.0,0.04,Low Risk (<30%),0-3 Months (High Risk)
12.0,32.0,5,Fashion,4,Divorced,5,0,2.0,245.61,0,6-24 Months (Regular),Far,Active,360.0,0.01,Low Risk (<30%),7-12 Months (Moderate)
9.0,8.0,5,Mobile Phone,5,Single,3,0,3.0,149.5,0,6-24 Months (Regular),Near,Active,270.0,0.0,Low Risk (<30%),7-12 Months (Moderate)
1.0,6.0,3,Mobile Phone,1,Married,2,0,2.0,127.06,0,0-6 Months (New),Near,Active,30.0,0.01,Low Risk (<30%),0-3 Months (High Risk)
14.0,31.0,4,Laptop & Accessory,1,Married,3,0,8.0,158.19,0,6-24 Months (Regular),Far,Active,420.0,0.0,Low Risk (<30%),12+ Months (Loyal)
12.0,27.0,5,Laptop & Accessory,3,Married,7,0,2.0,157.36,0,6-24 Months (Regular),Far,Active,360.0,0.0,Low Risk (<30%),7-12 Months (Moderate)
7.0,32.0,5,Laptop & Accessory,4,Single,3,0,3.0,168.2,0,6-24 Months (Regular),Far,Active,210.0,0.02,Low Risk (<30%),7-12 Months (Moderate)
8.0,16.0,4,Fashion,1,Married,2,0,3.0,210.0,0,6-24 Months (Regular),Moderate,Active,240.0,0.0,Low Risk (<30%),7-12 Months (Moderate)
3.0,7.0,4,Fashion,1,Married,3,0,2.0,204.18,0,0-6 Months (New),Near,Active,90.0,0.04,Low Risk (<30%),0-3 Months (High Risk)
9.0,27.0,3,Mobile Phone,1,Married,8,0,2.0,122.58,0,6-24 Months (Regular),Far,Active,270.0,0.0,Low Risk (<30%),7-12 Months (Moderate)
12.0,19.0,4,Grocery,4,Married,7,1,2.0,271.23,0,6-24 Months (Regular),Moderate,Active,360.0,0.0,Low Risk (<30%),7-12 Months (Moderate)
20.0,8.0,4,Mobile Phone,5,Single,8,0,8.0,159.23,0,6-24 Months (Regular),Near,Active,600.0,0.05,Low Risk (<30%),12+ Months (Loyal)
1.0,15.0,6,Mobile Phone,5,Divorced,3,1,8.0,146.19,1,0-6 Months (New),Moderate,Active,30.0,1.0,High Risk (>70%),0-3 Months (High Risk)
7.0,10.0,4,Mobile Phone,3,Married,3,1,1.0,154.09,0,6-24 Months (Regular),Near,Active,210.0,0.19,Low Risk (<30%),7-12 Months (Moderate)
14.0,14.0,5,Fashion,2,Single,3,0,3.0,206.5,1,6-24 Months (Regular),Moderate,Active,420.0,0.86,High Risk (>70%),12+ Months (Loyal)
11.0,21.0,4,Fashion,2,Married,1,1,3.0,215.1,0,6-24 Months (Regular),Far,Active,330.0,0.0,Low Risk (<30%),7-12 Months (Moderate)
1.0,24.0,4,Mobile Phone,4,Divorced,2,1,2.0,155.58,0,0-6 Months (New),Far,Active,30.0,0.12,Low Risk (<30%),0-3 Months (High Risk)
0.0,16.0,1,Mobile Phone,3,Single,2,0,2.0,135.05,0,0-6 Months (New),Moderate,Active,0.0,0.02,Low Risk (<30%),0-3 Months (High Risk)
11.0,20.0,4,Laptop & Accessory,1,Married,3,0,8.0,167.85,0,6-24 Months (Regular),Moderate,Active,330.0,0.0,Low Risk (<30%),7-12 Months (Moderate)
17.0,18.0,4,Fashion,3,Married,3,0,10.0,200.1,0,6-24 Months (Regular),Moderate,Active,510.0,0.03,Low Risk (<30%),12+ Months (Loyal)
1.0,13.0,5,Mobile Phone,1,Single,3,1,1.0,154.26,1,0-6 Months (New),Moderate,Active,30.0,0.66,Medium Risk (30-70%),0-3 Months (High Risk)
9.0,18.0,4,Laptop & Accessory,2,Married,3,0,3.0,174.68,0,6-24 Months (Regular),Moderate,Active,270.0,0.0,Low Risk (<30%),7-12 Months (Moderate)
9.0,32.0,4,Mobile Phone,3,Married,2,0,0.0,120.289999999999,0,6-24 Months (Regular),Far,Active,270.0,0.34,Medium Risk (30-70%),7-12 Months (Moderate)
22.0,13.0,4,Fashion,3,Single,9,0,3.0,209.649999999999,0,6-24 Months (Regular),Moderate,Active,660.0,0.0,Low Risk (<30%),12+ Months (Loyal)
11.0,13.0,4,Laptop & Accessory,1,Single,1,0,5.0,140.28,0,6-24 Months (Regular),Moderate,Active,330.0,0.0,Low Risk (<30%),7-12 Months (Moderate)
16.0,6.0,3,Laptop & Accessory,2,Divorced,5,0,2.0,155.62,0,6-24 Months (Regular),Near,Active,480.0,0.0,Low Risk (<30%),12+ Months (Loyal)
6.0,11.0,3,Laptop & Accessory,1,Married,7,0,2.0,199.98,0,0-6 Months (New),Moderate,Active,180.0,0.03,Low Risk (<30%),4-6 Months (Mid-High)
2.0,29.0,1,Mobile Phone,3,Divorced,2,0,7.0,127.0,0,0-6 Months (New),Far,Active,60.0,0.0,Low Risk (<30%),0-3 Months (High Risk)
50.0,6.0,1,Laptop & Accessory,3,Divorced,1,0,8.0,149.0,0,24+ Months (Loyal),Near,Active,1500.0,0.0,Low Risk (<30%),12+ Months (Loyal)
12.0,9.0,1,Laptop & Accessory,4,Married,10,0,6.0,163.89,0,6-24 Months (Regular),Near,Active,360.0,0.0,Low Risk (<30%),7-12 Months (Moderate)
0.0,12.0,5,Laptop & Accessory,3,Married,5,1,7.0,161.72,1,0-6 Months (New),Moderate,Active,0.0,0.99,High Risk (>70%),0-3 Months (High Risk)
1.0,8.0,5,Mobile Phone,5,Single,8,0,8.0,148.62,1,0-6 Months (New),Near,Active,30.0,0.95,High Risk (>70%),0-3 Months (High Risk)
19.0,7.0,3,Others,2,Divorced,2,0,8.0,317.02,0,6-24 Months (Regular),Near,Active,570.0,0.02,Low Risk (<30%),12+ Months (Loyal)
18.0,8.0,3,Others,5,Married,6,1,4.0,298.59,1,6-24 Months (Regular),Near,Active,540.0,0.71,High Risk (>70%),12+ Months (Loyal)
3.0,14.0,3,Mobile Phone,3,Single,2,0,4.0,126.32,0,0-6 Months (New),Moderate,Active,90.0,0.0,Low Risk (<30%),0-3 Months (High Risk)
0.0,22.0,1,Laptop & Accessory,3,Married,4,0,7.0,152.94,0,0-6 Months (New),Far,Active,0.0,0.0,Low Risk (<30%),0-3 Months (High Risk)
2.0,12.0,3,Mobile Phone,1,Married,2,0,8.0,131.31,0,0-6 Months (New),Moderate,Active,60.0,0.0,Low Risk (<30%),0-3 Months (High Risk)
20.0,9.0,4,Grocery,5,Married,10,0,10.0,295.48,0,6-24 Months (Regular),Near,Active,600.0,0.0,Low Risk (<30%),12+ Months (Loyal)
27.0,14.0,3,Grocery,3,Divorced,5,0,4.0,273.14,0,24+ Months (Loyal),Moderate,Active,810.0,0.0,Low Risk (<30%),12+ Months (Loyal)
9.0,24.0,3,Mobile Phone,1,Single,2,0,7.0,121.53,0,6-24 Months (Regular),Far,Active,270.0,0.0,Low Risk (<30%),7-12 Months (Moderate)
15.0,11.0,4,Mobile Phone,3,Married,11,1,8.0,149.61,1,6-24 Months (Regular),Moderate,Active,450.0,0.9,High Risk (>70%),12+ Months (Loyal)
8.0,9.0,5,Laptop & Accessory,5,Divorced,8,0,10.0,184.57,0,6-24 Months (Regular),Near,Active,240.0,0.0,Low Risk (<30%),7-12 Months (Moderate)
1.0,10.0,2,Mobile Phone,2,Divorced,3,0,8.0,169.2,0,0-6 Months (New),Near,Active,30.0,0.07,Low Risk (<30%),0-3 Months (High Risk)
30.0,8.0,3,Grocery,4,Married,5,0,14.0,262.91,0,24+ Months (Loyal),Near,Active,900.0,0.0,Low Risk (<30%),12+ Months (Loyal)
0.0,14.0,3,Mobile Phone,1,Married,2,1,0.0,125.15,1,0-6 Months (New),Moderate,Active,0.0,0.99,High Risk (>70%),0-3 Months (High Risk)
1.0,7.0,5,Laptop & Accessory,5,Single,3,0,8.0,167.94,0,0-6 Months (New),Near,Active,30.0,0.17,Low Risk (<30%),0-3 Months (High Risk)
5.0,13.0,3,Laptop & Accessory,1,Married,5,0,3.0,192.04,0,0-6 Months (New),Moderate,Active,150.0,0.0,Low Risk (<30%),4-6 Months (Mid-High)
9.0,30.0,3,Laptop & Accessory,4,Divorced,8,0,8.0,156.74,0,6-24 Months (Regular),Far,Active,270.0,0.0,Low Risk (<30%),7-12 Months (Moderate)
9.0,15.0,4,Fashion,1,Single,2,0,7.0,196.19,1,6-24 Months (Regular),Moderate,Active,270.0,0.65,Medium Risk (30-70%),7-12 Months (Moderate)
1.0,29.0,6,Mobile Phone,3,Married,3,0,1.0,140.55,1,0-6 Months (New),Far,Active,30.0,0.98,High Risk (>70%),0-3 Months (High Risk)
18.0,31.0,6,Mobile Phone,3,Single,4,0,5.0,162.08,0,6-24 Months (Regular),Far,Active,540.0,0.0,Low Risk (<30%),12+ Months (Loyal)
30.0,13.0,3,Grocery,5,Divorced,11,0,8.0,257.12,0,24+ Months (Loyal),Moderate,Active,900.0,0.0,Low Risk (<30%),12+ Months (Loyal)
15.0,16.0,3,Grocery,5,Married,1,0,9.0,267.99,0,6-24 Months (Regular),Moderate,Active,450.0,0.0,Low Risk (<30%),12+ Months (Loyal)
19.0,9.0,4,Laptop & Accessory,2,Single,6,0,4.0,176.6,1,6-24 Months (Regular),Near,Active,570.0,0.84,High Risk (>70%),12+ Months (Loyal)
27.0,9.0,3,Laptop & Accessory,5,Divorced,3,0,5.0,159.4,0,24+ Months (Loyal),Near,Active,810.0,0.0,Low Risk (<30%),12+ Months (Loyal)
4.0,17.0,3,Laptop & Accessory,5,Divorced,2,1,1.0,168.33,0,0-6 Months (New),Moderate,Active,120.0,0.13,Low Risk (<30%),4-6 Months (Mid-High)
9.0,8.0,3,Mobile Phone,5,Divorced,7,1,2.0,120.419999999999,1,6-24 Months (Regular),Near,Active,270.0,0.97,High Risk (>70%),7-12 Months (Moderate)
13.0,8.0,4,Laptop & Accessory,1,Married,3,1,9.0,189.72,0,6-24 Months (Regular),Near,Active,390.0,0.0,Low Risk (<30%),12+ Months (Loyal)
4.0,11.0,3,Laptop & Accessory,1,Married,2,0,2.0,154.76,0,0-6 Months (New),Moderate,Active,120.0,0.0,Low Risk (<30%),4-6 Months (Mid-High)
22.0,31.0,3,Mobile Phone,5,Married,2,0,4.0,132.11,0,6-24 Months (Regular),Far,Active,660.0,0.0,Low Risk (<30%),12+ Months (Loyal)
9.0,16.0,3,Fashion,4,Married,6,0,7.0,173.14,1,6-24 Months (Regular),Moderate,Active,270.0,0.68,Medium Risk (30-70%),7-12 Months (Moderate)
9.0,14.0,5,Mobile Phone,1,Married,3,0,2.0,151.9,0,6-24 Months (Regular),Moderate,Active,270.0,0.0,Low Risk (<30%),7-12 Months (Moderate)
23.0,6.0,3,Grocery,1,Married,10,0,3.0,273.99,0,6-24 Months (Regular),Near,Active,690.0,0.0,Low Risk (<30%),12+ Months (Loyal)
3.0,35.0,4,Mobile Phone,1,Married,6,0,8.0,150.14,0,0-6 Months (New),Far,Active,90.0,0.0,Low Risk (<30%),0-3 Months (High Risk)
8.0,14.0,4,Fashion,4,Single,2,0,12.0,244.94,0,6-24 Months (Regular),Moderate,Active,240.0,0.01,Low Risk (<30%),7-12 Months (Moderate)
4.0,12.0,4,Mobile Phone,5,Married,7,0,31.0,157.04,0,0-6 Months (New),Moderate,At Risk,120.0,0.0,Low Risk (<30%),4-6 Months (Mid-High)
0.0,7.0,3,Mobile Phone,1,Married,10,1,2.0,147.87,1,0-6 Months (New),Near,Active,0.0,0.97,High Risk (>70%),0-3 Months (High Risk)
11.0,15.0,4,Mobile Phone,4,Married,1,0,2.0,128.99,0,6-24 Months (Regular),Moderate,Active,330.0,0.0,Low Risk (<30%),7-12 Months (Moderate)
0.0,6.0,3,Mobile Phone,3,Divorced,4,0,2.0,129.09,1,0-6 Months (New),Near,Active,0.0,0.55,Medium Risk (30-70%),0-3 Months (High Risk)
10.0,18.0,5,Laptop & Accessory,4,Single,3,0,4.0,189.99,0,6-24 Months (Regular),Moderate,Active,300.0,0.0,Low Risk (<30%),7-12 Months (Moderate)
12.0,10.0,4,Mobile Phone,3,Divorced,5,0,3.0,153.21,0,6-24 Months (Regular),Near,Active,360.0,0.01,Low Risk (<30%),7-12 Months (Moderate)
28.0,8.0,4,Fashion,3,Married,9,0,3.0,230.02,0,24+ Months (Loyal),Near,Active,840.0,0.0,Low Risk (<30%),12+ Months (Loyal)
1.0,35.0,5,Laptop & Accessory,4,Married,2,0,7.0,165.49,0,0-6 Months (New),Far,Active,30.0,0.02,Low Risk (<30%),0-3 Months (High Risk)
12.0,5.0,4,Others,2,Divorced,2,0,3.0,292.72,0,6-24 Months (Regular),Near,Active,360.0,0.0,Low Risk (<30%),7-12 Months (Moderate)
11.0,7.0,4,Fashion,2,Married,4,1,3.0,261.03,0,6-24 Months (Regular),Near,Active,330.0,0.0,Low Risk (<30%),7-12 Months (Moderate)
9.0,26.0,3,Mobile Phone,3,Married,5,0,0.0,122.59,0,6-24 Months (Regular),Far,Active,270.0,0.07,Low Risk (<30%),7-12 Months (Moderate)
13.0,7.0,2,Fashion,1,Married,2,0,3.0,221.13,0,6-24 Months (Regular),Near,Active,390.0,0.0,Low Risk (<30%),12+ Months (Loyal)
13.0,14.0,3,Laptop & Accessory,1,Married,4,1,2.0,140.69,0,6-24 Months (Regular),Moderate,Active,390.0,0.03,Low Risk (<30%),12+ Months (Loyal)
1.0,14.0,3,Mobile Phone,1,Single,2,0,2.0,133.1,0,0-6 Months (New),Moderate,Active,30.0,0.0,Low Risk (<30%),0-3 Months (High Risk)
2.0,14.0,5,Laptop & Accessory,5,Married,4,0,7.0,197.15,0,0-6 Months (New),Moderate,Active,60.0,0.01,Low Risk (<30%),0-3 Months (High Risk)
3.0,12.0,4,Laptop & Accessory,2,Divorced,1,0,7.0,146.27,0,0-6 Months (New),Moderate,Active,90.0,0.0,Low Risk (<30%),0-3 Months (High Risk)
16.0,20.0,3,Grocery,5,Married,7,0,0.0,271.59,0,6-24 Months (Regular),Moderate,Active,480.0,0.0,Low Risk (<30%),12+ Months (Loyal)
8.0,9.0,2,Mobile Phone,1,Married,2,1,3.0,154.32,0,6-24 Months (Regular),Near,Active,240.0,0.1,Low Risk (<30%),7-12 Months (Moderate)
3.0,9.0,4,Mobile Phone,4,Divorced,2,0,3.0,156.8,0,0-6 Months (New),Near,Active,90.0,0.01,Low Risk (<30%),0-3 Months (High Risk)
3.0,14.0,3,Mobile Phone,4,Divorced,2,0,0.0,124.759999999999,0,0-6 Months (New),Moderate,Active,90.0,0.03,Low Risk (<30%),0-3 Months (High Risk)
15.0,29.0,4,Laptop & Accessory,2,Married,5,1,4.0,179.67,0,6-24 Months (Regular),Far,Active,450.0,0.01,Low Risk (<30%),12+ Months (Loyal)
9.0,28.0,3,Mobile Phone,3,Single,2,1,0.0,116.75,1,6-24 Months (Regular),Far,Active,270.0,0.94,High Risk (>70%),7-12 Months (Moderate)
5.0,13.0,1,Mobile Phone,4,Married,2,0,3.0,127.94,0,0-6 Months (New),Moderate,Active,150.0,0.0,Low Risk (<30%),4-6 Months (Mid-High)
7.0,11.0,4,Laptop & Accessory,4,Married,7,0,8.0,155.55,0,6-24 Months (Regular),Moderate,Active,210.0,0.0,Low Risk (<30%),7-12 Months (Moderate)
0.0,6.0,4,Laptop & Accessory,5,Single,2,0,7.0,142.94,0,0-6 Months (New),Near,Active,0.0,0.12,Low Risk (<30%),0-3 Months (High Risk)
5.0,12.0,4,Mobile Phone,1,Married,2,1,4.0,173.21,0,0-6 Months (New),Moderate,Active,150.0,0.02,Low Risk (<30%),4-6 Months (Mid-High)
1.0,12.0,3,Laptop & Accessory,5,Married,3,0,6.0,165.0,0,0-6 Months (New),Moderate,Active,30.0,0.06,Low Risk (<30%),0-3 Months (High Risk)
17.0,21.0,4,Grocery,5,Divorced,8,0,1.0,296.59,0,6-24 Months (Regular),Far,Active,510.0,0.0,Low Risk (<30%),12+ Months (Loyal)
0.0,14.0,3,Laptop & Accessory,4,Married,2,0,7.0,162.14,0,0-6 Months (New),Moderate,Active,0.0,0.02,Low Risk (<30%),0-3 Months (High Risk)
7.0,17.0,2,Fashion,3,Married,2,1,9.0,208.8,0,6-24 Months (Regular),Moderate,Active,210.0,0.0,Low Risk (<30%),7-12 Months (Moderate)
13.0,16.0,4,Others,1,Single,4,0,4.0,319.31,0,6-24 Months (Regular),Moderate,Active,390.0,0.0,Low Risk (<30%),12+ Months (Loyal)
6.0,14.0,2,Mobile Phone,4,Married,3,0,4.0,152.94,0,0-6 Months (New),Moderate,Active,180.0,0.0,Low Risk (<30%),4-6 Months (Mid-High)
7.0,14.0,1,Mobile Phone,3,Married,1,0,0.0,125.85,0,6-24 Months (Regular),Moderate,Active,210.0,0.02,Low Risk (<30%),7-12 Months (Moderate)
1.0,18.0,2,Laptop & Accessory,3,Married,2,0,4.0,165.11,0,0-6 Months (New),Moderate,Active,30.0,0.02,Low Risk (<30%),0-3 Months (High Risk)
5.0,30.0,5,Laptop & Accessory,2,Divorced,2,0,9.0,180.82,0,0-6 Months (New),Far,Active,150.0,0.0,Low Risk (<30%),4-6 Months (Mid-High)
18.0,6.0,1,Others,1,Married,1,0,7.0,292.02,0,6-24 Months (Regular),Near,Active,540.0,0.02,Low Risk (<30%),12+ Months (Loyal)
18.0,8.0,3,Laptop & Accessory,3,Married,5,0,7.0,151.54,0,6-24 Months (Regular),Near,Active,540.0,0.0,Low Risk (<30%),12+ Months (Loyal)
5.0,11.0,4,Laptop & Accessory,4,Married,4,0,5.0,158.78,0,0-6 Months (New),Moderate,Active,150.0,0.01,Low Risk (<30%),4-6 Months (Mid-High)
16.0,15.0,4,Laptop & Accessory,4,Married,2,0,3.0,193.25,0,6-24 Months (Regular),Moderate,Active,480.0,0.03,Low Risk (<30%),12+ Months (Loyal)
9.0,16.0,3,Mobile Phone,4,Married,2,0,2.0,122.97,0,6-24 Months (Regular),Moderate,Active,270.0,0.01,Low Risk (<30%),7-12 Months (Moderate)
26.0,8.0,4,Fashion,4,Married,3,0,12.0,175.25,0,24+ Months (Loyal),Near,Active,780.0,0.0,Low Risk (<30%),12+ Months (Loyal)
17.0,14.0,2,Mobile Phone,1,Married,6,0,3.0,145.89,0,6-24 Months (Regular),Moderate,Active,510.0,0.0,Low Risk (<30%),12+ Months (Loyal)
16.0,36.0,6,Laptop & Accessory,1,Single,6,0,1.0,167.72,0,6-24 Months (Regular),Far,Active,480.0,0.01,Low Risk (<30%),12+ Months (Loyal)
31.0,36.0,5,Grocery,2,Married,5,0,1.0,266.18,0,24+ Months (Loyal),Far,Active,930.0,0.0,Low Risk (<30%),12+ Months (Loyal)
4.0,35.0,4,Laptop & Accessory,1,Married,3,0,10.0,182.75,0,0-6 Months (New),Far,Active,120.0,0.0,Low Risk (<30%),4-6 Months (Mid-High)
9.0,24.0,4,Laptop & Accessory,5,Divorced,5,1,3.0,214.66,0,6-24 Months (Regular),Far,Active,270.0,0.0,Low Risk (<30%),7-12 Months (Moderate)
14.0,8.0,4,Mobile Phone,1,Married,10,0,1.0,149.06,0,6-24 Months (Regular),Near,Active,420.0,0.0,Low Risk (<30%),12+ Months (Loyal)
0.0,14.0,3,Mobile Phone,3,Married,2,0,2.0,126.1,1,0-6 Months (New),Moderate,Active,0.0,0.5312857142857143,Medium Risk (30-70%),0-3 Months (High Risk)
9.0,8.0,3,Laptop & Accessory,4,Single,10,1,12.0,154.1,0,6-24 Months (Regular),Near,Active,270.0,0.0,Low Risk (<30%),7-12 Months (Moderate)
13.0,7.0,4,Mobile Phone,3,Married,9,0,3.0,147.32,0,6-24 Months (Regular),Near,Active,390.0,0.01,Low Risk (<30%),12+ Months (Loyal)
2.0,28.0,2,Fashion,4,Married,8,0,3.0,219.959999999999,0,0-6 Months (New),Far,Active,60.0,0.17,Low Risk (<30%),0-3 Months (High Risk)
15.0,10.0,3,Laptop & Accessory,5,Single,8,0,5.0,151.55,0,6-24 Months (Regular),Near,Active,450.0,0.0,Low Risk (<30%),12+ Months (Loyal)
2.0,14.0,3,Mobile Phone,5,Divorced,8,1,2.0,124.039999999999,1,0-6 Months (New),Moderate,Active,60.0,0.68,Medium Risk (30-70%),0-3 Months (High Risk)
11.0,7.0,3,Mobile Phone,4,Married,1,1,2.0,129.91,0,6-24 Months (Regular),Near,Active,330.0,0.05,Low Risk (<30%),7-12 Months (Moderate)
9.0,32.0,5,Fashion,4,Divorced,5,0,9.0,234.029999999999,0,6-24 Months (Regular),Far,Active,270.0,0.0,Low Risk (<30%),7-12 Months (Moderate)
16.0,21.0,4,Laptop & Accessory,2,Divorced,4,0,2.0,168.04,0,6-24 Months (Regular),Far,Active,480.0,0.0,Low Risk (<30%),12+ Months (Loyal)
12.0,7.0,3,Laptop & Accessory,2,Single,2,0,9.0,201.25,0,6-24 Months (Regular),Near,Active,360.0,0.05,Low Risk (<30%),7-12 Months (Moderate)
11.0,23.0,4,Fashion,3,Divorced,1,0,9.0,188.23,0,6-24 Months (Regular),Far,Active,330.0,0.0,Low Risk (<30%),7-12 Months (Moderate)
17.0,10.0,1,Others,5,Married,2,0,13.0,291.9,0,6-24 Months (Regular),Near,Active,510.0,0.0,Low Risk (<30%),12+ Months (Loyal)
5.0,19.0,4,Mobile Phone,4,Divorced,2,0,2.0,127.43,0,0-6 Months (New),Moderate,Active,150.0,0.0,Low Risk (<30%),4-6 Months (Mid-High)
0.0,24.0,3,Mobile Phone,1,Single,2,0,0.0,126.93,1,0-6 Months (New),Far,Active,0.0,0.91,High Risk (>70%),0-3 Months (High Risk)
4.0,6.0,5,Laptop & Accessory,3,Divorced,1,0,4.0,143.45,0,0-6 Months (New),Near,Active,120.0,0.0,Low Risk (<30%),4-6 Months (Mid-High)
1.0,33.0,5,Laptop & Accessory,5,Married,1,0,0.0,148.77,0,0-6 Months (New),Far,Active,30.0,0.14,Low Risk (<30%),0-3 Months (High Risk)
12.0,8.0,4,Laptop & Accessory,3,Single,2,0,10.0,145.53,0,6-24 Months (Regular),Near,Active,360.0,0.0,Low Risk (<30%),7-12 Months (Moderate)
26.0,8.0,3,Grocery,3,Married,7,0,2.0,248.519999999999,0,24+ Months (Loyal),Near,Active,780.0,0.0,Low Risk (<30%),12+ Months (Loyal)
1.0,11.0,4,Mobile Phone,1,Single,3,1,3.0,153.75,0,0-6 Months (New),Moderate,Active,30.0,0.1,Low Risk (<30%),0-3 Months (High Risk)
4.0,26.0,1,Mobile Phone,1,Married,1,0,2.0,127.91,0,0-6 Months (New),Far,Active,120.0,0.0,Low Risk (<30%),4-6 Months (Mid-High)
14.0,26.0,4,Laptop & Accessory,2,Divorced,10,1,8.0,152.41,0,6-24 Months (Regular),Far,Active,420.0,0.01,Low Risk (<30%),12+ Months (Loyal)
15.0,8.0,4,Laptop & Accessory,1,Single,4,0,0.0,167.81,0,6-24 Months (Regular),Near,Active,450.0,0.0,Low Risk (<30%),12+ Months (Loyal)
10.0,25.0,4,Mobile Phone,2,Single,3,0,8.0,146.53,0,6-24 Months (Regular),Far,Active,300.0,0.0,Low Risk (<30%),7-12 Months (Moderate)
19.0,8.0,3,Laptop & Accessory,1,Married,3,0,4.0,173.79,0,6-24 Months (Regular),Near,Active,570.0,0.03,Low Risk (<30%),12+ Months (Loyal)
6.0,11.0,4,Fashion,1,Married,5,0,2.0,171.19,0,0-6 Months (New),Moderate,Active,180.0,0.0,Low Risk (<30%),4-6 Months (Mid-High)
14.0,18.0,3,Mobile Phone,2,Divorced,4,1,0.0,147.66,0,6-24 Months (Regular),Moderate,Active,420.0,0.22,Low Risk (<30%),12+ Months (Loyal)
25.0,15.0,5,Fashion,4,Married,7,0,8.0,249.899999999999,0,24+ Months (Loyal),Moderate,Active,750.0,0.0,Low Risk (<30%),12+ Months (Loyal)
26.0,7.0,4,Grocery,1,Married,4,0,9.0,295.99,0,24+ Months (Loyal),Near,Active,780.0,0.0,Low Risk (<30%),12+ Months (Loyal)
28.0,9.0,5,Fashion,3,Married,8,0,1.0,231.86,0,24+ Months (Loyal),Near,Active,840.0,0.0,Low Risk (<30%),12+ Months (Loyal)
8.0,7.0,2,Mobile Phone,2,Single,4,0,4.0,157.8,0,6-24 Months (Regular),Near,Active,240.0,0.0,Low Risk (<30%),7-12 Months (Moderate)
2.0,7.0,3,Laptop & Accessory,5,Married,1,0,2.0,153.73,0,0-6 Months (New),Near,Active,60.0,0.0,Low Risk (<30%),0-3 Months (High Risk)
